Edad;Sexo;Unidad;Periodo;Total
Total;Ambos sexos;Valor absoluto;2026T1;2.708,6
Total;Ambos sexos;Valor absoluto;2025T4;2.477,1
Total;Ambos sexos;Valor absoluto;2025T3;2.613,2
Total;Ambos sexos;Valor absoluto;2025T2;2.553,1
Total;Ambos sexos;Valor absoluto;2025T1;2.789,2
Total;Ambos sexos;Valor absoluto;2024T4;2.595,5
Total;Ambos sexos;Valor absoluto;2024T3;2.754,1
Total;Ambos sexos;Valor absoluto;2024T2;2.755,3
Total;Ambos sexos;Valor absoluto;2024T1;2.977,9
Total;Ambos sexos;Valor absoluto;2023T4;2.860,8
Total;Ambos sexos;Valor absoluto;2023T3;2.894,5
Total;Ambos sexos;Valor absoluto;2023T2;2.808,2
Total;Ambos sexos;Valor absoluto;2023T1;3.186,3
Total;Ambos sexos;Valor absoluto;2022T4;3.081,6
Total;Ambos sexos;Valor absoluto;2022T3;3.025,8
Total;Ambos sexos;Valor absoluto;2022T2;2.994,7
Total;Ambos sexos;Valor absoluto;2022T1;3.214,7
Total;Ambos sexos;Valor absoluto;2021T4;3.148,7
Total;Ambos sexos;Valor absoluto;2021T3;3.467,4
Total;Ambos sexos;Valor absoluto;2021T2;3.586,4
Total;Ambos sexos;Valor absoluto;2021T1;3.703,3
Total;Ambos sexos;Valor absoluto;2020T4;3.719,8
Total;Ambos sexos;Valor absoluto;2020T3;3.722,9
Total;Ambos sexos;Valor absoluto;2020T2;3.368
Total;Ambos sexos;Valor absoluto;2020T1;3.313
Total;Ambos sexos;Valor absoluto;2019T4;3.191,9
Total;Ambos sexos;Valor absoluto;2019T3;3.214,4
Total;Ambos sexos;Valor absoluto;2019T2;3.230,6
Total;Ambos sexos;Valor absoluto;2019T1;3.354,2
Total;Ambos sexos;Valor absoluto;2018T4;3.304,3
Total;Ambos sexos;Valor absoluto;2018T3;3.326
Total;Ambos sexos;Valor absoluto;2018T2;3.490,1
Total;Ambos sexos;Valor absoluto;2018T1;3.796,1
Total;Ambos sexos;Valor absoluto;2017T4;3.766,7
Total;Ambos sexos;Valor absoluto;2017T3;3.731,7
Total;Ambos sexos;Valor absoluto;2017T2;3.914,3
Total;Ambos sexos;Valor absoluto;2017T1;4.255
Total;Ambos sexos;Valor absoluto;2016T4;4.237,8
Total;Ambos sexos;Valor absoluto;2016T3;4.320,8
Total;Ambos sexos;Valor absoluto;2016T2;4.574,7
Total;Ambos sexos;Valor absoluto;2016T1;4.791,4
Total;Ambos sexos;Valor absoluto;2015T4;4.779,5
Total;Ambos sexos;Valor absoluto;2015T3;4.850,8
Total;Ambos sexos;Valor absoluto;2015T2;5.149
Total;Ambos sexos;Valor absoluto;2015T1;5.444,6
Total;Ambos sexos;Valor absoluto;2014T4;5.457,7
Total;Ambos sexos;Valor absoluto;2014T3;5.427,7
Total;Ambos sexos;Valor absoluto;2014T2;5.622,9
Total;Ambos sexos;Valor absoluto;2014T1;5.933,3
Total;Ambos sexos;Valor absoluto;2013T4;5.935,6
Total;Ambos sexos;Valor absoluto;2013T3;5.943,4
Total;Ambos sexos;Valor absoluto;2013T2;6.047,3
Total;Ambos sexos;Valor absoluto;2013T1;6.278,2
Total;Ambos sexos;Valor absoluto;2012T4;6.021
Total;Ambos sexos;Valor absoluto;2012T3;5.824,2
Total;Ambos sexos;Valor absoluto;2012T2;5.731
Total;Ambos sexos;Valor absoluto;2012T1;5.667,9
Total;Ambos sexos;Valor absoluto;2011T4;5.287,3
Total;Ambos sexos;Valor absoluto;2011T3;4.998
Total;Ambos sexos;Valor absoluto;2011T2;4.844,2
Total;Ambos sexos;Valor absoluto;2011T1;4.921,2
Total;Ambos sexos;Valor absoluto;2010T4;4.702,2
Total;Ambos sexos;Valor absoluto;2010T3;4.585,4
Total;Ambos sexos;Valor absoluto;2010T2;4.655,3
Total;Ambos sexos;Valor absoluto;2010T1;4.617,7
Total;Ambos sexos;Valor absoluto;2009T4;4.335
Total;Ambos sexos;Valor absoluto;2009T3;4.121,4
Total;Ambos sexos;Valor absoluto;2009T2;4.139,6
Total;Ambos sexos;Valor absoluto;2009T1;4.018,2
Total;Ambos sexos;Valor absoluto;2008T4;3.206,8
Total;Ambos sexos;Valor absoluto;2008T3;2.600,7
Total;Ambos sexos;Valor absoluto;2008T2;2.385,7
Total;Ambos sexos;Valor absoluto;2008T1;2.190,5
Total;Ambos sexos;Valor absoluto;2007T4;1.942
Total;Ambos sexos;Valor absoluto;2007T3;1.806,2
Total;Ambos sexos;Valor absoluto;2007T2;1.773,2
Total;Ambos sexos;Valor absoluto;2007T1;1.863,2
Total;Ambos sexos;Valor absoluto;2006T4;1.819,4
Total;Ambos sexos;Valor absoluto;2006T3;1.766,9
Total;Ambos sexos;Valor absoluto;2006T2;1.834,4
Total;Ambos sexos;Valor absoluto;2006T1;1.942,8
Total;Ambos sexos;Valor absoluto;2005T4;1.860,3
Total;Ambos sexos;Valor absoluto;2005T3;1.783,5
Total;Ambos sexos;Valor absoluto;2005T2;1.969,1
Total;Ambos sexos;Valor absoluto;2005T1;2.121,3
Total;Ambos sexos;Valor absoluto;2004T4;2.176,9
Total;Ambos sexos;Valor absoluto;2004T3;2.199,8
Total;Ambos sexos;Valor absoluto;2004T2;2.247,6
Total;Ambos sexos;Valor absoluto;2004T1;2.309,8
Total;Ambos sexos;Valor absoluto;2003T4;2.276,7
Total;Ambos sexos;Valor absoluto;2003T3;2.247,5
Total;Ambos sexos;Valor absoluto;2003T2;2.216
Total;Ambos sexos;Valor absoluto;2003T1;2.328,5
Total;Ambos sexos;Valor absoluto;2002T4;2.232,4
Total;Ambos sexos;Valor absoluto;2002T3;2.196
Total;Ambos sexos;Valor absoluto;2002T2;2.103,3
Total;Ambos sexos;Valor absoluto;2002T1;2.152,8
Total;Ambos sexos;Porcentaje;2026T1;100
Total;Ambos sexos;Porcentaje;2025T4;100
Total;Ambos sexos;Porcentaje;2025T3;100
Total;Ambos sexos;Porcentaje;2025T2;100
Total;Ambos sexos;Porcentaje;2025T1;100
Total;Ambos sexos;Porcentaje;2024T4;100
Total;Ambos sexos;Porcentaje;2024T3;100
Total;Ambos sexos;Porcentaje;2024T2;100
Total;Ambos sexos;Porcentaje;2024T1;100
Total;Ambos sexos;Porcentaje;2023T4;100
Total;Ambos sexos;Porcentaje;2023T3;100
Total;Ambos sexos;Porcentaje;2023T2;100
Total;Ambos sexos;Porcentaje;2023T1;100
Total;Ambos sexos;Porcentaje;2022T4;100
Total;Ambos sexos;Porcentaje;2022T3;100
Total;Ambos sexos;Porcentaje;2022T2;100
Total;Ambos sexos;Porcentaje;2022T1;100
Total;Ambos sexos;Porcentaje;2021T4;100
Total;Ambos sexos;Porcentaje;2021T3;100
Total;Ambos sexos;Porcentaje;2021T2;100
Total;Ambos sexos;Porcentaje;2021T1;100
Total;Ambos sexos;Porcentaje;2020T4;100
Total;Ambos sexos;Porcentaje;2020T3;100
Total;Ambos sexos;Porcentaje;2020T2;100
Total;Ambos sexos;Porcentaje;2020T1;100
Total;Ambos sexos;Porcentaje;2019T4;100
Total;Ambos sexos;Porcentaje;2019T3;100
Total;Ambos sexos;Porcentaje;2019T2;100
Total;Ambos sexos;Porcentaje;2019T1;100
Total;Ambos sexos;Porcentaje;2018T4;100
Total;Ambos sexos;Porcentaje;2018T3;100
Total;Ambos sexos;Porcentaje;2018T2;100
Total;Ambos sexos;Porcentaje;2018T1;100
Total;Ambos sexos;Porcentaje;2017T4;100
Total;Ambos sexos;Porcentaje;2017T3;100
Total;Ambos sexos;Porcentaje;2017T2;100
Total;Ambos sexos;Porcentaje;2017T1;100
Total;Ambos sexos;Porcentaje;2016T4;100
Total;Ambos sexos;Porcentaje;2016T3;100
Total;Ambos sexos;Porcentaje;2016T2;100
Total;Ambos sexos;Porcentaje;2016T1;100
Total;Ambos sexos;Porcentaje;2015T4;100
Total;Ambos sexos;Porcentaje;2015T3;100
Total;Ambos sexos;Porcentaje;2015T2;100
Total;Ambos sexos;Porcentaje;2015T1;100
Total;Ambos sexos;Porcentaje;2014T4;100
Total;Ambos sexos;Porcentaje;2014T3;100
Total;Ambos sexos;Porcentaje;2014T2;100
Total;Ambos sexos;Porcentaje;2014T1;100
Total;Ambos sexos;Porcentaje;2013T4;100
Total;Ambos sexos;Porcentaje;2013T3;100
Total;Ambos sexos;Porcentaje;2013T2;100
Total;Ambos sexos;Porcentaje;2013T1;100
Total;Ambos sexos;Porcentaje;2012T4;100
Total;Ambos sexos;Porcentaje;2012T3;100
Total;Ambos sexos;Porcentaje;2012T2;100
Total;Ambos sexos;Porcentaje;2012T1;100
Total;Ambos sexos;Porcentaje;2011T4;100
Total;Ambos sexos;Porcentaje;2011T3;100
Total;Ambos sexos;Porcentaje;2011T2;100
Total;Ambos sexos;Porcentaje;2011T1;100
Total;Ambos sexos;Porcentaje;2010T4;100
Total;Ambos sexos;Porcentaje;2010T3;100
Total;Ambos sexos;Porcentaje;2010T2;100
Total;Ambos sexos;Porcentaje;2010T1;100
Total;Ambos sexos;Porcentaje;2009T4;100
Total;Ambos sexos;Porcentaje;2009T3;100
Total;Ambos sexos;Porcentaje;2009T2;100
Total;Ambos sexos;Porcentaje;2009T1;100
Total;Ambos sexos;Porcentaje;2008T4;100
Total;Ambos sexos;Porcentaje;2008T3;100
Total;Ambos sexos;Porcentaje;2008T2;100
Total;Ambos sexos;Porcentaje;2008T1;100
Total;Ambos sexos;Porcentaje;2007T4;100
Total;Ambos sexos;Porcentaje;2007T3;100
Total;Ambos sexos;Porcentaje;2007T2;100
Total;Ambos sexos;Porcentaje;2007T1;100
Total;Ambos sexos;Porcentaje;2006T4;100
Total;Ambos sexos;Porcentaje;2006T3;100
Total;Ambos sexos;Porcentaje;2006T2;100
Total;Ambos sexos;Porcentaje;2006T1;100
Total;Ambos sexos;Porcentaje;2005T4;100
Total;Ambos sexos;Porcentaje;2005T3;100
Total;Ambos sexos;Porcentaje;2005T2;100
Total;Ambos sexos;Porcentaje;2005T1;100
Total;Ambos sexos;Porcentaje;2004T4;100
Total;Ambos sexos;Porcentaje;2004T3;100
Total;Ambos sexos;Porcentaje;2004T2;100
Total;Ambos sexos;Porcentaje;2004T1;100
Total;Ambos sexos;Porcentaje;2003T4;100
Total;Ambos sexos;Porcentaje;2003T3;100
Total;Ambos sexos;Porcentaje;2003T2;100
Total;Ambos sexos;Porcentaje;2003T1;100
Total;Ambos sexos;Porcentaje;2002T4;100
Total;Ambos sexos;Porcentaje;2002T3;100
Total;Ambos sexos;Porcentaje;2002T2;100
Total;Ambos sexos;Porcentaje;2002T1;100
Total;Hombres;Valor absoluto;2026T1;1.247,9
Total;Hombres;Valor absoluto;2025T4;1.153,3
Total;Hombres;Valor absoluto;2025T3;1.180,4
Total;Hombres;Valor absoluto;2025T2;1.203
Total;Hombres;Valor absoluto;2025T1;1.310
Total;Hombres;Valor absoluto;2024T4;1.232,9
Total;Hombres;Valor absoluto;2024T3;1.303,6
Total;Hombres;Valor absoluto;2024T2;1.299,5
Total;Hombres;Valor absoluto;2024T1;1.408,7
Total;Hombres;Valor absoluto;2023T4;1.331,1
Total;Hombres;Valor absoluto;2023T3;1.328,1
Total;Hombres;Valor absoluto;2023T2;1.307
Total;Hombres;Valor absoluto;2023T1;1.466,3
Total;Hombres;Valor absoluto;2022T4;1.438,7
Total;Hombres;Valor absoluto;2022T3;1.368,2
Total;Hombres;Valor absoluto;2022T2;1.398,9
Total;Hombres;Valor absoluto;2022T1;1.511,3
Total;Hombres;Valor absoluto;2021T4;1.480,1
Total;Hombres;Valor absoluto;2021T3;1.647,5
Total;Hombres;Valor absoluto;2021T2;1.675,9
Total;Hombres;Valor absoluto;2021T1;1.734,7
Total;Hombres;Valor absoluto;2020T4;1.728,4
Total;Hombres;Valor absoluto;2020T3;1.757,4
Total;Hombres;Valor absoluto;2020T2;1.667,1
Total;Hombres;Valor absoluto;2020T1;1.564,2
Total;Hombres;Valor absoluto;2019T4;1.506,1
Total;Hombres;Valor absoluto;2019T3;1.500,5
Total;Hombres;Valor absoluto;2019T2;1.534,1
Total;Hombres;Valor absoluto;2019T1;1.570,5
Total;Hombres;Valor absoluto;2018T4;1.574,1
Total;Hombres;Valor absoluto;2018T3;1.609,6
Total;Hombres;Valor absoluto;2018T2;1.673,9
Total;Hombres;Valor absoluto;2018T1;1.840,7
Total;Hombres;Valor absoluto;2017T4;1.820,6
Total;Hombres;Valor absoluto;2017T3;1.810,7
Total;Hombres;Valor absoluto;2017T2;1.901,4
Total;Hombres;Valor absoluto;2017T1;2.090,6
Total;Hombres;Valor absoluto;2016T4;2.095,1
Total;Hombres;Valor absoluto;2016T3;2.129,4
Total;Hombres;Valor absoluto;2016T2;2.249,6
Total;Hombres;Valor absoluto;2016T1;2.378
Total;Hombres;Valor absoluto;2015T4;2.387,6
Total;Hombres;Valor absoluto;2015T3;2.458,8
Total;Hombres;Valor absoluto;2015T2;2.588,5
Total;Hombres;Valor absoluto;2015T1;2.802,3
Total;Hombres;Valor absoluto;2014T4;2.823,7
Total;Hombres;Valor absoluto;2014T3;2.793,5
Total;Hombres;Valor absoluto;2014T2;2.932,2
Total;Hombres;Valor absoluto;2014T1;3.116,6
Total;Hombres;Valor absoluto;2013T4;3.108,8
Total;Hombres;Valor absoluto;2013T3;3.160,8
Total;Hombres;Valor absoluto;2013T2;3.194,4
Total;Hombres;Valor absoluto;2013T1;3.358,4
Total;Hombres;Valor absoluto;2012T4;3.212
Total;Hombres;Valor absoluto;2012T3;3.136,6
Total;Hombres;Valor absoluto;2012T2;3.124,5
Total;Hombres;Valor absoluto;2012T1;3.052,5
Total;Hombres;Valor absoluto;2011T4;2.857,7
Total;Hombres;Valor absoluto;2011T3;2.696,2
Total;Hombres;Valor absoluto;2011T2;2.624,5
Total;Hombres;Valor absoluto;2011T1;2.645,2
Total;Hombres;Valor absoluto;2010T4;2.552,5
Total;Hombres;Valor absoluto;2010T3;2.485,2
Total;Hombres;Valor absoluto;2010T2;2.545,8
Total;Hombres;Valor absoluto;2010T1;2.559,4
Total;Hombres;Valor absoluto;2009T4;2.403,8
Total;Hombres;Valor absoluto;2009T3;2.290,5
Total;Hombres;Valor absoluto;2009T2;2.296,1
Total;Hombres;Valor absoluto;2009T1;2.207,9
Total;Hombres;Valor absoluto;2008T4;1.699,6
Total;Hombres;Valor absoluto;2008T3;1.357,8
Total;Hombres;Valor absoluto;2008T2;1.190,8
Total;Hombres;Valor absoluto;2008T1;1.030,3
Total;Hombres;Valor absoluto;2007T4;894,4
Total;Hombres;Valor absoluto;2007T3;811,6
Total;Hombres;Valor absoluto;2007T2;792,5
Total;Hombres;Valor absoluto;2007T1;807,3
Total;Hombres;Valor absoluto;2006T4;775,7
Total;Hombres;Valor absoluto;2006T3;767,7
Total;Hombres;Valor absoluto;2006T2;802,4
Total;Hombres;Valor absoluto;2006T1;856,6
Total;Hombres;Valor absoluto;2005T4;838,3
Total;Hombres;Valor absoluto;2005T3;815,8
Total;Hombres;Valor absoluto;2005T2;915,1
Total;Hombres;Valor absoluto;2005T1;958,7
Total;Hombres;Valor absoluto;2004T4;947,9
Total;Hombres;Valor absoluto;2004T3;989,1
Total;Hombres;Valor absoluto;2004T2;992,4
Total;Hombres;Valor absoluto;2004T1;1.027,3
Total;Hombres;Valor absoluto;2003T4;1.014,4
Total;Hombres;Valor absoluto;2003T3;989,8
Total;Hombres;Valor absoluto;2003T2;964,8
Total;Hombres;Valor absoluto;2003T1;1.011,9
Total;Hombres;Valor absoluto;2002T4;992
Total;Hombres;Valor absoluto;2002T3;953,3
Total;Hombres;Valor absoluto;2002T2;887,1
Total;Hombres;Valor absoluto;2002T1;936,1
Total;Hombres;Porcentaje;2026T1;100
Total;Hombres;Porcentaje;2025T4;100
Total;Hombres;Porcentaje;2025T3;100
Total;Hombres;Porcentaje;2025T2;100
Total;Hombres;Porcentaje;2025T1;100
Total;Hombres;Porcentaje;2024T4;100
Total;Hombres;Porcentaje;2024T3;100
Total;Hombres;Porcentaje;2024T2;100
Total;Hombres;Porcentaje;2024T1;100
Total;Hombres;Porcentaje;2023T4;100
Total;Hombres;Porcentaje;2023T3;100
Total;Hombres;Porcentaje;2023T2;100
Total;Hombres;Porcentaje;2023T1;100
Total;Hombres;Porcentaje;2022T4;100
Total;Hombres;Porcentaje;2022T3;100
Total;Hombres;Porcentaje;2022T2;100
Total;Hombres;Porcentaje;2022T1;100
Total;Hombres;Porcentaje;2021T4;100
Total;Hombres;Porcentaje;2021T3;100
Total;Hombres;Porcentaje;2021T2;100
Total;Hombres;Porcentaje;2021T1;100
Total;Hombres;Porcentaje;2020T4;100
Total;Hombres;Porcentaje;2020T3;100
Total;Hombres;Porcentaje;2020T2;100
Total;Hombres;Porcentaje;2020T1;100
Total;Hombres;Porcentaje;2019T4;100
Total;Hombres;Porcentaje;2019T3;100
Total;Hombres;Porcentaje;2019T2;100
Total;Hombres;Porcentaje;2019T1;100
Total;Hombres;Porcentaje;2018T4;100
Total;Hombres;Porcentaje;2018T3;100
Total;Hombres;Porcentaje;2018T2;100
Total;Hombres;Porcentaje;2018T1;100
Total;Hombres;Porcentaje;2017T4;100
Total;Hombres;Porcentaje;2017T3;100
Total;Hombres;Porcentaje;2017T2;100
Total;Hombres;Porcentaje;2017T1;100
Total;Hombres;Porcentaje;2016T4;100
Total;Hombres;Porcentaje;2016T3;100
Total;Hombres;Porcentaje;2016T2;100
Total;Hombres;Porcentaje;2016T1;100
Total;Hombres;Porcentaje;2015T4;100
Total;Hombres;Porcentaje;2015T3;100
Total;Hombres;Porcentaje;2015T2;100
Total;Hombres;Porcentaje;2015T1;100
Total;Hombres;Porcentaje;2014T4;100
Total;Hombres;Porcentaje;2014T3;100
Total;Hombres;Porcentaje;2014T2;100
Total;Hombres;Porcentaje;2014T1;100
Total;Hombres;Porcentaje;2013T4;100
Total;Hombres;Porcentaje;2013T3;100
Total;Hombres;Porcentaje;2013T2;100
Total;Hombres;Porcentaje;2013T1;100
Total;Hombres;Porcentaje;2012T4;100
Total;Hombres;Porcentaje;2012T3;100
Total;Hombres;Porcentaje;2012T2;100
Total;Hombres;Porcentaje;2012T1;100
Total;Hombres;Porcentaje;2011T4;100
Total;Hombres;Porcentaje;2011T3;100
Total;Hombres;Porcentaje;2011T2;100
Total;Hombres;Porcentaje;2011T1;100
Total;Hombres;Porcentaje;2010T4;100
Total;Hombres;Porcentaje;2010T3;100
Total;Hombres;Porcentaje;2010T2;100
Total;Hombres;Porcentaje;2010T1;100
Total;Hombres;Porcentaje;2009T4;100
Total;Hombres;Porcentaje;2009T3;100
Total;Hombres;Porcentaje;2009T2;100
Total;Hombres;Porcentaje;2009T1;100
Total;Hombres;Porcentaje;2008T4;100
Total;Hombres;Porcentaje;2008T3;100
Total;Hombres;Porcentaje;2008T2;100
Total;Hombres;Porcentaje;2008T1;100
Total;Hombres;Porcentaje;2007T4;100
Total;Hombres;Porcentaje;2007T3;100
Total;Hombres;Porcentaje;2007T2;100
Total;Hombres;Porcentaje;2007T1;100
Total;Hombres;Porcentaje;2006T4;100
Total;Hombres;Porcentaje;2006T3;100
Total;Hombres;Porcentaje;2006T2;100
Total;Hombres;Porcentaje;2006T1;100
Total;Hombres;Porcentaje;2005T4;100
Total;Hombres;Porcentaje;2005T3;100
Total;Hombres;Porcentaje;2005T2;100
Total;Hombres;Porcentaje;2005T1;100
Total;Hombres;Porcentaje;2004T4;100
Total;Hombres;Porcentaje;2004T3;100
Total;Hombres;Porcentaje;2004T2;100
Total;Hombres;Porcentaje;2004T1;100
Total;Hombres;Porcentaje;2003T4;100
Total;Hombres;Porcentaje;2003T3;100
Total;Hombres;Porcentaje;2003T2;100
Total;Hombres;Porcentaje;2003T1;100
Total;Hombres;Porcentaje;2002T4;100
Total;Hombres;Porcentaje;2002T3;100
Total;Hombres;Porcentaje;2002T2;100
Total;Hombres;Porcentaje;2002T1;100
Total;Mujeres;Valor absoluto;2026T1;1.460,7
Total;Mujeres;Valor absoluto;2025T4;1.323,8
Total;Mujeres;Valor absoluto;2025T3;1.432,8
Total;Mujeres;Valor absoluto;2025T2;1.350
Total;Mujeres;Valor absoluto;2025T1;1.479,1
Total;Mujeres;Valor absoluto;2024T4;1.362,6
Total;Mujeres;Valor absoluto;2024T3;1.450,5
Total;Mujeres;Valor absoluto;2024T2;1.455,8
Total;Mujeres;Valor absoluto;2024T1;1.569,2
Total;Mujeres;Valor absoluto;2023T4;1.529,7
Total;Mujeres;Valor absoluto;2023T3;1.566,5
Total;Mujeres;Valor absoluto;2023T2;1.501,2
Total;Mujeres;Valor absoluto;2023T1;1.720
Total;Mujeres;Valor absoluto;2022T4;1.642,9
Total;Mujeres;Valor absoluto;2022T3;1.657,6
Total;Mujeres;Valor absoluto;2022T2;1.595,8
Total;Mujeres;Valor absoluto;2022T1;1.703,3
Total;Mujeres;Valor absoluto;2021T4;1.668,6
Total;Mujeres;Valor absoluto;2021T3;1.819,8
Total;Mujeres;Valor absoluto;2021T2;1.910,4
Total;Mujeres;Valor absoluto;2021T1;1.968,6
Total;Mujeres;Valor absoluto;2020T4;1.991,4
Total;Mujeres;Valor absoluto;2020T3;1.965,5
Total;Mujeres;Valor absoluto;2020T2;1.700,9
Total;Mujeres;Valor absoluto;2020T1;1.748,8
Total;Mujeres;Valor absoluto;2019T4;1.685,8
Total;Mujeres;Valor absoluto;2019T3;1.713,9
Total;Mujeres;Valor absoluto;2019T2;1.696,5
Total;Mujeres;Valor absoluto;2019T1;1.783,8
Total;Mujeres;Valor absoluto;2018T4;1.730,2
Total;Mujeres;Valor absoluto;2018T3;1.716,4
Total;Mujeres;Valor absoluto;2018T2;1.816,2
Total;Mujeres;Valor absoluto;2018T1;1.955,4
Total;Mujeres;Valor absoluto;2017T4;1.946
Total;Mujeres;Valor absoluto;2017T3;1.921,1
Total;Mujeres;Valor absoluto;2017T2;2.012,9
Total;Mujeres;Valor absoluto;2017T1;2.164,5
Total;Mujeres;Valor absoluto;2016T4;2.142,7
Total;Mujeres;Valor absoluto;2016T3;2.191,4
Total;Mujeres;Valor absoluto;2016T2;2.325,1
Total;Mujeres;Valor absoluto;2016T1;2.413,5
Total;Mujeres;Valor absoluto;2015T4;2.391,9
Total;Mujeres;Valor absoluto;2015T3;2.392
Total;Mujeres;Valor absoluto;2015T2;2.560,5
Total;Mujeres;Valor absoluto;2015T1;2.642,4
Total;Mujeres;Valor absoluto;2014T4;2.634
Total;Mujeres;Valor absoluto;2014T3;2.634,2
Total;Mujeres;Valor absoluto;2014T2;2.690,7
Total;Mujeres;Valor absoluto;2014T1;2.816,7
Total;Mujeres;Valor absoluto;2013T4;2.826,8
Total;Mujeres;Valor absoluto;2013T3;2.782,6
Total;Mujeres;Valor absoluto;2013T2;2.852,9
Total;Mujeres;Valor absoluto;2013T1;2.919,9
Total;Mujeres;Valor absoluto;2012T4;2.809
Total;Mujeres;Valor absoluto;2012T3;2.687,6
Total;Mujeres;Valor absoluto;2012T2;2.606,5
Total;Mujeres;Valor absoluto;2012T1;2.615,4
Total;Mujeres;Valor absoluto;2011T4;2.429,6
Total;Mujeres;Valor absoluto;2011T3;2.301,8
Total;Mujeres;Valor absoluto;2011T2;2.219,7
Total;Mujeres;Valor absoluto;2011T1;2.276
Total;Mujeres;Valor absoluto;2010T4;2.149,7
Total;Mujeres;Valor absoluto;2010T3;2.100,1
Total;Mujeres;Valor absoluto;2010T2;2.109,5
Total;Mujeres;Valor absoluto;2010T1;2.058,3
Total;Mujeres;Valor absoluto;2009T4;1.931,2
Total;Mujeres;Valor absoluto;2009T3;1.830,9
Total;Mujeres;Valor absoluto;2009T2;1.843,5
Total;Mujeres;Valor absoluto;2009T1;1.810,3
Total;Mujeres;Valor absoluto;2008T4;1.507,2
Total;Mujeres;Valor absoluto;2008T3;1.242,9
Total;Mujeres;Valor absoluto;2008T2;1.194,9
Total;Mujeres;Valor absoluto;2008T1;1.160,1
Total;Mujeres;Valor absoluto;2007T4;1.047,6
Total;Mujeres;Valor absoluto;2007T3;994,6
Total;Mujeres;Valor absoluto;2007T2;980,7
Total;Mujeres;Valor absoluto;2007T1;1.055,9
Total;Mujeres;Valor absoluto;2006T4;1.043,8
Total;Mujeres;Valor absoluto;2006T3;999,2
Total;Mujeres;Valor absoluto;2006T2;1.032,1
Total;Mujeres;Valor absoluto;2006T1;1.086,3
Total;Mujeres;Valor absoluto;2005T4;1.022
Total;Mujeres;Valor absoluto;2005T3;967,7
Total;Mujeres;Valor absoluto;2005T2;1.054
Total;Mujeres;Valor absoluto;2005T1;1.162,7
Total;Mujeres;Valor absoluto;2004T4;1.228,9
Total;Mujeres;Valor absoluto;2004T3;1.210,7
Total;Mujeres;Valor absoluto;2004T2;1.255,2
Total;Mujeres;Valor absoluto;2004T1;1.282,5
Total;Mujeres;Valor absoluto;2003T4;1.262,2
Total;Mujeres;Valor absoluto;2003T3;1.257,6
Total;Mujeres;Valor absoluto;2003T2;1.251,2
Total;Mujeres;Valor absoluto;2003T1;1.316,6
Total;Mujeres;Valor absoluto;2002T4;1.240,5
Total;Mujeres;Valor absoluto;2002T3;1.242,7
Total;Mujeres;Valor absoluto;2002T2;1.216,2
Total;Mujeres;Valor absoluto;2002T1;1.216,7
Total;Mujeres;Porcentaje;2026T1;100
Total;Mujeres;Porcentaje;2025T4;100
Total;Mujeres;Porcentaje;2025T3;100
Total;Mujeres;Porcentaje;2025T2;100
Total;Mujeres;Porcentaje;2025T1;100
Total;Mujeres;Porcentaje;2024T4;100
Total;Mujeres;Porcentaje;2024T3;100
Total;Mujeres;Porcentaje;2024T2;100
Total;Mujeres;Porcentaje;2024T1;100
Total;Mujeres;Porcentaje;2023T4;100
Total;Mujeres;Porcentaje;2023T3;100
Total;Mujeres;Porcentaje;2023T2;100
Total;Mujeres;Porcentaje;2023T1;100
Total;Mujeres;Porcentaje;2022T4;100
Total;Mujeres;Porcentaje;2022T3;100
Total;Mujeres;Porcentaje;2022T2;100
Total;Mujeres;Porcentaje;2022T1;100
Total;Mujeres;Porcentaje;2021T4;100
Total;Mujeres;Porcentaje;2021T3;100
Total;Mujeres;Porcentaje;2021T2;100
Total;Mujeres;Porcentaje;2021T1;100
Total;Mujeres;Porcentaje;2020T4;100
Total;Mujeres;Porcentaje;2020T3;100
Total;Mujeres;Porcentaje;2020T2;100
Total;Mujeres;Porcentaje;2020T1;100
Total;Mujeres;Porcentaje;2019T4;100
Total;Mujeres;Porcentaje;2019T3;100
Total;Mujeres;Porcentaje;2019T2;100
Total;Mujeres;Porcentaje;2019T1;100
Total;Mujeres;Porcentaje;2018T4;100
Total;Mujeres;Porcentaje;2018T3;100
Total;Mujeres;Porcentaje;2018T2;100
Total;Mujeres;Porcentaje;2018T1;100
Total;Mujeres;Porcentaje;2017T4;100
Total;Mujeres;Porcentaje;2017T3;100
Total;Mujeres;Porcentaje;2017T2;100
Total;Mujeres;Porcentaje;2017T1;100
Total;Mujeres;Porcentaje;2016T4;100
Total;Mujeres;Porcentaje;2016T3;100
Total;Mujeres;Porcentaje;2016T2;100
Total;Mujeres;Porcentaje;2016T1;100
Total;Mujeres;Porcentaje;2015T4;100
Total;Mujeres;Porcentaje;2015T3;100
Total;Mujeres;Porcentaje;2015T2;100
Total;Mujeres;Porcentaje;2015T1;100
Total;Mujeres;Porcentaje;2014T4;100
Total;Mujeres;Porcentaje;2014T3;100
Total;Mujeres;Porcentaje;2014T2;100
Total;Mujeres;Porcentaje;2014T1;100
Total;Mujeres;Porcentaje;2013T4;100
Total;Mujeres;Porcentaje;2013T3;100
Total;Mujeres;Porcentaje;2013T2;100
Total;Mujeres;Porcentaje;2013T1;100
Total;Mujeres;Porcentaje;2012T4;100
Total;Mujeres;Porcentaje;2012T3;100
Total;Mujeres;Porcentaje;2012T2;100
Total;Mujeres;Porcentaje;2012T1;100
Total;Mujeres;Porcentaje;2011T4;100
Total;Mujeres;Porcentaje;2011T3;100
Total;Mujeres;Porcentaje;2011T2;100
Total;Mujeres;Porcentaje;2011T1;100
Total;Mujeres;Porcentaje;2010T4;100
Total;Mujeres;Porcentaje;2010T3;100
Total;Mujeres;Porcentaje;2010T2;100
Total;Mujeres;Porcentaje;2010T1;100
Total;Mujeres;Porcentaje;2009T4;100
Total;Mujeres;Porcentaje;2009T3;100
Total;Mujeres;Porcentaje;2009T2;100
Total;Mujeres;Porcentaje;2009T1;100
Total;Mujeres;Porcentaje;2008T4;100
Total;Mujeres;Porcentaje;2008T3;100
Total;Mujeres;Porcentaje;2008T2;100
Total;Mujeres;Porcentaje;2008T1;100
Total;Mujeres;Porcentaje;2007T4;100
Total;Mujeres;Porcentaje;2007T3;100
Total;Mujeres;Porcentaje;2007T2;100
Total;Mujeres;Porcentaje;2007T1;100
Total;Mujeres;Porcentaje;2006T4;100
Total;Mujeres;Porcentaje;2006T3;100
Total;Mujeres;Porcentaje;2006T2;100
Total;Mujeres;Porcentaje;2006T1;100
Total;Mujeres;Porcentaje;2005T4;100
Total;Mujeres;Porcentaje;2005T3;100
Total;Mujeres;Porcentaje;2005T2;100
Total;Mujeres;Porcentaje;2005T1;100
Total;Mujeres;Porcentaje;2004T4;100
Total;Mujeres;Porcentaje;2004T3;100
Total;Mujeres;Porcentaje;2004T2;100
Total;Mujeres;Porcentaje;2004T1;100
Total;Mujeres;Porcentaje;2003T4;100
Total;Mujeres;Porcentaje;2003T3;100
Total;Mujeres;Porcentaje;2003T2;100
Total;Mujeres;Porcentaje;2003T1;100
Total;Mujeres;Porcentaje;2002T4;100
Total;Mujeres;Porcentaje;2002T3;100
Total;Mujeres;Porcentaje;2002T2;100
Total;Mujeres;Porcentaje;2002T1;100
De 16 a 19 años;Ambos sexos;Valor absoluto;2026T1;111,9
De 16 a 19 años;Ambos sexos;Valor absoluto;2025T4;76,7
De 16 a 19 años;Ambos sexos;Valor absoluto;2025T3;139,2
De 16 a 19 años;Ambos sexos;Valor absoluto;2025T2;127,6
De 16 a 19 años;Ambos sexos;Valor absoluto;2025T1;104,3
De 16 a 19 años;Ambos sexos;Valor absoluto;2024T4;116,3
De 16 a 19 años;Ambos sexos;Valor absoluto;2024T3;149,1
De 16 a 19 años;Ambos sexos;Valor absoluto;2024T2;148,4
De 16 a 19 años;Ambos sexos;Valor absoluto;2024T1;116,3
De 16 a 19 años;Ambos sexos;Valor absoluto;2023T4;118,1
De 16 a 19 años;Ambos sexos;Valor absoluto;2023T3;148,7
De 16 a 19 años;Ambos sexos;Valor absoluto;2023T2;124,8
De 16 a 19 años;Ambos sexos;Valor absoluto;2023T1;115,6
De 16 a 19 años;Ambos sexos;Valor absoluto;2022T4;109,6
De 16 a 19 años;Ambos sexos;Valor absoluto;2022T3;143,7
De 16 a 19 años;Ambos sexos;Valor absoluto;2022T2;147,3
De 16 a 19 años;Ambos sexos;Valor absoluto;2022T1;117,1
De 16 a 19 años;Ambos sexos;Valor absoluto;2021T4;120,8
De 16 a 19 años;Ambos sexos;Valor absoluto;2021T3;141,4
De 16 a 19 años;Ambos sexos;Valor absoluto;2021T2;144,9
De 16 a 19 años;Ambos sexos;Valor absoluto;2021T1;115,7
De 16 a 19 años;Ambos sexos;Valor absoluto;2020T4;131,1
De 16 a 19 años;Ambos sexos;Valor absoluto;2020T3;150,2
De 16 a 19 años;Ambos sexos;Valor absoluto;2020T2;108,2
De 16 a 19 años;Ambos sexos;Valor absoluto;2020T1;116,5
De 16 a 19 años;Ambos sexos;Valor absoluto;2019T4;114,7
De 16 a 19 años;Ambos sexos;Valor absoluto;2019T3;130,1
De 16 a 19 años;Ambos sexos;Valor absoluto;2019T2;128,9
De 16 a 19 años;Ambos sexos;Valor absoluto;2019T1;123,3
De 16 a 19 años;Ambos sexos;Valor absoluto;2018T4;120,1
De 16 a 19 años;Ambos sexos;Valor absoluto;2018T3;137,8
De 16 a 19 años;Ambos sexos;Valor absoluto;2018T2;139,7
De 16 a 19 años;Ambos sexos;Valor absoluto;2018T1;132,8
De 16 a 19 años;Ambos sexos;Valor absoluto;2017T4;140,2
De 16 a 19 años;Ambos sexos;Valor absoluto;2017T3;150,3
De 16 a 19 años;Ambos sexos;Valor absoluto;2017T2;141,1
De 16 a 19 años;Ambos sexos;Valor absoluto;2017T1;134,5
De 16 a 19 años;Ambos sexos;Valor absoluto;2016T4;137,5
De 16 a 19 años;Ambos sexos;Valor absoluto;2016T3;146,3
De 16 a 19 años;Ambos sexos;Valor absoluto;2016T2;147,8
De 16 a 19 años;Ambos sexos;Valor absoluto;2016T1;143,6
De 16 a 19 años;Ambos sexos;Valor absoluto;2015T4;155,1
De 16 a 19 años;Ambos sexos;Valor absoluto;2015T3;185,9
De 16 a 19 años;Ambos sexos;Valor absoluto;2015T2;177,3
De 16 a 19 años;Ambos sexos;Valor absoluto;2015T1;170,8
De 16 a 19 años;Ambos sexos;Valor absoluto;2014T4;168,2
De 16 a 19 años;Ambos sexos;Valor absoluto;2014T3;183,6
De 16 a 19 años;Ambos sexos;Valor absoluto;2014T2;171,2
De 16 a 19 años;Ambos sexos;Valor absoluto;2014T1;169,5
De 16 a 19 años;Ambos sexos;Valor absoluto;2013T4;201,1
De 16 a 19 años;Ambos sexos;Valor absoluto;2013T3;232,8
De 16 a 19 años;Ambos sexos;Valor absoluto;2013T2;205
De 16 a 19 años;Ambos sexos;Valor absoluto;2013T1;206,8
De 16 a 19 años;Ambos sexos;Valor absoluto;2012T4;194,2
De 16 a 19 años;Ambos sexos;Valor absoluto;2012T3;242,5
De 16 a 19 años;Ambos sexos;Valor absoluto;2012T2;236,5
De 16 a 19 años;Ambos sexos;Valor absoluto;2012T1;214,7
De 16 a 19 años;Ambos sexos;Valor absoluto;2011T4;208
De 16 a 19 años;Ambos sexos;Valor absoluto;2011T3;238,1
De 16 a 19 años;Ambos sexos;Valor absoluto;2011T2;220,7
De 16 a 19 años;Ambos sexos;Valor absoluto;2011T1;216,4
De 16 a 19 años;Ambos sexos;Valor absoluto;2010T4;219,2
De 16 a 19 años;Ambos sexos;Valor absoluto;2010T3;245,8
De 16 a 19 años;Ambos sexos;Valor absoluto;2010T2;259,2
De 16 a 19 años;Ambos sexos;Valor absoluto;2010T1;233,8
De 16 a 19 años;Ambos sexos;Valor absoluto;2009T4;220,7
De 16 a 19 años;Ambos sexos;Valor absoluto;2009T3;263
De 16 a 19 años;Ambos sexos;Valor absoluto;2009T2;266,4
De 16 a 19 años;Ambos sexos;Valor absoluto;2009T1;258,4
De 16 a 19 años;Ambos sexos;Valor absoluto;2008T4;228
De 16 a 19 años;Ambos sexos;Valor absoluto;2008T3;230,9
De 16 a 19 años;Ambos sexos;Valor absoluto;2008T2;224,4
De 16 a 19 años;Ambos sexos;Valor absoluto;2008T1;172,1
De 16 a 19 años;Ambos sexos;Valor absoluto;2007T4;164,1
De 16 a 19 años;Ambos sexos;Valor absoluto;2007T3;169
De 16 a 19 años;Ambos sexos;Valor absoluto;2007T2;165,8
De 16 a 19 años;Ambos sexos;Valor absoluto;2007T1;141,5
De 16 a 19 años;Ambos sexos;Valor absoluto;2006T4;165,4
De 16 a 19 años;Ambos sexos;Valor absoluto;2006T3;149,9
De 16 a 19 años;Ambos sexos;Valor absoluto;2006T2;170,4
De 16 a 19 años;Ambos sexos;Valor absoluto;2006T1;149,4
De 16 a 19 años;Ambos sexos;Valor absoluto;2005T4;144,7
De 16 a 19 años;Ambos sexos;Valor absoluto;2005T3;159,9
De 16 a 19 años;Ambos sexos;Valor absoluto;2005T2;171,9
De 16 a 19 años;Ambos sexos;Valor absoluto;2005T1;158,5
De 16 a 19 años;Ambos sexos;Valor absoluto;2004T4;139,2
De 16 a 19 años;Ambos sexos;Valor absoluto;2004T3;154,9
De 16 a 19 años;Ambos sexos;Valor absoluto;2004T2;150,9
De 16 a 19 años;Ambos sexos;Valor absoluto;2004T1;150
De 16 a 19 años;Ambos sexos;Valor absoluto;2003T4;155,1
De 16 a 19 años;Ambos sexos;Valor absoluto;2003T3;165,9
De 16 a 19 años;Ambos sexos;Valor absoluto;2003T2;169,3
De 16 a 19 años;Ambos sexos;Valor absoluto;2003T1;160,5
De 16 a 19 años;Ambos sexos;Valor absoluto;2002T4;156,7
De 16 a 19 años;Ambos sexos;Valor absoluto;2002T3;162,2
De 16 a 19 años;Ambos sexos;Valor absoluto;2002T2;145,5
De 16 a 19 años;Ambos sexos;Valor absoluto;2002T1;144,5
De 16 a 19 años;Ambos sexos;Porcentaje;2026T1;4,1
De 16 a 19 años;Ambos sexos;Porcentaje;2025T4;3,1
De 16 a 19 años;Ambos sexos;Porcentaje;2025T3;5,3
De 16 a 19 años;Ambos sexos;Porcentaje;2025T2;5
De 16 a 19 años;Ambos sexos;Porcentaje;2025T1;3,7
De 16 a 19 años;Ambos sexos;Porcentaje;2024T4;4,5
De 16 a 19 años;Ambos sexos;Porcentaje;2024T3;5,4
De 16 a 19 años;Ambos sexos;Porcentaje;2024T2;5,4
De 16 a 19 años;Ambos sexos;Porcentaje;2024T1;3,9
De 16 a 19 años;Ambos sexos;Porcentaje;2023T4;4,1
De 16 a 19 años;Ambos sexos;Porcentaje;2023T3;5,1
De 16 a 19 años;Ambos sexos;Porcentaje;2023T2;4,4
De 16 a 19 años;Ambos sexos;Porcentaje;2023T1;3,6
De 16 a 19 años;Ambos sexos;Porcentaje;2022T4;3,6
De 16 a 19 años;Ambos sexos;Porcentaje;2022T3;4,7
De 16 a 19 años;Ambos sexos;Porcentaje;2022T2;4,9
De 16 a 19 años;Ambos sexos;Porcentaje;2022T1;3,6
De 16 a 19 años;Ambos sexos;Porcentaje;2021T4;3,8
De 16 a 19 años;Ambos sexos;Porcentaje;2021T3;4,1
De 16 a 19 años;Ambos sexos;Porcentaje;2021T2;4
De 16 a 19 años;Ambos sexos;Porcentaje;2021T1;3,1
De 16 a 19 años;Ambos sexos;Porcentaje;2020T4;3,5
De 16 a 19 años;Ambos sexos;Porcentaje;2020T3;4
De 16 a 19 años;Ambos sexos;Porcentaje;2020T2;3,2
De 16 a 19 años;Ambos sexos;Porcentaje;2020T1;3,5
De 16 a 19 años;Ambos sexos;Porcentaje;2019T4;3,6
De 16 a 19 años;Ambos sexos;Porcentaje;2019T3;4
De 16 a 19 años;Ambos sexos;Porcentaje;2019T2;4
De 16 a 19 años;Ambos sexos;Porcentaje;2019T1;3,7
De 16 a 19 años;Ambos sexos;Porcentaje;2018T4;3,6
De 16 a 19 años;Ambos sexos;Porcentaje;2018T3;4,1
De 16 a 19 años;Ambos sexos;Porcentaje;2018T2;4
De 16 a 19 años;Ambos sexos;Porcentaje;2018T1;3,5
De 16 a 19 años;Ambos sexos;Porcentaje;2017T4;3,7
De 16 a 19 años;Ambos sexos;Porcentaje;2017T3;4
De 16 a 19 años;Ambos sexos;Porcentaje;2017T2;3,6
De 16 a 19 años;Ambos sexos;Porcentaje;2017T1;3,2
De 16 a 19 años;Ambos sexos;Porcentaje;2016T4;3,2
De 16 a 19 años;Ambos sexos;Porcentaje;2016T3;3,4
De 16 a 19 años;Ambos sexos;Porcentaje;2016T2;3,2
De 16 a 19 años;Ambos sexos;Porcentaje;2016T1;3
De 16 a 19 años;Ambos sexos;Porcentaje;2015T4;3,2
De 16 a 19 años;Ambos sexos;Porcentaje;2015T3;3,8
De 16 a 19 años;Ambos sexos;Porcentaje;2015T2;3,4
De 16 a 19 años;Ambos sexos;Porcentaje;2015T1;3,1
De 16 a 19 años;Ambos sexos;Porcentaje;2014T4;3,1
De 16 a 19 años;Ambos sexos;Porcentaje;2014T3;3,4
De 16 a 19 años;Ambos sexos;Porcentaje;2014T2;3
De 16 a 19 años;Ambos sexos;Porcentaje;2014T1;2,9
De 16 a 19 años;Ambos sexos;Porcentaje;2013T4;3,4
De 16 a 19 años;Ambos sexos;Porcentaje;2013T3;3,9
De 16 a 19 años;Ambos sexos;Porcentaje;2013T2;3,4
De 16 a 19 años;Ambos sexos;Porcentaje;2013T1;3,3
De 16 a 19 años;Ambos sexos;Porcentaje;2012T4;3,2
De 16 a 19 años;Ambos sexos;Porcentaje;2012T3;4,2
De 16 a 19 años;Ambos sexos;Porcentaje;2012T2;4,1
De 16 a 19 años;Ambos sexos;Porcentaje;2012T1;3,8
De 16 a 19 años;Ambos sexos;Porcentaje;2011T4;3,9
De 16 a 19 años;Ambos sexos;Porcentaje;2011T3;4,8
De 16 a 19 años;Ambos sexos;Porcentaje;2011T2;4,6
De 16 a 19 años;Ambos sexos;Porcentaje;2011T1;4,4
De 16 a 19 años;Ambos sexos;Porcentaje;2010T4;4,7
De 16 a 19 años;Ambos sexos;Porcentaje;2010T3;5,4
De 16 a 19 años;Ambos sexos;Porcentaje;2010T2;5,6
De 16 a 19 años;Ambos sexos;Porcentaje;2010T1;5,1
De 16 a 19 años;Ambos sexos;Porcentaje;2009T4;5,1
De 16 a 19 años;Ambos sexos;Porcentaje;2009T3;6,4
De 16 a 19 años;Ambos sexos;Porcentaje;2009T2;6,4
De 16 a 19 años;Ambos sexos;Porcentaje;2009T1;6,4
De 16 a 19 años;Ambos sexos;Porcentaje;2008T4;7,1
De 16 a 19 años;Ambos sexos;Porcentaje;2008T3;8,9
De 16 a 19 años;Ambos sexos;Porcentaje;2008T2;9,4
De 16 a 19 años;Ambos sexos;Porcentaje;2008T1;7,9
De 16 a 19 años;Ambos sexos;Porcentaje;2007T4;8,5
De 16 a 19 años;Ambos sexos;Porcentaje;2007T3;9,4
De 16 a 19 años;Ambos sexos;Porcentaje;2007T2;9,3
De 16 a 19 años;Ambos sexos;Porcentaje;2007T1;7,6
De 16 a 19 años;Ambos sexos;Porcentaje;2006T4;9,1
De 16 a 19 años;Ambos sexos;Porcentaje;2006T3;8,5
De 16 a 19 años;Ambos sexos;Porcentaje;2006T2;9,3
De 16 a 19 años;Ambos sexos;Porcentaje;2006T1;7,7
De 16 a 19 años;Ambos sexos;Porcentaje;2005T4;7,8
De 16 a 19 años;Ambos sexos;Porcentaje;2005T3;9
De 16 a 19 años;Ambos sexos;Porcentaje;2005T2;8,7
De 16 a 19 años;Ambos sexos;Porcentaje;2005T1;7,5
De 16 a 19 años;Ambos sexos;Porcentaje;2004T4;6,4
De 16 a 19 años;Ambos sexos;Porcentaje;2004T3;7
De 16 a 19 años;Ambos sexos;Porcentaje;2004T2;6,7
De 16 a 19 años;Ambos sexos;Porcentaje;2004T1;6,5
De 16 a 19 años;Ambos sexos;Porcentaje;2003T4;6,8
De 16 a 19 años;Ambos sexos;Porcentaje;2003T3;7,4
De 16 a 19 años;Ambos sexos;Porcentaje;2003T2;7,6
De 16 a 19 años;Ambos sexos;Porcentaje;2003T1;6,9
De 16 a 19 años;Ambos sexos;Porcentaje;2002T4;7
De 16 a 19 años;Ambos sexos;Porcentaje;2002T3;7,4
De 16 a 19 años;Ambos sexos;Porcentaje;2002T2;6,9
De 16 a 19 años;Ambos sexos;Porcentaje;2002T1;6,7
De 16 a 19 años;Hombres;Valor absoluto;2026T1;65,6
De 16 a 19 años;Hombres;Valor absoluto;2025T4;47,4
De 16 a 19 años;Hombres;Valor absoluto;2025T3;61,2
De 16 a 19 años;Hombres;Valor absoluto;2025T2;71,2
De 16 a 19 años;Hombres;Valor absoluto;2025T1;60,2
De 16 a 19 años;Hombres;Valor absoluto;2024T4;55,7
De 16 a 19 años;Hombres;Valor absoluto;2024T3;79,2
De 16 a 19 años;Hombres;Valor absoluto;2024T2;83,4
De 16 a 19 años;Hombres;Valor absoluto;2024T1;68,3
De 16 a 19 años;Hombres;Valor absoluto;2023T4;68,2
De 16 a 19 años;Hombres;Valor absoluto;2023T3;84,7
De 16 a 19 años;Hombres;Valor absoluto;2023T2;70,6
De 16 a 19 años;Hombres;Valor absoluto;2023T1;66
De 16 a 19 años;Hombres;Valor absoluto;2022T4;66,8
De 16 a 19 años;Hombres;Valor absoluto;2022T3;82,3
De 16 a 19 años;Hombres;Valor absoluto;2022T2;82,2
De 16 a 19 años;Hombres;Valor absoluto;2022T1;61,1
De 16 a 19 años;Hombres;Valor absoluto;2021T4;67,2
De 16 a 19 años;Hombres;Valor absoluto;2021T3;77,5
De 16 a 19 años;Hombres;Valor absoluto;2021T2;76,3
De 16 a 19 años;Hombres;Valor absoluto;2021T1;64,4
De 16 a 19 años;Hombres;Valor absoluto;2020T4;68,7
De 16 a 19 años;Hombres;Valor absoluto;2020T3;83,8
De 16 a 19 años;Hombres;Valor absoluto;2020T2;62,4
De 16 a 19 años;Hombres;Valor absoluto;2020T1;70,5
De 16 a 19 años;Hombres;Valor absoluto;2019T4;65
De 16 a 19 años;Hombres;Valor absoluto;2019T3;71,8
De 16 a 19 años;Hombres;Valor absoluto;2019T2;71,6
De 16 a 19 años;Hombres;Valor absoluto;2019T1;61,5
De 16 a 19 años;Hombres;Valor absoluto;2018T4;67,7
De 16 a 19 años;Hombres;Valor absoluto;2018T3;78
De 16 a 19 años;Hombres;Valor absoluto;2018T2;78,8
De 16 a 19 años;Hombres;Valor absoluto;2018T1;76,3
De 16 a 19 años;Hombres;Valor absoluto;2017T4;79,7
De 16 a 19 años;Hombres;Valor absoluto;2017T3;90,7
De 16 a 19 años;Hombres;Valor absoluto;2017T2;80,5
De 16 a 19 años;Hombres;Valor absoluto;2017T1;79
De 16 a 19 años;Hombres;Valor absoluto;2016T4;72,8
De 16 a 19 años;Hombres;Valor absoluto;2016T3;80,7
De 16 a 19 años;Hombres;Valor absoluto;2016T2;84
De 16 a 19 años;Hombres;Valor absoluto;2016T1;86,8
De 16 a 19 años;Hombres;Valor absoluto;2015T4;84,4
De 16 a 19 años;Hombres;Valor absoluto;2015T3;103,7
De 16 a 19 años;Hombres;Valor absoluto;2015T2;97,5
De 16 a 19 años;Hombres;Valor absoluto;2015T1;95
De 16 a 19 años;Hombres;Valor absoluto;2014T4;85,9
De 16 a 19 años;Hombres;Valor absoluto;2014T3;95,5
De 16 a 19 años;Hombres;Valor absoluto;2014T2;97,8
De 16 a 19 años;Hombres;Valor absoluto;2014T1;94,5
De 16 a 19 años;Hombres;Valor absoluto;2013T4;113,1
De 16 a 19 años;Hombres;Valor absoluto;2013T3;125,6
De 16 a 19 años;Hombres;Valor absoluto;2013T2;113,9
De 16 a 19 años;Hombres;Valor absoluto;2013T1;123,2
De 16 a 19 años;Hombres;Valor absoluto;2012T4;107,9
De 16 a 19 años;Hombres;Valor absoluto;2012T3;135
De 16 a 19 años;Hombres;Valor absoluto;2012T2;132,8
De 16 a 19 años;Hombres;Valor absoluto;2012T1;118,3
De 16 a 19 años;Hombres;Valor absoluto;2011T4;119,5
De 16 a 19 años;Hombres;Valor absoluto;2011T3;138,5
De 16 a 19 años;Hombres;Valor absoluto;2011T2;125,1
De 16 a 19 años;Hombres;Valor absoluto;2011T1;124,1
De 16 a 19 años;Hombres;Valor absoluto;2010T4;123,3
De 16 a 19 años;Hombres;Valor absoluto;2010T3;139,8
De 16 a 19 años;Hombres;Valor absoluto;2010T2;148,8
De 16 a 19 años;Hombres;Valor absoluto;2010T1;139,9
De 16 a 19 años;Hombres;Valor absoluto;2009T4;136,7
De 16 a 19 años;Hombres;Valor absoluto;2009T3;153,3
De 16 a 19 años;Hombres;Valor absoluto;2009T2;163,6
De 16 a 19 años;Hombres;Valor absoluto;2009T1;147,9
De 16 a 19 años;Hombres;Valor absoluto;2008T4;127,3
De 16 a 19 años;Hombres;Valor absoluto;2008T3;123,3
De 16 a 19 años;Hombres;Valor absoluto;2008T2;111,2
De 16 a 19 años;Hombres;Valor absoluto;2008T1;89,7
De 16 a 19 años;Hombres;Valor absoluto;2007T4;84,4
De 16 a 19 años;Hombres;Valor absoluto;2007T3;83,5
De 16 a 19 años;Hombres;Valor absoluto;2007T2;84,1
De 16 a 19 años;Hombres;Valor absoluto;2007T1;68,9
De 16 a 19 años;Hombres;Valor absoluto;2006T4;80,4
De 16 a 19 años;Hombres;Valor absoluto;2006T3;72,3
De 16 a 19 años;Hombres;Valor absoluto;2006T2;77,6
De 16 a 19 años;Hombres;Valor absoluto;2006T1;75,8
De 16 a 19 años;Hombres;Valor absoluto;2005T4;72,6
De 16 a 19 años;Hombres;Valor absoluto;2005T3;79,2
De 16 a 19 años;Hombres;Valor absoluto;2005T2;86,4
De 16 a 19 años;Hombres;Valor absoluto;2005T1;87,2
De 16 a 19 años;Hombres;Valor absoluto;2004T4;73,7
De 16 a 19 años;Hombres;Valor absoluto;2004T3;91,1
De 16 a 19 años;Hombres;Valor absoluto;2004T2;80,4
De 16 a 19 años;Hombres;Valor absoluto;2004T1;78,7
De 16 a 19 años;Hombres;Valor absoluto;2003T4;83,4
De 16 a 19 años;Hombres;Valor absoluto;2003T3;85,4
De 16 a 19 años;Hombres;Valor absoluto;2003T2;91,7
De 16 a 19 años;Hombres;Valor absoluto;2003T1;86,7
De 16 a 19 años;Hombres;Valor absoluto;2002T4;85,6
De 16 a 19 años;Hombres;Valor absoluto;2002T3;91,4
De 16 a 19 años;Hombres;Valor absoluto;2002T2;74,3
De 16 a 19 años;Hombres;Valor absoluto;2002T1;74,9
De 16 a 19 años;Hombres;Porcentaje;2026T1;5,3
De 16 a 19 años;Hombres;Porcentaje;2025T4;4,1
De 16 a 19 años;Hombres;Porcentaje;2025T3;5,2
De 16 a 19 años;Hombres;Porcentaje;2025T2;5,9
De 16 a 19 años;Hombres;Porcentaje;2025T1;4,6
De 16 a 19 años;Hombres;Porcentaje;2024T4;4,5
De 16 a 19 años;Hombres;Porcentaje;2024T3;6,1
De 16 a 19 años;Hombres;Porcentaje;2024T2;6,4
De 16 a 19 años;Hombres;Porcentaje;2024T1;4,9
De 16 a 19 años;Hombres;Porcentaje;2023T4;5,1
De 16 a 19 años;Hombres;Porcentaje;2023T3;6,4
De 16 a 19 años;Hombres;Porcentaje;2023T2;5,4
De 16 a 19 años;Hombres;Porcentaje;2023T1;4,5
De 16 a 19 años;Hombres;Porcentaje;2022T4;4,6
De 16 a 19 años;Hombres;Porcentaje;2022T3;6
De 16 a 19 años;Hombres;Porcentaje;2022T2;5,9
De 16 a 19 años;Hombres;Porcentaje;2022T1;4
De 16 a 19 años;Hombres;Porcentaje;2021T4;4,5
De 16 a 19 años;Hombres;Porcentaje;2021T3;4,7
De 16 a 19 años;Hombres;Porcentaje;2021T2;4,6
De 16 a 19 años;Hombres;Porcentaje;2021T1;3,7
De 16 a 19 años;Hombres;Porcentaje;2020T4;4
De 16 a 19 años;Hombres;Porcentaje;2020T3;4,8
De 16 a 19 años;Hombres;Porcentaje;2020T2;3,7
De 16 a 19 años;Hombres;Porcentaje;2020T1;4,5
De 16 a 19 años;Hombres;Porcentaje;2019T4;4,3
De 16 a 19 años;Hombres;Porcentaje;2019T3;4,8
De 16 a 19 años;Hombres;Porcentaje;2019T2;4,7
De 16 a 19 años;Hombres;Porcentaje;2019T1;3,9
De 16 a 19 años;Hombres;Porcentaje;2018T4;4,3
De 16 a 19 años;Hombres;Porcentaje;2018T3;4,8
De 16 a 19 años;Hombres;Porcentaje;2018T2;4,7
De 16 a 19 años;Hombres;Porcentaje;2018T1;4,1
De 16 a 19 años;Hombres;Porcentaje;2017T4;4,4
De 16 a 19 años;Hombres;Porcentaje;2017T3;5
De 16 a 19 años;Hombres;Porcentaje;2017T2;4,2
De 16 a 19 años;Hombres;Porcentaje;2017T1;3,8
De 16 a 19 años;Hombres;Porcentaje;2016T4;3,5
De 16 a 19 años;Hombres;Porcentaje;2016T3;3,8
De 16 a 19 años;Hombres;Porcentaje;2016T2;3,7
De 16 a 19 años;Hombres;Porcentaje;2016T1;3,6
De 16 a 19 años;Hombres;Porcentaje;2015T4;3,5
De 16 a 19 años;Hombres;Porcentaje;2015T3;4,2
De 16 a 19 años;Hombres;Porcentaje;2015T2;3,8
De 16 a 19 años;Hombres;Porcentaje;2015T1;3,4
De 16 a 19 años;Hombres;Porcentaje;2014T4;3
De 16 a 19 años;Hombres;Porcentaje;2014T3;3,4
De 16 a 19 años;Hombres;Porcentaje;2014T2;3,3
De 16 a 19 años;Hombres;Porcentaje;2014T1;3
De 16 a 19 años;Hombres;Porcentaje;2013T4;3,6
De 16 a 19 años;Hombres;Porcentaje;2013T3;4
De 16 a 19 años;Hombres;Porcentaje;2013T2;3,6
De 16 a 19 años;Hombres;Porcentaje;2013T1;3,7
De 16 a 19 años;Hombres;Porcentaje;2012T4;3,4
De 16 a 19 años;Hombres;Porcentaje;2012T3;4,3
De 16 a 19 años;Hombres;Porcentaje;2012T2;4,3
De 16 a 19 años;Hombres;Porcentaje;2012T1;3,9
De 16 a 19 años;Hombres;Porcentaje;2011T4;4,2
De 16 a 19 años;Hombres;Porcentaje;2011T3;5,1
De 16 a 19 años;Hombres;Porcentaje;2011T2;4,8
De 16 a 19 años;Hombres;Porcentaje;2011T1;4,7
De 16 a 19 años;Hombres;Porcentaje;2010T4;4,8
De 16 a 19 años;Hombres;Porcentaje;2010T3;5,6
De 16 a 19 años;Hombres;Porcentaje;2010T2;5,8
De 16 a 19 años;Hombres;Porcentaje;2010T1;5,5
De 16 a 19 años;Hombres;Porcentaje;2009T4;5,7
De 16 a 19 años;Hombres;Porcentaje;2009T3;6,7
De 16 a 19 años;Hombres;Porcentaje;2009T2;7,1
De 16 a 19 años;Hombres;Porcentaje;2009T1;6,7
De 16 a 19 años;Hombres;Porcentaje;2008T4;7,5
De 16 a 19 años;Hombres;Porcentaje;2008T3;9,1
De 16 a 19 años;Hombres;Porcentaje;2008T2;9,3
De 16 a 19 años;Hombres;Porcentaje;2008T1;8,7
De 16 a 19 años;Hombres;Porcentaje;2007T4;9,4
De 16 a 19 años;Hombres;Porcentaje;2007T3;10,3
De 16 a 19 años;Hombres;Porcentaje;2007T2;10,6
De 16 a 19 años;Hombres;Porcentaje;2007T1;8,5
De 16 a 19 años;Hombres;Porcentaje;2006T4;10,4
De 16 a 19 años;Hombres;Porcentaje;2006T3;9,4
De 16 a 19 años;Hombres;Porcentaje;2006T2;9,7
De 16 a 19 años;Hombres;Porcentaje;2006T1;8,8
De 16 a 19 años;Hombres;Porcentaje;2005T4;8,7
De 16 a 19 años;Hombres;Porcentaje;2005T3;9,7
De 16 a 19 años;Hombres;Porcentaje;2005T2;9,4
De 16 a 19 años;Hombres;Porcentaje;2005T1;9,1
De 16 a 19 años;Hombres;Porcentaje;2004T4;7,8
De 16 a 19 años;Hombres;Porcentaje;2004T3;9,2
De 16 a 19 años;Hombres;Porcentaje;2004T2;8,1
De 16 a 19 años;Hombres;Porcentaje;2004T1;7,7
De 16 a 19 años;Hombres;Porcentaje;2003T4;8,2
De 16 a 19 años;Hombres;Porcentaje;2003T3;8,6
De 16 a 19 años;Hombres;Porcentaje;2003T2;9,5
De 16 a 19 años;Hombres;Porcentaje;2003T1;8,6
De 16 a 19 años;Hombres;Porcentaje;2002T4;8,6
De 16 a 19 años;Hombres;Porcentaje;2002T3;9,6
De 16 a 19 años;Hombres;Porcentaje;2002T2;8,4
De 16 a 19 años;Hombres;Porcentaje;2002T1;8
De 16 a 19 años;Mujeres;Valor absoluto;2026T1;46,4
De 16 a 19 años;Mujeres;Valor absoluto;2025T4;29,3
De 16 a 19 años;Mujeres;Valor absoluto;2025T3;78
De 16 a 19 años;Mujeres;Valor absoluto;2025T2;56,4
De 16 a 19 años;Mujeres;Valor absoluto;2025T1;44,1
De 16 a 19 años;Mujeres;Valor absoluto;2024T4;60,6
De 16 a 19 años;Mujeres;Valor absoluto;2024T3;69,9
De 16 a 19 años;Mujeres;Valor absoluto;2024T2;65
De 16 a 19 años;Mujeres;Valor absoluto;2024T1;48
De 16 a 19 años;Mujeres;Valor absoluto;2023T4;49,8
De 16 a 19 años;Mujeres;Valor absoluto;2023T3;64
De 16 a 19 años;Mujeres;Valor absoluto;2023T2;54,1
De 16 a 19 años;Mujeres;Valor absoluto;2023T1;49,5
De 16 a 19 años;Mujeres;Valor absoluto;2022T4;42,8
De 16 a 19 años;Mujeres;Valor absoluto;2022T3;61,4
De 16 a 19 años;Mujeres;Valor absoluto;2022T2;65
De 16 a 19 años;Mujeres;Valor absoluto;2022T1;56
De 16 a 19 años;Mujeres;Valor absoluto;2021T4;53,6
De 16 a 19 años;Mujeres;Valor absoluto;2021T3;63,9
De 16 a 19 años;Mujeres;Valor absoluto;2021T2;68,6
De 16 a 19 años;Mujeres;Valor absoluto;2021T1;51,3
De 16 a 19 años;Mujeres;Valor absoluto;2020T4;62,4
De 16 a 19 años;Mujeres;Valor absoluto;2020T3;66,4
De 16 a 19 años;Mujeres;Valor absoluto;2020T2;45,9
De 16 a 19 años;Mujeres;Valor absoluto;2020T1;46,1
De 16 a 19 años;Mujeres;Valor absoluto;2019T4;49,6
De 16 a 19 años;Mujeres;Valor absoluto;2019T3;58,3
De 16 a 19 años;Mujeres;Valor absoluto;2019T2;57,2
De 16 a 19 años;Mujeres;Valor absoluto;2019T1;61,8
De 16 a 19 años;Mujeres;Valor absoluto;2018T4;52,5
De 16 a 19 años;Mujeres;Valor absoluto;2018T3;59,8
De 16 a 19 años;Mujeres;Valor absoluto;2018T2;60,8
De 16 a 19 años;Mujeres;Valor absoluto;2018T1;56,5
De 16 a 19 años;Mujeres;Valor absoluto;2017T4;60,5
De 16 a 19 años;Mujeres;Valor absoluto;2017T3;59,6
De 16 a 19 años;Mujeres;Valor absoluto;2017T2;60,6
De 16 a 19 años;Mujeres;Valor absoluto;2017T1;55,5
De 16 a 19 años;Mujeres;Valor absoluto;2016T4;64,7
De 16 a 19 años;Mujeres;Valor absoluto;2016T3;65,6
De 16 a 19 años;Mujeres;Valor absoluto;2016T2;63,7
De 16 a 19 años;Mujeres;Valor absoluto;2016T1;56,9
De 16 a 19 años;Mujeres;Valor absoluto;2015T4;70,7
De 16 a 19 años;Mujeres;Valor absoluto;2015T3;82,1
De 16 a 19 años;Mujeres;Valor absoluto;2015T2;79,8
De 16 a 19 años;Mujeres;Valor absoluto;2015T1;75,8
De 16 a 19 años;Mujeres;Valor absoluto;2014T4;82,2
De 16 a 19 años;Mujeres;Valor absoluto;2014T3;88,1
De 16 a 19 años;Mujeres;Valor absoluto;2014T2;73,4
De 16 a 19 años;Mujeres;Valor absoluto;2014T1;75
De 16 a 19 años;Mujeres;Valor absoluto;2013T4;88
De 16 a 19 años;Mujeres;Valor absoluto;2013T3;107,2
De 16 a 19 años;Mujeres;Valor absoluto;2013T2;91,1
De 16 a 19 años;Mujeres;Valor absoluto;2013T1;83,6
De 16 a 19 años;Mujeres;Valor absoluto;2012T4;86,3
De 16 a 19 años;Mujeres;Valor absoluto;2012T3;107,5
De 16 a 19 años;Mujeres;Valor absoluto;2012T2;103,7
De 16 a 19 años;Mujeres;Valor absoluto;2012T1;96,4
De 16 a 19 años;Mujeres;Valor absoluto;2011T4;88,5
De 16 a 19 años;Mujeres;Valor absoluto;2011T3;99,6
De 16 a 19 años;Mujeres;Valor absoluto;2011T2;95,6
De 16 a 19 años;Mujeres;Valor absoluto;2011T1;92,3
De 16 a 19 años;Mujeres;Valor absoluto;2010T4;95,9
De 16 a 19 años;Mujeres;Valor absoluto;2010T3;106
De 16 a 19 años;Mujeres;Valor absoluto;2010T2;110,4
De 16 a 19 años;Mujeres;Valor absoluto;2010T1;93,9
De 16 a 19 años;Mujeres;Valor absoluto;2009T4;84,1
De 16 a 19 años;Mujeres;Valor absoluto;2009T3;109,7
De 16 a 19 años;Mujeres;Valor absoluto;2009T2;102,9
De 16 a 19 años;Mujeres;Valor absoluto;2009T1;110,5
De 16 a 19 años;Mujeres;Valor absoluto;2008T4;100,7
De 16 a 19 años;Mujeres;Valor absoluto;2008T3;107,6
De 16 a 19 años;Mujeres;Valor absoluto;2008T2;113,3
De 16 a 19 años;Mujeres;Valor absoluto;2008T1;82,4
De 16 a 19 años;Mujeres;Valor absoluto;2007T4;79,7
De 16 a 19 años;Mujeres;Valor absoluto;2007T3;85,5
De 16 a 19 años;Mujeres;Valor absoluto;2007T2;81,7
De 16 a 19 años;Mujeres;Valor absoluto;2007T1;72,6
De 16 a 19 años;Mujeres;Valor absoluto;2006T4;85
De 16 a 19 años;Mujeres;Valor absoluto;2006T3;77,6
De 16 a 19 años;Mujeres;Valor absoluto;2006T2;92,8
De 16 a 19 años;Mujeres;Valor absoluto;2006T1;73,6
De 16 a 19 años;Mujeres;Valor absoluto;2005T4;72,1
De 16 a 19 años;Mujeres;Valor absoluto;2005T3;80,6
De 16 a 19 años;Mujeres;Valor absoluto;2005T2;85,6
De 16 a 19 años;Mujeres;Valor absoluto;2005T1;71,3
De 16 a 19 años;Mujeres;Valor absoluto;2004T4;65,5
De 16 a 19 años;Mujeres;Valor absoluto;2004T3;63,7
De 16 a 19 años;Mujeres;Valor absoluto;2004T2;70,4
De 16 a 19 años;Mujeres;Valor absoluto;2004T1;71,3
De 16 a 19 años;Mujeres;Valor absoluto;2003T4;71,7
De 16 a 19 años;Mujeres;Valor absoluto;2003T3;80,5
De 16 a 19 años;Mujeres;Valor absoluto;2003T2;77,6
De 16 a 19 años;Mujeres;Valor absoluto;2003T1;73,8
De 16 a 19 años;Mujeres;Valor absoluto;2002T4;71,1
De 16 a 19 años;Mujeres;Valor absoluto;2002T3;70,8
De 16 a 19 años;Mujeres;Valor absoluto;2002T2;71,2
De 16 a 19 años;Mujeres;Valor absoluto;2002T1;69,6
De 16 a 19 años;Mujeres;Porcentaje;2026T1;3,2
De 16 a 19 años;Mujeres;Porcentaje;2025T4;2,2
De 16 a 19 años;Mujeres;Porcentaje;2025T3;5,4
De 16 a 19 años;Mujeres;Porcentaje;2025T2;4,2
De 16 a 19 años;Mujeres;Porcentaje;2025T1;3
De 16 a 19 años;Mujeres;Porcentaje;2024T4;4,4
De 16 a 19 años;Mujeres;Porcentaje;2024T3;4,8
De 16 a 19 años;Mujeres;Porcentaje;2024T2;4,5
De 16 a 19 años;Mujeres;Porcentaje;2024T1;3,1
De 16 a 19 años;Mujeres;Porcentaje;2023T4;3,3
De 16 a 19 años;Mujeres;Porcentaje;2023T3;4,1
De 16 a 19 años;Mujeres;Porcentaje;2023T2;3,6
De 16 a 19 años;Mujeres;Porcentaje;2023T1;2,9
De 16 a 19 años;Mujeres;Porcentaje;2022T4;2,6
De 16 a 19 años;Mujeres;Porcentaje;2022T3;3,7
De 16 a 19 años;Mujeres;Porcentaje;2022T2;4,1
De 16 a 19 años;Mujeres;Porcentaje;2022T1;3,3
De 16 a 19 años;Mujeres;Porcentaje;2021T4;3,2
De 16 a 19 años;Mujeres;Porcentaje;2021T3;3,5
De 16 a 19 años;Mujeres;Porcentaje;2021T2;3,6
De 16 a 19 años;Mujeres;Porcentaje;2021T1;2,6
De 16 a 19 años;Mujeres;Porcentaje;2020T4;3,1
De 16 a 19 años;Mujeres;Porcentaje;2020T3;3,4
De 16 a 19 años;Mujeres;Porcentaje;2020T2;2,7
De 16 a 19 años;Mujeres;Porcentaje;2020T1;2,6
De 16 a 19 años;Mujeres;Porcentaje;2019T4;2,9
De 16 a 19 años;Mujeres;Porcentaje;2019T3;3,4
De 16 a 19 años;Mujeres;Porcentaje;2019T2;3,4
De 16 a 19 años;Mujeres;Porcentaje;2019T1;3,5
De 16 a 19 años;Mujeres;Porcentaje;2018T4;3
De 16 a 19 años;Mujeres;Porcentaje;2018T3;3,5
De 16 a 19 años;Mujeres;Porcentaje;2018T2;3,4
De 16 a 19 años;Mujeres;Porcentaje;2018T1;2,9
De 16 a 19 años;Mujeres;Porcentaje;2017T4;3,1
De 16 a 19 años;Mujeres;Porcentaje;2017T3;3,1
De 16 a 19 años;Mujeres;Porcentaje;2017T2;3
De 16 a 19 años;Mujeres;Porcentaje;2017T1;2,6
De 16 a 19 años;Mujeres;Porcentaje;2016T4;3
De 16 a 19 años;Mujeres;Porcentaje;2016T3;3
De 16 a 19 años;Mujeres;Porcentaje;2016T2;2,7
De 16 a 19 años;Mujeres;Porcentaje;2016T1;2,4
De 16 a 19 años;Mujeres;Porcentaje;2015T4;3
De 16 a 19 años;Mujeres;Porcentaje;2015T3;3,4
De 16 a 19 años;Mujeres;Porcentaje;2015T2;3,1
De 16 a 19 años;Mujeres;Porcentaje;2015T1;2,9
De 16 a 19 años;Mujeres;Porcentaje;2014T4;3,1
De 16 a 19 años;Mujeres;Porcentaje;2014T3;3,3
De 16 a 19 años;Mujeres;Porcentaje;2014T2;2,7
De 16 a 19 años;Mujeres;Porcentaje;2014T1;2,7
De 16 a 19 años;Mujeres;Porcentaje;2013T4;3,1
De 16 a 19 años;Mujeres;Porcentaje;2013T3;3,9
De 16 a 19 años;Mujeres;Porcentaje;2013T2;3,2
De 16 a 19 años;Mujeres;Porcentaje;2013T1;2,9
De 16 a 19 años;Mujeres;Porcentaje;2012T4;3,1
De 16 a 19 años;Mujeres;Porcentaje;2012T3;4
De 16 a 19 años;Mujeres;Porcentaje;2012T2;4
De 16 a 19 años;Mujeres;Porcentaje;2012T1;3,7
De 16 a 19 años;Mujeres;Porcentaje;2011T4;3,6
De 16 a 19 años;Mujeres;Porcentaje;2011T3;4,3
De 16 a 19 años;Mujeres;Porcentaje;2011T2;4,3
De 16 a 19 años;Mujeres;Porcentaje;2011T1;4,1
De 16 a 19 años;Mujeres;Porcentaje;2010T4;4,5
De 16 a 19 años;Mujeres;Porcentaje;2010T3;5
De 16 a 19 años;Mujeres;Porcentaje;2010T2;5,2
De 16 a 19 años;Mujeres;Porcentaje;2010T1;4,6
De 16 a 19 años;Mujeres;Porcentaje;2009T4;4,4
De 16 a 19 años;Mujeres;Porcentaje;2009T3;6
De 16 a 19 años;Mujeres;Porcentaje;2009T2;5,6
De 16 a 19 años;Mujeres;Porcentaje;2009T1;6,1
De 16 a 19 años;Mujeres;Porcentaje;2008T4;6,7
De 16 a 19 años;Mujeres;Porcentaje;2008T3;8,7
De 16 a 19 años;Mujeres;Porcentaje;2008T2;9,5
De 16 a 19 años;Mujeres;Porcentaje;2008T1;7,1
De 16 a 19 años;Mujeres;Porcentaje;2007T4;7,6
De 16 a 19 años;Mujeres;Porcentaje;2007T3;8,6
De 16 a 19 años;Mujeres;Porcentaje;2007T2;8,3
De 16 a 19 años;Mujeres;Porcentaje;2007T1;6,9
De 16 a 19 años;Mujeres;Porcentaje;2006T4;8,1
De 16 a 19 años;Mujeres;Porcentaje;2006T3;7,8
De 16 a 19 años;Mujeres;Porcentaje;2006T2;9
De 16 a 19 años;Mujeres;Porcentaje;2006T1;6,8
De 16 a 19 años;Mujeres;Porcentaje;2005T4;7,1
De 16 a 19 años;Mujeres;Porcentaje;2005T3;8,3
De 16 a 19 años;Mujeres;Porcentaje;2005T2;8,1
De 16 a 19 años;Mujeres;Porcentaje;2005T1;6,1
De 16 a 19 años;Mujeres;Porcentaje;2004T4;5,3
De 16 a 19 años;Mujeres;Porcentaje;2004T3;5,3
De 16 a 19 años;Mujeres;Porcentaje;2004T2;5,6
De 16 a 19 años;Mujeres;Porcentaje;2004T1;5,6
De 16 a 19 años;Mujeres;Porcentaje;2003T4;5,7
De 16 a 19 años;Mujeres;Porcentaje;2003T3;6,4
De 16 a 19 años;Mujeres;Porcentaje;2003T2;6,2
De 16 a 19 años;Mujeres;Porcentaje;2003T1;5,6
De 16 a 19 años;Mujeres;Porcentaje;2002T4;5,7
De 16 a 19 años;Mujeres;Porcentaje;2002T3;5,7
De 16 a 19 años;Mujeres;Porcentaje;2002T2;5,9
De 16 a 19 años;Mujeres;Porcentaje;2002T1;5,7
De 20 a 24 años;Ambos sexos;Valor absoluto;2026T1;328,5
De 20 a 24 años;Ambos sexos;Valor absoluto;2025T4;331,2
De 20 a 24 años;Ambos sexos;Valor absoluto;2025T3;364,9
De 20 a 24 años;Ambos sexos;Valor absoluto;2025T2;323
De 20 a 24 años;Ambos sexos;Valor absoluto;2025T1;346,6
De 20 a 24 años;Ambos sexos;Valor absoluto;2024T4;318,1
De 20 a 24 años;Ambos sexos;Valor absoluto;2024T3;374,4
De 20 a 24 años;Ambos sexos;Valor absoluto;2024T2;322
De 20 a 24 años;Ambos sexos;Valor absoluto;2024T1;348,7
De 20 a 24 años;Ambos sexos;Valor absoluto;2023T4;362,9
De 20 a 24 años;Ambos sexos;Valor absoluto;2023T3;376,5
De 20 a 24 años;Ambos sexos;Valor absoluto;2023T2;345,6
De 20 a 24 años;Ambos sexos;Valor absoluto;2023T1;353,3
De 20 a 24 años;Ambos sexos;Valor absoluto;2022T4;346,5
De 20 a 24 años;Ambos sexos;Valor absoluto;2022T3;382,7
De 20 a 24 años;Ambos sexos;Valor absoluto;2022T2;331,3
De 20 a 24 años;Ambos sexos;Valor absoluto;2022T1;334
De 20 a 24 años;Ambos sexos;Valor absoluto;2021T4;333,4
De 20 a 24 años;Ambos sexos;Valor absoluto;2021T3;386,2
De 20 a 24 años;Ambos sexos;Valor absoluto;2021T2;444,7
De 20 a 24 años;Ambos sexos;Valor absoluto;2021T1;431,9
De 20 a 24 años;Ambos sexos;Valor absoluto;2020T4;441,3
De 20 a 24 años;Ambos sexos;Valor absoluto;2020T3;472,2
De 20 a 24 años;Ambos sexos;Valor absoluto;2020T2;402
De 20 a 24 años;Ambos sexos;Valor absoluto;2020T1;369,7
De 20 a 24 años;Ambos sexos;Valor absoluto;2019T4;348,1
De 20 a 24 años;Ambos sexos;Valor absoluto;2019T3;394,9
De 20 a 24 años;Ambos sexos;Valor absoluto;2019T2;377,8
De 20 a 24 años;Ambos sexos;Valor absoluto;2019T1;385,5
De 20 a 24 años;Ambos sexos;Valor absoluto;2018T4;382,8
De 20 a 24 años;Ambos sexos;Valor absoluto;2018T3;391
De 20 a 24 años;Ambos sexos;Valor absoluto;2018T2;383
De 20 a 24 años;Ambos sexos;Valor absoluto;2018T1;382,4
De 20 a 24 años;Ambos sexos;Valor absoluto;2017T4;418
De 20 a 24 años;Ambos sexos;Valor absoluto;2017T3;428,8
De 20 a 24 años;Ambos sexos;Valor absoluto;2017T2;442,7
De 20 a 24 años;Ambos sexos;Valor absoluto;2017T1;457,3
De 20 a 24 años;Ambos sexos;Valor absoluto;2016T4;476,4
De 20 a 24 años;Ambos sexos;Valor absoluto;2016T3;501,1
De 20 a 24 años;Ambos sexos;Valor absoluto;2016T2;545
De 20 a 24 años;Ambos sexos;Valor absoluto;2016T1;526,5
De 20 a 24 años;Ambos sexos;Valor absoluto;2015T4;532,5
De 20 a 24 años;Ambos sexos;Valor absoluto;2015T3;580,8
De 20 a 24 años;Ambos sexos;Valor absoluto;2015T2;589,9
De 20 a 24 años;Ambos sexos;Valor absoluto;2015T1;611,3
De 20 a 24 años;Ambos sexos;Valor absoluto;2014T4;645,5
De 20 a 24 años;Ambos sexos;Valor absoluto;2014T3;684
De 20 a 24 años;Ambos sexos;Valor absoluto;2014T2;669,4
De 20 a 24 años;Ambos sexos;Valor absoluto;2014T1;711,9
De 20 a 24 años;Ambos sexos;Valor absoluto;2013T4;706
De 20 a 24 años;Ambos sexos;Valor absoluto;2013T3;728,8
De 20 a 24 años;Ambos sexos;Valor absoluto;2013T2;750
De 20 a 24 años;Ambos sexos;Valor absoluto;2013T1;773,9
De 20 a 24 años;Ambos sexos;Valor absoluto;2012T4;751,4
De 20 a 24 años;Ambos sexos;Valor absoluto;2012T3;738,9
De 20 a 24 años;Ambos sexos;Valor absoluto;2012T2;731,2
De 20 a 24 años;Ambos sexos;Valor absoluto;2012T1;715,1
De 20 a 24 años;Ambos sexos;Valor absoluto;2011T4;679,6
De 20 a 24 años;Ambos sexos;Valor absoluto;2011T3;686,1
De 20 a 24 años;Ambos sexos;Valor absoluto;2011T2;671,6
De 20 a 24 años;Ambos sexos;Valor absoluto;2011T1;656,4
De 20 a 24 años;Ambos sexos;Valor absoluto;2010T4;627,6
De 20 a 24 años;Ambos sexos;Valor absoluto;2010T3;619,9
De 20 a 24 años;Ambos sexos;Valor absoluto;2010T2;619,8
De 20 a 24 años;Ambos sexos;Valor absoluto;2010T1;606,9
De 20 a 24 años;Ambos sexos;Valor absoluto;2009T4;599,5
De 20 a 24 años;Ambos sexos;Valor absoluto;2009T3;628,8
De 20 a 24 años;Ambos sexos;Valor absoluto;2009T2;594,3
De 20 a 24 años;Ambos sexos;Valor absoluto;2009T1;555
De 20 a 24 años;Ambos sexos;Valor absoluto;2008T4;459,7
De 20 a 24 años;Ambos sexos;Valor absoluto;2008T3;386,5
De 20 a 24 años;Ambos sexos;Valor absoluto;2008T2;348,5
De 20 a 24 años;Ambos sexos;Valor absoluto;2008T1;327,8
De 20 a 24 años;Ambos sexos;Valor absoluto;2007T4;285,2
De 20 a 24 años;Ambos sexos;Valor absoluto;2007T3;292,7
De 20 a 24 años;Ambos sexos;Valor absoluto;2007T2;279
De 20 a 24 años;Ambos sexos;Valor absoluto;2007T1;281,6
De 20 a 24 años;Ambos sexos;Valor absoluto;2006T4;270,4
De 20 a 24 años;Ambos sexos;Valor absoluto;2006T3;284,9
De 20 a 24 años;Ambos sexos;Valor absoluto;2006T2;282,5
De 20 a 24 años;Ambos sexos;Valor absoluto;2006T1;306,8
De 20 a 24 años;Ambos sexos;Valor absoluto;2005T4;316,1
De 20 a 24 años;Ambos sexos;Valor absoluto;2005T3;311,3
De 20 a 24 años;Ambos sexos;Valor absoluto;2005T2;340,8
De 20 a 24 años;Ambos sexos;Valor absoluto;2005T1;377,2
De 20 a 24 años;Ambos sexos;Valor absoluto;2004T4;368,5
De 20 a 24 años;Ambos sexos;Valor absoluto;2004T3;386
De 20 a 24 años;Ambos sexos;Valor absoluto;2004T2;389,4
De 20 a 24 años;Ambos sexos;Valor absoluto;2004T1;391,8
De 20 a 24 años;Ambos sexos;Valor absoluto;2003T4;401,8
De 20 a 24 años;Ambos sexos;Valor absoluto;2003T3;397
De 20 a 24 años;Ambos sexos;Valor absoluto;2003T2;375,2
De 20 a 24 años;Ambos sexos;Valor absoluto;2003T1;405,3
De 20 a 24 años;Ambos sexos;Valor absoluto;2002T4;411
De 20 a 24 años;Ambos sexos;Valor absoluto;2002T3;397,3
De 20 a 24 años;Ambos sexos;Valor absoluto;2002T2;380,8
De 20 a 24 años;Ambos sexos;Valor absoluto;2002T1;396,4
De 20 a 24 años;Ambos sexos;Porcentaje;2026T1;12,1
De 20 a 24 años;Ambos sexos;Porcentaje;2025T4;13,4
De 20 a 24 años;Ambos sexos;Porcentaje;2025T3;14
De 20 a 24 años;Ambos sexos;Porcentaje;2025T2;12,7
De 20 a 24 años;Ambos sexos;Porcentaje;2025T1;12,4
De 20 a 24 años;Ambos sexos;Porcentaje;2024T4;12,3
De 20 a 24 años;Ambos sexos;Porcentaje;2024T3;13,6
De 20 a 24 años;Ambos sexos;Porcentaje;2024T2;11,7
De 20 a 24 años;Ambos sexos;Porcentaje;2024T1;11,7
De 20 a 24 años;Ambos sexos;Porcentaje;2023T4;12,7
De 20 a 24 años;Ambos sexos;Porcentaje;2023T3;13
De 20 a 24 años;Ambos sexos;Porcentaje;2023T2;12,3
De 20 a 24 años;Ambos sexos;Porcentaje;2023T1;11,1
De 20 a 24 años;Ambos sexos;Porcentaje;2022T4;11,2
De 20 a 24 años;Ambos sexos;Porcentaje;2022T3;12,6
De 20 a 24 años;Ambos sexos;Porcentaje;2022T2;11,1
De 20 a 24 años;Ambos sexos;Porcentaje;2022T1;10,4
De 20 a 24 años;Ambos sexos;Porcentaje;2021T4;10,6
De 20 a 24 años;Ambos sexos;Porcentaje;2021T3;11,1
De 20 a 24 años;Ambos sexos;Porcentaje;2021T2;12,4
De 20 a 24 años;Ambos sexos;Porcentaje;2021T1;11,7
De 20 a 24 años;Ambos sexos;Porcentaje;2020T4;11,9
De 20 a 24 años;Ambos sexos;Porcentaje;2020T3;12,7
De 20 a 24 años;Ambos sexos;Porcentaje;2020T2;11,9
De 20 a 24 años;Ambos sexos;Porcentaje;2020T1;11,2
De 20 a 24 años;Ambos sexos;Porcentaje;2019T4;10,9
De 20 a 24 años;Ambos sexos;Porcentaje;2019T3;12,3
De 20 a 24 años;Ambos sexos;Porcentaje;2019T2;11,7
De 20 a 24 años;Ambos sexos;Porcentaje;2019T1;11,5
De 20 a 24 años;Ambos sexos;Porcentaje;2018T4;11,6
De 20 a 24 años;Ambos sexos;Porcentaje;2018T3;11,8
De 20 a 24 años;Ambos sexos;Porcentaje;2018T2;11
De 20 a 24 años;Ambos sexos;Porcentaje;2018T1;10,1
De 20 a 24 años;Ambos sexos;Porcentaje;2017T4;11,1
De 20 a 24 años;Ambos sexos;Porcentaje;2017T3;11,5
De 20 a 24 años;Ambos sexos;Porcentaje;2017T2;11,3
De 20 a 24 años;Ambos sexos;Porcentaje;2017T1;10,7
De 20 a 24 años;Ambos sexos;Porcentaje;2016T4;11,2
De 20 a 24 años;Ambos sexos;Porcentaje;2016T3;11,6
De 20 a 24 años;Ambos sexos;Porcentaje;2016T2;11,9
De 20 a 24 años;Ambos sexos;Porcentaje;2016T1;11
De 20 a 24 años;Ambos sexos;Porcentaje;2015T4;11,1
De 20 a 24 años;Ambos sexos;Porcentaje;2015T3;12
De 20 a 24 años;Ambos sexos;Porcentaje;2015T2;11,5
De 20 a 24 años;Ambos sexos;Porcentaje;2015T1;11,2
De 20 a 24 años;Ambos sexos;Porcentaje;2014T4;11,8
De 20 a 24 años;Ambos sexos;Porcentaje;2014T3;12,6
De 20 a 24 años;Ambos sexos;Porcentaje;2014T2;11,9
De 20 a 24 años;Ambos sexos;Porcentaje;2014T1;12
De 20 a 24 años;Ambos sexos;Porcentaje;2013T4;11,9
De 20 a 24 años;Ambos sexos;Porcentaje;2013T3;12,3
De 20 a 24 años;Ambos sexos;Porcentaje;2013T2;12,4
De 20 a 24 años;Ambos sexos;Porcentaje;2013T1;12,3
De 20 a 24 años;Ambos sexos;Porcentaje;2012T4;12,5
De 20 a 24 años;Ambos sexos;Porcentaje;2012T3;12,7
De 20 a 24 años;Ambos sexos;Porcentaje;2012T2;12,8
De 20 a 24 años;Ambos sexos;Porcentaje;2012T1;12,6
De 20 a 24 años;Ambos sexos;Porcentaje;2011T4;12,9
De 20 a 24 años;Ambos sexos;Porcentaje;2011T3;13,7
De 20 a 24 años;Ambos sexos;Porcentaje;2011T2;13,9
De 20 a 24 años;Ambos sexos;Porcentaje;2011T1;13,3
De 20 a 24 años;Ambos sexos;Porcentaje;2010T4;13,3
De 20 a 24 años;Ambos sexos;Porcentaje;2010T3;13,5
De 20 a 24 años;Ambos sexos;Porcentaje;2010T2;13,3
De 20 a 24 años;Ambos sexos;Porcentaje;2010T1;13,1
De 20 a 24 años;Ambos sexos;Porcentaje;2009T4;13,8
De 20 a 24 años;Ambos sexos;Porcentaje;2009T3;15,3
De 20 a 24 años;Ambos sexos;Porcentaje;2009T2;14,4
De 20 a 24 años;Ambos sexos;Porcentaje;2009T1;13,8
De 20 a 24 años;Ambos sexos;Porcentaje;2008T4;14,3
De 20 a 24 años;Ambos sexos;Porcentaje;2008T3;14,9
De 20 a 24 años;Ambos sexos;Porcentaje;2008T2;14,6
De 20 a 24 años;Ambos sexos;Porcentaje;2008T1;15
De 20 a 24 años;Ambos sexos;Porcentaje;2007T4;14,7
De 20 a 24 años;Ambos sexos;Porcentaje;2007T3;16,2
De 20 a 24 años;Ambos sexos;Porcentaje;2007T2;15,7
De 20 a 24 años;Ambos sexos;Porcentaje;2007T1;15,1
De 20 a 24 años;Ambos sexos;Porcentaje;2006T4;14,9
De 20 a 24 años;Ambos sexos;Porcentaje;2006T3;16,1
De 20 a 24 años;Ambos sexos;Porcentaje;2006T2;15,4
De 20 a 24 años;Ambos sexos;Porcentaje;2006T1;15,8
De 20 a 24 años;Ambos sexos;Porcentaje;2005T4;17
De 20 a 24 años;Ambos sexos;Porcentaje;2005T3;17,5
De 20 a 24 años;Ambos sexos;Porcentaje;2005T2;17,3
De 20 a 24 años;Ambos sexos;Porcentaje;2005T1;17,8
De 20 a 24 años;Ambos sexos;Porcentaje;2004T4;16,9
De 20 a 24 años;Ambos sexos;Porcentaje;2004T3;17,5
De 20 a 24 años;Ambos sexos;Porcentaje;2004T2;17,3
De 20 a 24 años;Ambos sexos;Porcentaje;2004T1;17
De 20 a 24 años;Ambos sexos;Porcentaje;2003T4;17,7
De 20 a 24 años;Ambos sexos;Porcentaje;2003T3;17,7
De 20 a 24 años;Ambos sexos;Porcentaje;2003T2;16,9
De 20 a 24 años;Ambos sexos;Porcentaje;2003T1;17,4
De 20 a 24 años;Ambos sexos;Porcentaje;2002T4;18,4
De 20 a 24 años;Ambos sexos;Porcentaje;2002T3;18,1
De 20 a 24 años;Ambos sexos;Porcentaje;2002T2;18,1
De 20 a 24 años;Ambos sexos;Porcentaje;2002T1;18,4
De 20 a 24 años;Hombres;Valor absoluto;2026T1;171
De 20 a 24 años;Hombres;Valor absoluto;2025T4;170,5
De 20 a 24 años;Hombres;Valor absoluto;2025T3;196,7
De 20 a 24 años;Hombres;Valor absoluto;2025T2;161,1
De 20 a 24 años;Hombres;Valor absoluto;2025T1;184,9
De 20 a 24 años;Hombres;Valor absoluto;2024T4;171,3
De 20 a 24 años;Hombres;Valor absoluto;2024T3;194,2
De 20 a 24 años;Hombres;Valor absoluto;2024T2;178,6
De 20 a 24 años;Hombres;Valor absoluto;2024T1;197,6
De 20 a 24 años;Hombres;Valor absoluto;2023T4;205,6
De 20 a 24 años;Hombres;Valor absoluto;2023T3;210,5
De 20 a 24 años;Hombres;Valor absoluto;2023T2;181,5
De 20 a 24 años;Hombres;Valor absoluto;2023T1;180,3
De 20 a 24 años;Hombres;Valor absoluto;2022T4;176,7
De 20 a 24 años;Hombres;Valor absoluto;2022T3;188,7
De 20 a 24 años;Hombres;Valor absoluto;2022T2;165,2
De 20 a 24 años;Hombres;Valor absoluto;2022T1;183,6
De 20 a 24 años;Hombres;Valor absoluto;2021T4;174,2
De 20 a 24 años;Hombres;Valor absoluto;2021T3;201,4
De 20 a 24 años;Hombres;Valor absoluto;2021T2;227,1
De 20 a 24 años;Hombres;Valor absoluto;2021T1;224,7
De 20 a 24 años;Hombres;Valor absoluto;2020T4;234,5
De 20 a 24 años;Hombres;Valor absoluto;2020T3;243,3
De 20 a 24 años;Hombres;Valor absoluto;2020T2;214,6
De 20 a 24 años;Hombres;Valor absoluto;2020T1;197,1
De 20 a 24 años;Hombres;Valor absoluto;2019T4;180,3
De 20 a 24 años;Hombres;Valor absoluto;2019T3;201
De 20 a 24 años;Hombres;Valor absoluto;2019T2;192,8
De 20 a 24 años;Hombres;Valor absoluto;2019T1;196,9
De 20 a 24 años;Hombres;Valor absoluto;2018T4;204,2
De 20 a 24 años;Hombres;Valor absoluto;2018T3;219,9
De 20 a 24 años;Hombres;Valor absoluto;2018T2;212,6
De 20 a 24 años;Hombres;Valor absoluto;2018T1;217,6
De 20 a 24 años;Hombres;Valor absoluto;2017T4;219,2
De 20 a 24 años;Hombres;Valor absoluto;2017T3;237,4
De 20 a 24 años;Hombres;Valor absoluto;2017T2;242
De 20 a 24 años;Hombres;Valor absoluto;2017T1;249,2
De 20 a 24 años;Hombres;Valor absoluto;2016T4;257,9
De 20 a 24 años;Hombres;Valor absoluto;2016T3;263,3
De 20 a 24 años;Hombres;Valor absoluto;2016T2;285,4
De 20 a 24 años;Hombres;Valor absoluto;2016T1;270
De 20 a 24 años;Hombres;Valor absoluto;2015T4;280
De 20 a 24 años;Hombres;Valor absoluto;2015T3;304,8
De 20 a 24 años;Hombres;Valor absoluto;2015T2;315
De 20 a 24 años;Hombres;Valor absoluto;2015T1;336,3
De 20 a 24 años;Hombres;Valor absoluto;2014T4;341,4
De 20 a 24 años;Hombres;Valor absoluto;2014T3;370,3
De 20 a 24 años;Hombres;Valor absoluto;2014T2;360,2
De 20 a 24 años;Hombres;Valor absoluto;2014T1;381
De 20 a 24 años;Hombres;Valor absoluto;2013T4;376,6
De 20 a 24 años;Hombres;Valor absoluto;2013T3;385,2
De 20 a 24 años;Hombres;Valor absoluto;2013T2;404
De 20 a 24 años;Hombres;Valor absoluto;2013T1;419,6
De 20 a 24 años;Hombres;Valor absoluto;2012T4;402,6
De 20 a 24 años;Hombres;Valor absoluto;2012T3;395,3
De 20 a 24 años;Hombres;Valor absoluto;2012T2;386,9
De 20 a 24 años;Hombres;Valor absoluto;2012T1;389,6
De 20 a 24 años;Hombres;Valor absoluto;2011T4;371,5
De 20 a 24 años;Hombres;Valor absoluto;2011T3;365
De 20 a 24 años;Hombres;Valor absoluto;2011T2;368,4
De 20 a 24 años;Hombres;Valor absoluto;2011T1;361,4
De 20 a 24 años;Hombres;Valor absoluto;2010T4;347,7
De 20 a 24 años;Hombres;Valor absoluto;2010T3;333,1
De 20 a 24 años;Hombres;Valor absoluto;2010T2;346,2
De 20 a 24 años;Hombres;Valor absoluto;2010T1;344,1
De 20 a 24 años;Hombres;Valor absoluto;2009T4;335,4
De 20 a 24 años;Hombres;Valor absoluto;2009T3;340
De 20 a 24 años;Hombres;Valor absoluto;2009T2;334,5
De 20 a 24 años;Hombres;Valor absoluto;2009T1;307,4
De 20 a 24 años;Hombres;Valor absoluto;2008T4;256,5
De 20 a 24 años;Hombres;Valor absoluto;2008T3;210,5
De 20 a 24 años;Hombres;Valor absoluto;2008T2;181,3
De 20 a 24 años;Hombres;Valor absoluto;2008T1;166,9
De 20 a 24 años;Hombres;Valor absoluto;2007T4;136,8
De 20 a 24 años;Hombres;Valor absoluto;2007T3;133,4
De 20 a 24 años;Hombres;Valor absoluto;2007T2;124,4
De 20 a 24 años;Hombres;Valor absoluto;2007T1;120,3
De 20 a 24 años;Hombres;Valor absoluto;2006T4;111,1
De 20 a 24 años;Hombres;Valor absoluto;2006T3;127,7
De 20 a 24 años;Hombres;Valor absoluto;2006T2;131,9
De 20 a 24 años;Hombres;Valor absoluto;2006T1;150,3
De 20 a 24 años;Hombres;Valor absoluto;2005T4;150,3
De 20 a 24 años;Hombres;Valor absoluto;2005T3;140,6
De 20 a 24 años;Hombres;Valor absoluto;2005T2;158,7
De 20 a 24 años;Hombres;Valor absoluto;2005T1;174,1
De 20 a 24 años;Hombres;Valor absoluto;2004T4;167,9
De 20 a 24 años;Hombres;Valor absoluto;2004T3;171,8
De 20 a 24 años;Hombres;Valor absoluto;2004T2;184,5
De 20 a 24 años;Hombres;Valor absoluto;2004T1;185,9
De 20 a 24 años;Hombres;Valor absoluto;2003T4;188,5
De 20 a 24 años;Hombres;Valor absoluto;2003T3;189,7
De 20 a 24 años;Hombres;Valor absoluto;2003T2;175,2
De 20 a 24 años;Hombres;Valor absoluto;2003T1;191,3
De 20 a 24 años;Hombres;Valor absoluto;2002T4;195,3
De 20 a 24 años;Hombres;Valor absoluto;2002T3;178,5
De 20 a 24 años;Hombres;Valor absoluto;2002T2;159,7
De 20 a 24 años;Hombres;Valor absoluto;2002T1;182,1
De 20 a 24 años;Hombres;Porcentaje;2026T1;13,7
De 20 a 24 años;Hombres;Porcentaje;2025T4;14,8
De 20 a 24 años;Hombres;Porcentaje;2025T3;16,7
De 20 a 24 años;Hombres;Porcentaje;2025T2;13,4
De 20 a 24 años;Hombres;Porcentaje;2025T1;14,1
De 20 a 24 años;Hombres;Porcentaje;2024T4;13,9
De 20 a 24 años;Hombres;Porcentaje;2024T3;14,9
De 20 a 24 años;Hombres;Porcentaje;2024T2;13,7
De 20 a 24 años;Hombres;Porcentaje;2024T1;14
De 20 a 24 años;Hombres;Porcentaje;2023T4;15,4
De 20 a 24 años;Hombres;Porcentaje;2023T3;15,9
De 20 a 24 años;Hombres;Porcentaje;2023T2;13,9
De 20 a 24 años;Hombres;Porcentaje;2023T1;12,3
De 20 a 24 años;Hombres;Porcentaje;2022T4;12,3
De 20 a 24 años;Hombres;Porcentaje;2022T3;13,8
De 20 a 24 años;Hombres;Porcentaje;2022T2;11,8
De 20 a 24 años;Hombres;Porcentaje;2022T1;12,1
De 20 a 24 años;Hombres;Porcentaje;2021T4;11,8
De 20 a 24 años;Hombres;Porcentaje;2021T3;12,2
De 20 a 24 años;Hombres;Porcentaje;2021T2;13,5
De 20 a 24 años;Hombres;Porcentaje;2021T1;13
De 20 a 24 años;Hombres;Porcentaje;2020T4;13,6
De 20 a 24 años;Hombres;Porcentaje;2020T3;13,8
De 20 a 24 años;Hombres;Porcentaje;2020T2;12,9
De 20 a 24 años;Hombres;Porcentaje;2020T1;12,6
De 20 a 24 años;Hombres;Porcentaje;2019T4;12
De 20 a 24 años;Hombres;Porcentaje;2019T3;13,4
De 20 a 24 años;Hombres;Porcentaje;2019T2;12,6
De 20 a 24 años;Hombres;Porcentaje;2019T1;12,5
De 20 a 24 años;Hombres;Porcentaje;2018T4;13
De 20 a 24 años;Hombres;Porcentaje;2018T3;13,7
De 20 a 24 años;Hombres;Porcentaje;2018T2;12,7
De 20 a 24 años;Hombres;Porcentaje;2018T1;11,8
De 20 a 24 años;Hombres;Porcentaje;2017T4;12
De 20 a 24 años;Hombres;Porcentaje;2017T3;13,1
De 20 a 24 años;Hombres;Porcentaje;2017T2;12,7
De 20 a 24 años;Hombres;Porcentaje;2017T1;11,9
De 20 a 24 años;Hombres;Porcentaje;2016T4;12,3
De 20 a 24 años;Hombres;Porcentaje;2016T3;12,4
De 20 a 24 años;Hombres;Porcentaje;2016T2;12,7
De 20 a 24 años;Hombres;Porcentaje;2016T1;11,4
De 20 a 24 años;Hombres;Porcentaje;2015T4;11,7
De 20 a 24 años;Hombres;Porcentaje;2015T3;12,4
De 20 a 24 años;Hombres;Porcentaje;2015T2;12,2
De 20 a 24 años;Hombres;Porcentaje;2015T1;12
De 20 a 24 años;Hombres;Porcentaje;2014T4;12,1
De 20 a 24 años;Hombres;Porcentaje;2014T3;13,3
De 20 a 24 años;Hombres;Porcentaje;2014T2;12,3
De 20 a 24 años;Hombres;Porcentaje;2014T1;12,2
De 20 a 24 años;Hombres;Porcentaje;2013T4;12,1
De 20 a 24 años;Hombres;Porcentaje;2013T3;12,2
De 20 a 24 años;Hombres;Porcentaje;2013T2;12,6
De 20 a 24 años;Hombres;Porcentaje;2013T1;12,5
De 20 a 24 años;Hombres;Porcentaje;2012T4;12,5
De 20 a 24 años;Hombres;Porcentaje;2012T3;12,6
De 20 a 24 años;Hombres;Porcentaje;2012T2;12,4
De 20 a 24 años;Hombres;Porcentaje;2012T1;12,8
De 20 a 24 años;Hombres;Porcentaje;2011T4;13
De 20 a 24 años;Hombres;Porcentaje;2011T3;13,5
De 20 a 24 años;Hombres;Porcentaje;2011T2;14
De 20 a 24 años;Hombres;Porcentaje;2011T1;13,7
De 20 a 24 años;Hombres;Porcentaje;2010T4;13,6
De 20 a 24 años;Hombres;Porcentaje;2010T3;13,4
De 20 a 24 años;Hombres;Porcentaje;2010T2;13,6
De 20 a 24 años;Hombres;Porcentaje;2010T1;13,4
De 20 a 24 años;Hombres;Porcentaje;2009T4;14
De 20 a 24 años;Hombres;Porcentaje;2009T3;14,8
De 20 a 24 años;Hombres;Porcentaje;2009T2;14,6
De 20 a 24 años;Hombres;Porcentaje;2009T1;13,9
De 20 a 24 años;Hombres;Porcentaje;2008T4;15,1
De 20 a 24 años;Hombres;Porcentaje;2008T3;15,5
De 20 a 24 años;Hombres;Porcentaje;2008T2;15,2
De 20 a 24 años;Hombres;Porcentaje;2008T1;16,2
De 20 a 24 años;Hombres;Porcentaje;2007T4;15,3
De 20 a 24 años;Hombres;Porcentaje;2007T3;16,4
De 20 a 24 años;Hombres;Porcentaje;2007T2;15,7
De 20 a 24 años;Hombres;Porcentaje;2007T1;14,9
De 20 a 24 años;Hombres;Porcentaje;2006T4;14,3
De 20 a 24 años;Hombres;Porcentaje;2006T3;16,6
De 20 a 24 años;Hombres;Porcentaje;2006T2;16,4
De 20 a 24 años;Hombres;Porcentaje;2006T1;17,5
De 20 a 24 años;Hombres;Porcentaje;2005T4;17,9
De 20 a 24 años;Hombres;Porcentaje;2005T3;17,2
De 20 a 24 años;Hombres;Porcentaje;2005T2;17,3
De 20 a 24 años;Hombres;Porcentaje;2005T1;18,2
De 20 a 24 años;Hombres;Porcentaje;2004T4;17,7
De 20 a 24 años;Hombres;Porcentaje;2004T3;17,4
De 20 a 24 años;Hombres;Porcentaje;2004T2;18,6
De 20 a 24 años;Hombres;Porcentaje;2004T1;18,1
De 20 a 24 años;Hombres;Porcentaje;2003T4;18,6
De 20 a 24 años;Hombres;Porcentaje;2003T3;19,2
De 20 a 24 años;Hombres;Porcentaje;2003T2;18,2
De 20 a 24 años;Hombres;Porcentaje;2003T1;18,9
De 20 a 24 años;Hombres;Porcentaje;2002T4;19,7
De 20 a 24 años;Hombres;Porcentaje;2002T3;18,7
De 20 a 24 años;Hombres;Porcentaje;2002T2;18
De 20 a 24 años;Hombres;Porcentaje;2002T1;19,5
De 20 a 24 años;Mujeres;Valor absoluto;2026T1;157,5
De 20 a 24 años;Mujeres;Valor absoluto;2025T4;160,7
De 20 a 24 años;Mujeres;Valor absoluto;2025T3;168,3
De 20 a 24 años;Mujeres;Valor absoluto;2025T2;162
De 20 a 24 años;Mujeres;Valor absoluto;2025T1;161,7
De 20 a 24 años;Mujeres;Valor absoluto;2024T4;146,8
De 20 a 24 años;Mujeres;Valor absoluto;2024T3;180,2
De 20 a 24 años;Mujeres;Valor absoluto;2024T2;143,4
De 20 a 24 años;Mujeres;Valor absoluto;2024T1;151
De 20 a 24 años;Mujeres;Valor absoluto;2023T4;157,4
De 20 a 24 años;Mujeres;Valor absoluto;2023T3;166
De 20 a 24 años;Mujeres;Valor absoluto;2023T2;164,1
De 20 a 24 años;Mujeres;Valor absoluto;2023T1;173
De 20 a 24 años;Mujeres;Valor absoluto;2022T4;169,8
De 20 a 24 años;Mujeres;Valor absoluto;2022T3;194
De 20 a 24 años;Mujeres;Valor absoluto;2022T2;166,1
De 20 a 24 años;Mujeres;Valor absoluto;2022T1;150,4
De 20 a 24 años;Mujeres;Valor absoluto;2021T4;159,2
De 20 a 24 años;Mujeres;Valor absoluto;2021T3;184,8
De 20 a 24 años;Mujeres;Valor absoluto;2021T2;217,7
De 20 a 24 años;Mujeres;Valor absoluto;2021T1;207,2
De 20 a 24 años;Mujeres;Valor absoluto;2020T4;206,8
De 20 a 24 años;Mujeres;Valor absoluto;2020T3;228,9
De 20 a 24 años;Mujeres;Valor absoluto;2020T2;187,4
De 20 a 24 años;Mujeres;Valor absoluto;2020T1;172,5
De 20 a 24 años;Mujeres;Valor absoluto;2019T4;167,8
De 20 a 24 años;Mujeres;Valor absoluto;2019T3;194
De 20 a 24 años;Mujeres;Valor absoluto;2019T2;185
De 20 a 24 años;Mujeres;Valor absoluto;2019T1;188,6
De 20 a 24 años;Mujeres;Valor absoluto;2018T4;178,6
De 20 a 24 años;Mujeres;Valor absoluto;2018T3;171,1
De 20 a 24 años;Mujeres;Valor absoluto;2018T2;170,4
De 20 a 24 años;Mujeres;Valor absoluto;2018T1;164,8
De 20 a 24 años;Mujeres;Valor absoluto;2017T4;198,8
De 20 a 24 años;Mujeres;Valor absoluto;2017T3;191,5
De 20 a 24 años;Mujeres;Valor absoluto;2017T2;200,7
De 20 a 24 años;Mujeres;Valor absoluto;2017T1;208,1
De 20 a 24 años;Mujeres;Valor absoluto;2016T4;218,5
De 20 a 24 años;Mujeres;Valor absoluto;2016T3;237,8
De 20 a 24 años;Mujeres;Valor absoluto;2016T2;259,7
De 20 a 24 años;Mujeres;Valor absoluto;2016T1;256,5
De 20 a 24 años;Mujeres;Valor absoluto;2015T4;252,5
De 20 a 24 años;Mujeres;Valor absoluto;2015T3;276
De 20 a 24 años;Mujeres;Valor absoluto;2015T2;274,9
De 20 a 24 años;Mujeres;Valor absoluto;2015T1;275
De 20 a 24 años;Mujeres;Valor absoluto;2014T4;304,2
De 20 a 24 años;Mujeres;Valor absoluto;2014T3;313,7
De 20 a 24 años;Mujeres;Valor absoluto;2014T2;309,3
De 20 a 24 años;Mujeres;Valor absoluto;2014T1;331
De 20 a 24 años;Mujeres;Valor absoluto;2013T4;329,4
De 20 a 24 años;Mujeres;Valor absoluto;2013T3;343,6
De 20 a 24 años;Mujeres;Valor absoluto;2013T2;346
De 20 a 24 años;Mujeres;Valor absoluto;2013T1;354,4
De 20 a 24 años;Mujeres;Valor absoluto;2012T4;348,7
De 20 a 24 años;Mujeres;Valor absoluto;2012T3;343,6
De 20 a 24 años;Mujeres;Valor absoluto;2012T2;344,3
De 20 a 24 años;Mujeres;Valor absoluto;2012T1;325,6
De 20 a 24 años;Mujeres;Valor absoluto;2011T4;308,1
De 20 a 24 años;Mujeres;Valor absoluto;2011T3;321
De 20 a 24 años;Mujeres;Valor absoluto;2011T2;303,2
De 20 a 24 años;Mujeres;Valor absoluto;2011T1;295
De 20 a 24 años;Mujeres;Valor absoluto;2010T4;279,9
De 20 a 24 años;Mujeres;Valor absoluto;2010T3;286,8
De 20 a 24 años;Mujeres;Valor absoluto;2010T2;273,6
De 20 a 24 años;Mujeres;Valor absoluto;2010T1;262,8
De 20 a 24 años;Mujeres;Valor absoluto;2009T4;264
De 20 a 24 años;Mujeres;Valor absoluto;2009T3;288,7
De 20 a 24 años;Mujeres;Valor absoluto;2009T2;259,8
De 20 a 24 años;Mujeres;Valor absoluto;2009T1;247,6
De 20 a 24 años;Mujeres;Valor absoluto;2008T4;203,3
De 20 a 24 años;Mujeres;Valor absoluto;2008T3;176
De 20 a 24 años;Mujeres;Valor absoluto;2008T2;167,2
De 20 a 24 años;Mujeres;Valor absoluto;2008T1;160,9
De 20 a 24 años;Mujeres;Valor absoluto;2007T4;148,4
De 20 a 24 años;Mujeres;Valor absoluto;2007T3;159,4
De 20 a 24 años;Mujeres;Valor absoluto;2007T2;154,5
De 20 a 24 años;Mujeres;Valor absoluto;2007T1;161,3
De 20 a 24 años;Mujeres;Valor absoluto;2006T4;159,3
De 20 a 24 años;Mujeres;Valor absoluto;2006T3;157,2
De 20 a 24 años;Mujeres;Valor absoluto;2006T2;150,6
De 20 a 24 años;Mujeres;Valor absoluto;2006T1;156,5
De 20 a 24 años;Mujeres;Valor absoluto;2005T4;165,8
De 20 a 24 años;Mujeres;Valor absoluto;2005T3;170,7
De 20 a 24 años;Mujeres;Valor absoluto;2005T2;182,1
De 20 a 24 años;Mujeres;Valor absoluto;2005T1;203
De 20 a 24 años;Mujeres;Valor absoluto;2004T4;200,6
De 20 a 24 años;Mujeres;Valor absoluto;2004T3;214,2
De 20 a 24 años;Mujeres;Valor absoluto;2004T2;204,9
De 20 a 24 años;Mujeres;Valor absoluto;2004T1;205,9
De 20 a 24 años;Mujeres;Valor absoluto;2003T4;213,4
De 20 a 24 años;Mujeres;Valor absoluto;2003T3;207,3
De 20 a 24 años;Mujeres;Valor absoluto;2003T2;200
De 20 a 24 años;Mujeres;Valor absoluto;2003T1;214
De 20 a 24 años;Mujeres;Valor absoluto;2002T4;215,8
De 20 a 24 años;Mujeres;Valor absoluto;2002T3;218,8
De 20 a 24 años;Mujeres;Valor absoluto;2002T2;221,1
De 20 a 24 años;Mujeres;Valor absoluto;2002T1;214,3
De 20 a 24 años;Mujeres;Porcentaje;2026T1;10,8
De 20 a 24 años;Mujeres;Porcentaje;2025T4;12,1
De 20 a 24 años;Mujeres;Porcentaje;2025T3;11,7
De 20 a 24 años;Mujeres;Porcentaje;2025T2;12
De 20 a 24 años;Mujeres;Porcentaje;2025T1;10,9
De 20 a 24 años;Mujeres;Porcentaje;2024T4;10,8
De 20 a 24 años;Mujeres;Porcentaje;2024T3;12,4
De 20 a 24 años;Mujeres;Porcentaje;2024T2;9,8
De 20 a 24 años;Mujeres;Porcentaje;2024T1;9,6
De 20 a 24 años;Mujeres;Porcentaje;2023T4;10,3
De 20 a 24 años;Mujeres;Porcentaje;2023T3;10,6
De 20 a 24 años;Mujeres;Porcentaje;2023T2;10,9
De 20 a 24 años;Mujeres;Porcentaje;2023T1;10,1
De 20 a 24 años;Mujeres;Porcentaje;2022T4;10,3
De 20 a 24 años;Mujeres;Porcentaje;2022T3;11,7
De 20 a 24 años;Mujeres;Porcentaje;2022T2;10,4
De 20 a 24 años;Mujeres;Porcentaje;2022T1;8,8
De 20 a 24 años;Mujeres;Porcentaje;2021T4;9,5
De 20 a 24 años;Mujeres;Porcentaje;2021T3;10,2
De 20 a 24 años;Mujeres;Porcentaje;2021T2;11,4
De 20 a 24 años;Mujeres;Porcentaje;2021T1;10,5
De 20 a 24 años;Mujeres;Porcentaje;2020T4;10,4
De 20 a 24 años;Mujeres;Porcentaje;2020T3;11,6
De 20 a 24 años;Mujeres;Porcentaje;2020T2;11
De 20 a 24 años;Mujeres;Porcentaje;2020T1;9,9
De 20 a 24 años;Mujeres;Porcentaje;2019T4;10
De 20 a 24 años;Mujeres;Porcentaje;2019T3;11,3
De 20 a 24 años;Mujeres;Porcentaje;2019T2;10,9
De 20 a 24 años;Mujeres;Porcentaje;2019T1;10,6
De 20 a 24 años;Mujeres;Porcentaje;2018T4;10,3
De 20 a 24 años;Mujeres;Porcentaje;2018T3;10
De 20 a 24 años;Mujeres;Porcentaje;2018T2;9,4
De 20 a 24 años;Mujeres;Porcentaje;2018T1;8,4
De 20 a 24 años;Mujeres;Porcentaje;2017T4;10,2
De 20 a 24 años;Mujeres;Porcentaje;2017T3;10
De 20 a 24 años;Mujeres;Porcentaje;2017T2;10
De 20 a 24 años;Mujeres;Porcentaje;2017T1;9,6
De 20 a 24 años;Mujeres;Porcentaje;2016T4;10,2
De 20 a 24 años;Mujeres;Porcentaje;2016T3;10,9
De 20 a 24 años;Mujeres;Porcentaje;2016T2;11,2
De 20 a 24 años;Mujeres;Porcentaje;2016T1;10,6
De 20 a 24 años;Mujeres;Porcentaje;2015T4;10,6
De 20 a 24 años;Mujeres;Porcentaje;2015T3;11,5
De 20 a 24 años;Mujeres;Porcentaje;2015T2;10,7
De 20 a 24 años;Mujeres;Porcentaje;2015T1;10,4
De 20 a 24 años;Mujeres;Porcentaje;2014T4;11,5
De 20 a 24 años;Mujeres;Porcentaje;2014T3;11,9
De 20 a 24 años;Mujeres;Porcentaje;2014T2;11,5
De 20 a 24 años;Mujeres;Porcentaje;2014T1;11,8
De 20 a 24 años;Mujeres;Porcentaje;2013T4;11,7
De 20 a 24 años;Mujeres;Porcentaje;2013T3;12,3
De 20 a 24 años;Mujeres;Porcentaje;2013T2;12,1
De 20 a 24 años;Mujeres;Porcentaje;2013T1;12,1
De 20 a 24 años;Mujeres;Porcentaje;2012T4;12,4
De 20 a 24 años;Mujeres;Porcentaje;2012T3;12,8
De 20 a 24 años;Mujeres;Porcentaje;2012T2;13,2
De 20 a 24 años;Mujeres;Porcentaje;2012T1;12,4
De 20 a 24 años;Mujeres;Porcentaje;2011T4;12,7
De 20 a 24 años;Mujeres;Porcentaje;2011T3;13,9
De 20 a 24 años;Mujeres;Porcentaje;2011T2;13,7
De 20 a 24 años;Mujeres;Porcentaje;2011T1;13
De 20 a 24 años;Mujeres;Porcentaje;2010T4;13
De 20 a 24 años;Mujeres;Porcentaje;2010T3;13,7
De 20 a 24 años;Mujeres;Porcentaje;2010T2;13
De 20 a 24 años;Mujeres;Porcentaje;2010T1;12,8
De 20 a 24 años;Mujeres;Porcentaje;2009T4;13,7
De 20 a 24 años;Mujeres;Porcentaje;2009T3;15,8
De 20 a 24 años;Mujeres;Porcentaje;2009T2;14,1
De 20 a 24 años;Mujeres;Porcentaje;2009T1;13,7
De 20 a 24 años;Mujeres;Porcentaje;2008T4;13,5
De 20 a 24 años;Mujeres;Porcentaje;2008T3;14,2
De 20 a 24 años;Mujeres;Porcentaje;2008T2;14
De 20 a 24 años;Mujeres;Porcentaje;2008T1;13,9
De 20 a 24 años;Mujeres;Porcentaje;2007T4;14,2
De 20 a 24 años;Mujeres;Porcentaje;2007T3;16
De 20 a 24 años;Mujeres;Porcentaje;2007T2;15,8
De 20 a 24 años;Mujeres;Porcentaje;2007T1;15,3
De 20 a 24 años;Mujeres;Porcentaje;2006T4;15,3
De 20 a 24 años;Mujeres;Porcentaje;2006T3;15,7
De 20 a 24 años;Mujeres;Porcentaje;2006T2;14,6
De 20 a 24 años;Mujeres;Porcentaje;2006T1;14,4
De 20 a 24 años;Mujeres;Porcentaje;2005T4;16,2
De 20 a 24 años;Mujeres;Porcentaje;2005T3;17,6
De 20 a 24 años;Mujeres;Porcentaje;2005T2;17,3
De 20 a 24 años;Mujeres;Porcentaje;2005T1;17,5
De 20 a 24 años;Mujeres;Porcentaje;2004T4;16,3
De 20 a 24 años;Mujeres;Porcentaje;2004T3;17,7
De 20 a 24 años;Mujeres;Porcentaje;2004T2;16,3
De 20 a 24 años;Mujeres;Porcentaje;2004T1;16,1
De 20 a 24 años;Mujeres;Porcentaje;2003T4;16,9
De 20 a 24 años;Mujeres;Porcentaje;2003T3;16,5
De 20 a 24 años;Mujeres;Porcentaje;2003T2;16
De 20 a 24 años;Mujeres;Porcentaje;2003T1;16,3
De 20 a 24 años;Mujeres;Porcentaje;2002T4;17,4
De 20 a 24 años;Mujeres;Porcentaje;2002T3;17,6
De 20 a 24 años;Mujeres;Porcentaje;2002T2;18,2
De 20 a 24 años;Mujeres;Porcentaje;2002T1;17,6
De 25 a 29 años;Ambos sexos;Valor absoluto;2026T1;319,5
De 25 a 29 años;Ambos sexos;Valor absoluto;2025T4;294,6
De 25 a 29 años;Ambos sexos;Valor absoluto;2025T3;308,6
De 25 a 29 años;Ambos sexos;Valor absoluto;2025T2;308,7
De 25 a 29 años;Ambos sexos;Valor absoluto;2025T1;339,9
De 25 a 29 años;Ambos sexos;Valor absoluto;2024T4;324,4
De 25 a 29 años;Ambos sexos;Valor absoluto;2024T3;346
De 25 a 29 años;Ambos sexos;Valor absoluto;2024T2;315,6
De 25 a 29 años;Ambos sexos;Valor absoluto;2024T1;353,9
De 25 a 29 años;Ambos sexos;Valor absoluto;2023T4;348,1
De 25 a 29 años;Ambos sexos;Valor absoluto;2023T3;339,2
De 25 a 29 años;Ambos sexos;Valor absoluto;2023T2;313,6
De 25 a 29 años;Ambos sexos;Valor absoluto;2023T1;371,3
De 25 a 29 años;Ambos sexos;Valor absoluto;2022T4;365,6
De 25 a 29 años;Ambos sexos;Valor absoluto;2022T3;362,2
De 25 a 29 años;Ambos sexos;Valor absoluto;2022T2;304,9
De 25 a 29 años;Ambos sexos;Valor absoluto;2022T1;389,8
De 25 a 29 años;Ambos sexos;Valor absoluto;2021T4;400,4
De 25 a 29 años;Ambos sexos;Valor absoluto;2021T3;449,7
De 25 a 29 años;Ambos sexos;Valor absoluto;2021T2;473,1
De 25 a 29 años;Ambos sexos;Valor absoluto;2021T1;511,4
De 25 a 29 años;Ambos sexos;Valor absoluto;2020T4;501,5
De 25 a 29 años;Ambos sexos;Valor absoluto;2020T3;514,6
De 25 a 29 años;Ambos sexos;Valor absoluto;2020T2;467,1
De 25 a 29 años;Ambos sexos;Valor absoluto;2020T1;412,1
De 25 a 29 años;Ambos sexos;Valor absoluto;2019T4;403,8
De 25 a 29 años;Ambos sexos;Valor absoluto;2019T3;395,2
De 25 a 29 años;Ambos sexos;Valor absoluto;2019T2;389,6
De 25 a 29 años;Ambos sexos;Valor absoluto;2019T1;406,1
De 25 a 29 años;Ambos sexos;Valor absoluto;2018T4;399,5
De 25 a 29 años;Ambos sexos;Valor absoluto;2018T3;405,7
De 25 a 29 años;Ambos sexos;Valor absoluto;2018T2;433,1
De 25 a 29 años;Ambos sexos;Valor absoluto;2018T1;472,5
De 25 a 29 años;Ambos sexos;Valor absoluto;2017T4;456,2
De 25 a 29 años;Ambos sexos;Valor absoluto;2017T3;476,6
De 25 a 29 años;Ambos sexos;Valor absoluto;2017T2;485,8
De 25 a 29 años;Ambos sexos;Valor absoluto;2017T1;520,9
De 25 a 29 años;Ambos sexos;Valor absoluto;2016T4;510,7
De 25 a 29 años;Ambos sexos;Valor absoluto;2016T3;515
De 25 a 29 años;Ambos sexos;Valor absoluto;2016T2;556,8
De 25 a 29 años;Ambos sexos;Valor absoluto;2016T1;609,1
De 25 a 29 años;Ambos sexos;Valor absoluto;2015T4;599,2
De 25 a 29 años;Ambos sexos;Valor absoluto;2015T3;611,3
De 25 a 29 años;Ambos sexos;Valor absoluto;2015T2;628,2
De 25 a 29 años;Ambos sexos;Valor absoluto;2015T1;678,2
De 25 a 29 años;Ambos sexos;Valor absoluto;2014T4;681,9
De 25 a 29 años;Ambos sexos;Valor absoluto;2014T3;665,4
De 25 a 29 años;Ambos sexos;Valor absoluto;2014T2;700,1
De 25 a 29 años;Ambos sexos;Valor absoluto;2014T1;768
De 25 a 29 años;Ambos sexos;Valor absoluto;2013T4;773,3
De 25 a 29 años;Ambos sexos;Valor absoluto;2013T3;774,1
De 25 a 29 años;Ambos sexos;Valor absoluto;2013T2;824,6
De 25 a 29 años;Ambos sexos;Valor absoluto;2013T1;874,5
De 25 a 29 años;Ambos sexos;Valor absoluto;2012T4;854
De 25 a 29 años;Ambos sexos;Valor absoluto;2012T3;812
De 25 a 29 años;Ambos sexos;Valor absoluto;2012T2;792,5
De 25 a 29 años;Ambos sexos;Valor absoluto;2012T1;798,1
De 25 a 29 años;Ambos sexos;Valor absoluto;2011T4;727,8
De 25 a 29 años;Ambos sexos;Valor absoluto;2011T3;697
De 25 a 29 años;Ambos sexos;Valor absoluto;2011T2;697,6
De 25 a 29 años;Ambos sexos;Valor absoluto;2011T1;731,4
De 25 a 29 años;Ambos sexos;Valor absoluto;2010T4;712,5
De 25 a 29 años;Ambos sexos;Valor absoluto;2010T3;697,4
De 25 a 29 años;Ambos sexos;Valor absoluto;2010T2;690,7
De 25 a 29 años;Ambos sexos;Valor absoluto;2010T1;733,6
De 25 a 29 años;Ambos sexos;Valor absoluto;2009T4;692,3
De 25 a 29 años;Ambos sexos;Valor absoluto;2009T3;645,5
De 25 a 29 años;Ambos sexos;Valor absoluto;2009T2;625
De 25 a 29 años;Ambos sexos;Valor absoluto;2009T1;648,5
De 25 a 29 años;Ambos sexos;Valor absoluto;2008T4;516
De 25 a 29 años;Ambos sexos;Valor absoluto;2008T3;433,1
De 25 a 29 años;Ambos sexos;Valor absoluto;2008T2;370,9
De 25 a 29 años;Ambos sexos;Valor absoluto;2008T1;350,6
De 25 a 29 años;Ambos sexos;Valor absoluto;2007T4;311,7
De 25 a 29 años;Ambos sexos;Valor absoluto;2007T3;277,3
De 25 a 29 años;Ambos sexos;Valor absoluto;2007T2;257,6
De 25 a 29 años;Ambos sexos;Valor absoluto;2007T1;292,9
De 25 a 29 años;Ambos sexos;Valor absoluto;2006T4;310,6
De 25 a 29 años;Ambos sexos;Valor absoluto;2006T3;300,3
De 25 a 29 años;Ambos sexos;Valor absoluto;2006T2;317,6
De 25 a 29 años;Ambos sexos;Valor absoluto;2006T1;360,5
De 25 a 29 años;Ambos sexos;Valor absoluto;2005T4;340,2
De 25 a 29 años;Ambos sexos;Valor absoluto;2005T3;327,7
De 25 a 29 años;Ambos sexos;Valor absoluto;2005T2;356,4
De 25 a 29 años;Ambos sexos;Valor absoluto;2005T1;381
De 25 a 29 años;Ambos sexos;Valor absoluto;2004T4;382,6
De 25 a 29 años;Ambos sexos;Valor absoluto;2004T3;399
De 25 a 29 años;Ambos sexos;Valor absoluto;2004T2;409,3
De 25 a 29 años;Ambos sexos;Valor absoluto;2004T1;447
De 25 a 29 años;Ambos sexos;Valor absoluto;2003T4;440,8
De 25 a 29 años;Ambos sexos;Valor absoluto;2003T3;438,5
De 25 a 29 años;Ambos sexos;Valor absoluto;2003T2;428
De 25 a 29 años;Ambos sexos;Valor absoluto;2003T1;458,8
De 25 a 29 años;Ambos sexos;Valor absoluto;2002T4;441,8
De 25 a 29 años;Ambos sexos;Valor absoluto;2002T3;425
De 25 a 29 años;Ambos sexos;Valor absoluto;2002T2;410,2
De 25 a 29 años;Ambos sexos;Valor absoluto;2002T1;421,1
De 25 a 29 años;Ambos sexos;Porcentaje;2026T1;11,8
De 25 a 29 años;Ambos sexos;Porcentaje;2025T4;11,9
De 25 a 29 años;Ambos sexos;Porcentaje;2025T3;11,8
De 25 a 29 años;Ambos sexos;Porcentaje;2025T2;12,1
De 25 a 29 años;Ambos sexos;Porcentaje;2025T1;12,2
De 25 a 29 años;Ambos sexos;Porcentaje;2024T4;12,5
De 25 a 29 años;Ambos sexos;Porcentaje;2024T3;12,6
De 25 a 29 años;Ambos sexos;Porcentaje;2024T2;11,5
De 25 a 29 años;Ambos sexos;Porcentaje;2024T1;11,9
De 25 a 29 años;Ambos sexos;Porcentaje;2023T4;12,2
De 25 a 29 años;Ambos sexos;Porcentaje;2023T3;11,7
De 25 a 29 años;Ambos sexos;Porcentaje;2023T2;11,2
De 25 a 29 años;Ambos sexos;Porcentaje;2023T1;11,7
De 25 a 29 años;Ambos sexos;Porcentaje;2022T4;11,9
De 25 a 29 años;Ambos sexos;Porcentaje;2022T3;12
De 25 a 29 años;Ambos sexos;Porcentaje;2022T2;10,2
De 25 a 29 años;Ambos sexos;Porcentaje;2022T1;12,1
De 25 a 29 años;Ambos sexos;Porcentaje;2021T4;12,7
De 25 a 29 años;Ambos sexos;Porcentaje;2021T3;13
De 25 a 29 años;Ambos sexos;Porcentaje;2021T2;13,2
De 25 a 29 años;Ambos sexos;Porcentaje;2021T1;13,8
De 25 a 29 años;Ambos sexos;Porcentaje;2020T4;13,5
De 25 a 29 años;Ambos sexos;Porcentaje;2020T3;13,8
De 25 a 29 años;Ambos sexos;Porcentaje;2020T2;13,9
De 25 a 29 años;Ambos sexos;Porcentaje;2020T1;12,4
De 25 a 29 años;Ambos sexos;Porcentaje;2019T4;12,7
De 25 a 29 años;Ambos sexos;Porcentaje;2019T3;12,3
De 25 a 29 años;Ambos sexos;Porcentaje;2019T2;12,1
De 25 a 29 años;Ambos sexos;Porcentaje;2019T1;12,1
De 25 a 29 años;Ambos sexos;Porcentaje;2018T4;12,1
De 25 a 29 años;Ambos sexos;Porcentaje;2018T3;12,2
De 25 a 29 años;Ambos sexos;Porcentaje;2018T2;12,4
De 25 a 29 años;Ambos sexos;Porcentaje;2018T1;12,4
De 25 a 29 años;Ambos sexos;Porcentaje;2017T4;12,1
De 25 a 29 años;Ambos sexos;Porcentaje;2017T3;12,8
De 25 a 29 años;Ambos sexos;Porcentaje;2017T2;12,4
De 25 a 29 años;Ambos sexos;Porcentaje;2017T1;12,2
De 25 a 29 años;Ambos sexos;Porcentaje;2016T4;12,1
De 25 a 29 años;Ambos sexos;Porcentaje;2016T3;11,9
De 25 a 29 años;Ambos sexos;Porcentaje;2016T2;12,2
De 25 a 29 años;Ambos sexos;Porcentaje;2016T1;12,7
De 25 a 29 años;Ambos sexos;Porcentaje;2015T4;12,5
De 25 a 29 años;Ambos sexos;Porcentaje;2015T3;12,6
De 25 a 29 años;Ambos sexos;Porcentaje;2015T2;12,2
De 25 a 29 años;Ambos sexos;Porcentaje;2015T1;12,5
De 25 a 29 años;Ambos sexos;Porcentaje;2014T4;12,5
De 25 a 29 años;Ambos sexos;Porcentaje;2014T3;12,3
De 25 a 29 años;Ambos sexos;Porcentaje;2014T2;12,5
De 25 a 29 años;Ambos sexos;Porcentaje;2014T1;12,9
De 25 a 29 años;Ambos sexos;Porcentaje;2013T4;13
De 25 a 29 años;Ambos sexos;Porcentaje;2013T3;13
De 25 a 29 años;Ambos sexos;Porcentaje;2013T2;13,6
De 25 a 29 años;Ambos sexos;Porcentaje;2013T1;13,9
De 25 a 29 años;Ambos sexos;Porcentaje;2012T4;14,2
De 25 a 29 años;Ambos sexos;Porcentaje;2012T3;13,9
De 25 a 29 años;Ambos sexos;Porcentaje;2012T2;13,8
De 25 a 29 años;Ambos sexos;Porcentaje;2012T1;14,1
De 25 a 29 años;Ambos sexos;Porcentaje;2011T4;13,8
De 25 a 29 años;Ambos sexos;Porcentaje;2011T3;13,9
De 25 a 29 años;Ambos sexos;Porcentaje;2011T2;14,4
De 25 a 29 años;Ambos sexos;Porcentaje;2011T1;14,9
De 25 a 29 años;Ambos sexos;Porcentaje;2010T4;15,2
De 25 a 29 años;Ambos sexos;Porcentaje;2010T3;15,2
De 25 a 29 años;Ambos sexos;Porcentaje;2010T2;14,8
De 25 a 29 años;Ambos sexos;Porcentaje;2010T1;15,9
De 25 a 29 años;Ambos sexos;Porcentaje;2009T4;16
De 25 a 29 años;Ambos sexos;Porcentaje;2009T3;15,7
De 25 a 29 años;Ambos sexos;Porcentaje;2009T2;15,1
De 25 a 29 años;Ambos sexos;Porcentaje;2009T1;16,1
De 25 a 29 años;Ambos sexos;Porcentaje;2008T4;16,1
De 25 a 29 años;Ambos sexos;Porcentaje;2008T3;16,7
De 25 a 29 años;Ambos sexos;Porcentaje;2008T2;15,5
De 25 a 29 años;Ambos sexos;Porcentaje;2008T1;16
De 25 a 29 años;Ambos sexos;Porcentaje;2007T4;16,1
De 25 a 29 años;Ambos sexos;Porcentaje;2007T3;15,4
De 25 a 29 años;Ambos sexos;Porcentaje;2007T2;14,5
De 25 a 29 años;Ambos sexos;Porcentaje;2007T1;15,7
De 25 a 29 años;Ambos sexos;Porcentaje;2006T4;17,1
De 25 a 29 años;Ambos sexos;Porcentaje;2006T3;17
De 25 a 29 años;Ambos sexos;Porcentaje;2006T2;17,3
De 25 a 29 años;Ambos sexos;Porcentaje;2006T1;18,6
De 25 a 29 años;Ambos sexos;Porcentaje;2005T4;18,3
De 25 a 29 años;Ambos sexos;Porcentaje;2005T3;18,4
De 25 a 29 años;Ambos sexos;Porcentaje;2005T2;18,1
De 25 a 29 años;Ambos sexos;Porcentaje;2005T1;18
De 25 a 29 años;Ambos sexos;Porcentaje;2004T4;17,6
De 25 a 29 años;Ambos sexos;Porcentaje;2004T3;18,1
De 25 a 29 años;Ambos sexos;Porcentaje;2004T2;18,2
De 25 a 29 años;Ambos sexos;Porcentaje;2004T1;19,4
De 25 a 29 años;Ambos sexos;Porcentaje;2003T4;19,4
De 25 a 29 años;Ambos sexos;Porcentaje;2003T3;19,5
De 25 a 29 años;Ambos sexos;Porcentaje;2003T2;19,3
De 25 a 29 años;Ambos sexos;Porcentaje;2003T1;19,7
De 25 a 29 años;Ambos sexos;Porcentaje;2002T4;19,8
De 25 a 29 años;Ambos sexos;Porcentaje;2002T3;19,4
De 25 a 29 años;Ambos sexos;Porcentaje;2002T2;19,5
De 25 a 29 años;Ambos sexos;Porcentaje;2002T1;19,6
De 25 a 29 años;Hombres;Valor absoluto;2026T1;164,6
De 25 a 29 años;Hombres;Valor absoluto;2025T4;162,3
De 25 a 29 años;Hombres;Valor absoluto;2025T3;149,2
De 25 a 29 años;Hombres;Valor absoluto;2025T2;167,6
De 25 a 29 años;Hombres;Valor absoluto;2025T1;175,7
De 25 a 29 años;Hombres;Valor absoluto;2024T4;164,9
De 25 a 29 años;Hombres;Valor absoluto;2024T3;179,1
De 25 a 29 años;Hombres;Valor absoluto;2024T2;156,2
De 25 a 29 años;Hombres;Valor absoluto;2024T1;181,9
De 25 a 29 años;Hombres;Valor absoluto;2023T4;169,5
De 25 a 29 años;Hombres;Valor absoluto;2023T3;156,7
De 25 a 29 años;Hombres;Valor absoluto;2023T2;171,5
De 25 a 29 años;Hombres;Valor absoluto;2023T1;191,2
De 25 a 29 años;Hombres;Valor absoluto;2022T4;191,1
De 25 a 29 años;Hombres;Valor absoluto;2022T3;163,5
De 25 a 29 años;Hombres;Valor absoluto;2022T2;153,5
De 25 a 29 años;Hombres;Valor absoluto;2022T1;204,6
De 25 a 29 años;Hombres;Valor absoluto;2021T4;216
De 25 a 29 años;Hombres;Valor absoluto;2021T3;237,6
De 25 a 29 años;Hombres;Valor absoluto;2021T2;237,6
De 25 a 29 años;Hombres;Valor absoluto;2021T1;249,2
De 25 a 29 años;Hombres;Valor absoluto;2020T4;250,6
De 25 a 29 años;Hombres;Valor absoluto;2020T3;250
De 25 a 29 años;Hombres;Valor absoluto;2020T2;235,7
De 25 a 29 años;Hombres;Valor absoluto;2020T1;203,3
De 25 a 29 años;Hombres;Valor absoluto;2019T4;208,9
De 25 a 29 años;Hombres;Valor absoluto;2019T3;201
De 25 a 29 años;Hombres;Valor absoluto;2019T2;206,4
De 25 a 29 años;Hombres;Valor absoluto;2019T1;208,8
De 25 a 29 años;Hombres;Valor absoluto;2018T4;203,5
De 25 a 29 años;Hombres;Valor absoluto;2018T3;197
De 25 a 29 años;Hombres;Valor absoluto;2018T2;210
De 25 a 29 años;Hombres;Valor absoluto;2018T1;231,7
De 25 a 29 años;Hombres;Valor absoluto;2017T4;225,3
De 25 a 29 años;Hombres;Valor absoluto;2017T3;227,8
De 25 a 29 años;Hombres;Valor absoluto;2017T2;236,7
De 25 a 29 años;Hombres;Valor absoluto;2017T1;258
De 25 a 29 años;Hombres;Valor absoluto;2016T4;251,5
De 25 a 29 años;Hombres;Valor absoluto;2016T3;249,7
De 25 a 29 años;Hombres;Valor absoluto;2016T2;279
De 25 a 29 años;Hombres;Valor absoluto;2016T1;304,5
De 25 a 29 años;Hombres;Valor absoluto;2015T4;320,6
De 25 a 29 años;Hombres;Valor absoluto;2015T3;314,6
De 25 a 29 años;Hombres;Valor absoluto;2015T2;326,7
De 25 a 29 años;Hombres;Valor absoluto;2015T1;347,8
De 25 a 29 años;Hombres;Valor absoluto;2014T4;357,2
De 25 a 29 años;Hombres;Valor absoluto;2014T3;339,7
De 25 a 29 años;Hombres;Valor absoluto;2014T2;361,7
De 25 a 29 años;Hombres;Valor absoluto;2014T1;399,5
De 25 a 29 años;Hombres;Valor absoluto;2013T4;413,5
De 25 a 29 años;Hombres;Valor absoluto;2013T3;415,9
De 25 a 29 años;Hombres;Valor absoluto;2013T2;437,9
De 25 a 29 años;Hombres;Valor absoluto;2013T1;460,7
De 25 a 29 años;Hombres;Valor absoluto;2012T4;453,9
De 25 a 29 años;Hombres;Valor absoluto;2012T3;447,3
De 25 a 29 años;Hombres;Valor absoluto;2012T2;450,2
De 25 a 29 años;Hombres;Valor absoluto;2012T1;441,3
De 25 a 29 años;Hombres;Valor absoluto;2011T4;391,1
De 25 a 29 años;Hombres;Valor absoluto;2011T3;376,9
De 25 a 29 años;Hombres;Valor absoluto;2011T2;374,1
De 25 a 29 años;Hombres;Valor absoluto;2011T1;393
De 25 a 29 años;Hombres;Valor absoluto;2010T4;382,9
De 25 a 29 años;Hombres;Valor absoluto;2010T3;372,5
De 25 a 29 años;Hombres;Valor absoluto;2010T2;381
De 25 a 29 años;Hombres;Valor absoluto;2010T1;412
De 25 a 29 años;Hombres;Valor absoluto;2009T4;383,3
De 25 a 29 años;Hombres;Valor absoluto;2009T3;370,7
De 25 a 29 años;Hombres;Valor absoluto;2009T2;354,6
De 25 a 29 años;Hombres;Valor absoluto;2009T1;373
De 25 a 29 años;Hombres;Valor absoluto;2008T4;293,2
De 25 a 29 años;Hombres;Valor absoluto;2008T3;231,2
De 25 a 29 años;Hombres;Valor absoluto;2008T2;196
De 25 a 29 años;Hombres;Valor absoluto;2008T1;171,2
De 25 a 29 años;Hombres;Valor absoluto;2007T4;135,9
De 25 a 29 años;Hombres;Valor absoluto;2007T3;129,6
De 25 a 29 años;Hombres;Valor absoluto;2007T2;114,6
De 25 a 29 años;Hombres;Valor absoluto;2007T1;133,5
De 25 a 29 años;Hombres;Valor absoluto;2006T4;140,6
De 25 a 29 años;Hombres;Valor absoluto;2006T3;131,5
De 25 a 29 años;Hombres;Valor absoluto;2006T2;132,1
De 25 a 29 años;Hombres;Valor absoluto;2006T1;146,3
De 25 a 29 años;Hombres;Valor absoluto;2005T4;151
De 25 a 29 años;Hombres;Valor absoluto;2005T3;150
De 25 a 29 años;Hombres;Valor absoluto;2005T2;159,9
De 25 a 29 años;Hombres;Valor absoluto;2005T1;171,3
De 25 a 29 años;Hombres;Valor absoluto;2004T4;163,2
De 25 a 29 años;Hombres;Valor absoluto;2004T3;179,6
De 25 a 29 años;Hombres;Valor absoluto;2004T2;170,7
De 25 a 29 años;Hombres;Valor absoluto;2004T1;195,3
De 25 a 29 años;Hombres;Valor absoluto;2003T4;183,9
De 25 a 29 años;Hombres;Valor absoluto;2003T3;180,9
De 25 a 29 años;Hombres;Valor absoluto;2003T2;172,3
De 25 a 29 años;Hombres;Valor absoluto;2003T1;189,7
De 25 a 29 años;Hombres;Valor absoluto;2002T4;187,6
De 25 a 29 años;Hombres;Valor absoluto;2002T3;173
De 25 a 29 años;Hombres;Valor absoluto;2002T2;168,8
De 25 a 29 años;Hombres;Valor absoluto;2002T1;171,1
De 25 a 29 años;Hombres;Porcentaje;2026T1;13,2
De 25 a 29 años;Hombres;Porcentaje;2025T4;14,1
De 25 a 29 años;Hombres;Porcentaje;2025T3;12,6
De 25 a 29 años;Hombres;Porcentaje;2025T2;13,9
De 25 a 29 años;Hombres;Porcentaje;2025T1;13,4
De 25 a 29 años;Hombres;Porcentaje;2024T4;13,4
De 25 a 29 años;Hombres;Porcentaje;2024T3;13,7
De 25 a 29 años;Hombres;Porcentaje;2024T2;12
De 25 a 29 años;Hombres;Porcentaje;2024T1;12,9
De 25 a 29 años;Hombres;Porcentaje;2023T4;12,7
De 25 a 29 años;Hombres;Porcentaje;2023T3;11,8
De 25 a 29 años;Hombres;Porcentaje;2023T2;13,1
De 25 a 29 años;Hombres;Porcentaje;2023T1;13
De 25 a 29 años;Hombres;Porcentaje;2022T4;13,3
De 25 a 29 años;Hombres;Porcentaje;2022T3;11,9
De 25 a 29 años;Hombres;Porcentaje;2022T2;11
De 25 a 29 años;Hombres;Porcentaje;2022T1;13,5
De 25 a 29 años;Hombres;Porcentaje;2021T4;14,6
De 25 a 29 años;Hombres;Porcentaje;2021T3;14,4
De 25 a 29 años;Hombres;Porcentaje;2021T2;14,2
De 25 a 29 años;Hombres;Porcentaje;2021T1;14,4
De 25 a 29 años;Hombres;Porcentaje;2020T4;14,5
De 25 a 29 años;Hombres;Porcentaje;2020T3;14,2
De 25 a 29 años;Hombres;Porcentaje;2020T2;14,1
De 25 a 29 años;Hombres;Porcentaje;2020T1;13
De 25 a 29 años;Hombres;Porcentaje;2019T4;13,9
De 25 a 29 años;Hombres;Porcentaje;2019T3;13,4
De 25 a 29 años;Hombres;Porcentaje;2019T2;13,5
De 25 a 29 años;Hombres;Porcentaje;2019T1;13,3
De 25 a 29 años;Hombres;Porcentaje;2018T4;12,9
De 25 a 29 años;Hombres;Porcentaje;2018T3;12,2
De 25 a 29 años;Hombres;Porcentaje;2018T2;12,5
De 25 a 29 años;Hombres;Porcentaje;2018T1;12,6
De 25 a 29 años;Hombres;Porcentaje;2017T4;12,4
De 25 a 29 años;Hombres;Porcentaje;2017T3;12,6
De 25 a 29 años;Hombres;Porcentaje;2017T2;12,4
De 25 a 29 años;Hombres;Porcentaje;2017T1;12,3
De 25 a 29 años;Hombres;Porcentaje;2016T4;12
De 25 a 29 años;Hombres;Porcentaje;2016T3;11,7
De 25 a 29 años;Hombres;Porcentaje;2016T2;12,4
De 25 a 29 años;Hombres;Porcentaje;2016T1;12,8
De 25 a 29 años;Hombres;Porcentaje;2015T4;13,4
De 25 a 29 años;Hombres;Porcentaje;2015T3;12,8
De 25 a 29 años;Hombres;Porcentaje;2015T2;12,6
De 25 a 29 años;Hombres;Porcentaje;2015T1;12,4
De 25 a 29 años;Hombres;Porcentaje;2014T4;12,7
De 25 a 29 años;Hombres;Porcentaje;2014T3;12,2
De 25 a 29 años;Hombres;Porcentaje;2014T2;12,3
De 25 a 29 años;Hombres;Porcentaje;2014T1;12,8
De 25 a 29 años;Hombres;Porcentaje;2013T4;13,3
De 25 a 29 años;Hombres;Porcentaje;2013T3;13,2
De 25 a 29 años;Hombres;Porcentaje;2013T2;13,7
De 25 a 29 años;Hombres;Porcentaje;2013T1;13,7
De 25 a 29 años;Hombres;Porcentaje;2012T4;14,1
De 25 a 29 años;Hombres;Porcentaje;2012T3;14,3
De 25 a 29 años;Hombres;Porcentaje;2012T2;14,4
De 25 a 29 años;Hombres;Porcentaje;2012T1;14,5
De 25 a 29 años;Hombres;Porcentaje;2011T4;13,7
De 25 a 29 años;Hombres;Porcentaje;2011T3;14
De 25 a 29 años;Hombres;Porcentaje;2011T2;14,3
De 25 a 29 años;Hombres;Porcentaje;2011T1;14,9
De 25 a 29 años;Hombres;Porcentaje;2010T4;15
De 25 a 29 años;Hombres;Porcentaje;2010T3;15
De 25 a 29 años;Hombres;Porcentaje;2010T2;15
De 25 a 29 años;Hombres;Porcentaje;2010T1;16,1
De 25 a 29 años;Hombres;Porcentaje;2009T4;15,9
De 25 a 29 años;Hombres;Porcentaje;2009T3;16,2
De 25 a 29 años;Hombres;Porcentaje;2009T2;15,4
De 25 a 29 años;Hombres;Porcentaje;2009T1;16,9
De 25 a 29 años;Hombres;Porcentaje;2008T4;17,3
De 25 a 29 años;Hombres;Porcentaje;2008T3;17
De 25 a 29 años;Hombres;Porcentaje;2008T2;16,5
De 25 a 29 años;Hombres;Porcentaje;2008T1;16,6
De 25 a 29 años;Hombres;Porcentaje;2007T4;15,2
De 25 a 29 años;Hombres;Porcentaje;2007T3;16
De 25 a 29 años;Hombres;Porcentaje;2007T2;14,5
De 25 a 29 años;Hombres;Porcentaje;2007T1;16,5
De 25 a 29 años;Hombres;Porcentaje;2006T4;18,1
De 25 a 29 años;Hombres;Porcentaje;2006T3;17,1
De 25 a 29 años;Hombres;Porcentaje;2006T2;16,5
De 25 a 29 años;Hombres;Porcentaje;2006T1;17,1
De 25 a 29 años;Hombres;Porcentaje;2005T4;18
De 25 a 29 años;Hombres;Porcentaje;2005T3;18,4
De 25 a 29 años;Hombres;Porcentaje;2005T2;17,5
De 25 a 29 años;Hombres;Porcentaje;2005T1;17,9
De 25 a 29 años;Hombres;Porcentaje;2004T4;17,2
De 25 a 29 años;Hombres;Porcentaje;2004T3;18,2
De 25 a 29 años;Hombres;Porcentaje;2004T2;17,2
De 25 a 29 años;Hombres;Porcentaje;2004T1;19
De 25 a 29 años;Hombres;Porcentaje;2003T4;18,1
De 25 a 29 años;Hombres;Porcentaje;2003T3;18,3
De 25 a 29 años;Hombres;Porcentaje;2003T2;17,9
De 25 a 29 años;Hombres;Porcentaje;2003T1;18,7
De 25 a 29 años;Hombres;Porcentaje;2002T4;18,9
De 25 a 29 años;Hombres;Porcentaje;2002T3;18,1
De 25 a 29 años;Hombres;Porcentaje;2002T2;19
De 25 a 29 años;Hombres;Porcentaje;2002T1;18,3
De 25 a 29 años;Mujeres;Valor absoluto;2026T1;154,9
De 25 a 29 años;Mujeres;Valor absoluto;2025T4;132,2
De 25 a 29 años;Mujeres;Valor absoluto;2025T3;159,4
De 25 a 29 años;Mujeres;Valor absoluto;2025T2;141,1
De 25 a 29 años;Mujeres;Valor absoluto;2025T1;164,2
De 25 a 29 años;Mujeres;Valor absoluto;2024T4;159,4
De 25 a 29 años;Mujeres;Valor absoluto;2024T3;166,9
De 25 a 29 años;Mujeres;Valor absoluto;2024T2;159,4
De 25 a 29 años;Mujeres;Valor absoluto;2024T1;172
De 25 a 29 años;Mujeres;Valor absoluto;2023T4;178,6
De 25 a 29 años;Mujeres;Valor absoluto;2023T3;182,5
De 25 a 29 años;Mujeres;Valor absoluto;2023T2;142,1
De 25 a 29 años;Mujeres;Valor absoluto;2023T1;180,1
De 25 a 29 años;Mujeres;Valor absoluto;2022T4;174,5
De 25 a 29 años;Mujeres;Valor absoluto;2022T3;198,8
De 25 a 29 años;Mujeres;Valor absoluto;2022T2;151,4
De 25 a 29 años;Mujeres;Valor absoluto;2022T1;185,2
De 25 a 29 años;Mujeres;Valor absoluto;2021T4;184,4
De 25 a 29 años;Mujeres;Valor absoluto;2021T3;212
De 25 a 29 años;Mujeres;Valor absoluto;2021T2;235,5
De 25 a 29 años;Mujeres;Valor absoluto;2021T1;262,2
De 25 a 29 años;Mujeres;Valor absoluto;2020T4;250,9
De 25 a 29 años;Mujeres;Valor absoluto;2020T3;264,6
De 25 a 29 años;Mujeres;Valor absoluto;2020T2;231,4
De 25 a 29 años;Mujeres;Valor absoluto;2020T1;208,8
De 25 a 29 años;Mujeres;Valor absoluto;2019T4;194,9
De 25 a 29 años;Mujeres;Valor absoluto;2019T3;194,1
De 25 a 29 años;Mujeres;Valor absoluto;2019T2;183,2
De 25 a 29 años;Mujeres;Valor absoluto;2019T1;197,3
De 25 a 29 años;Mujeres;Valor absoluto;2018T4;196,1
De 25 a 29 años;Mujeres;Valor absoluto;2018T3;208,8
De 25 a 29 años;Mujeres;Valor absoluto;2018T2;223,1
De 25 a 29 años;Mujeres;Valor absoluto;2018T1;240,8
De 25 a 29 años;Mujeres;Valor absoluto;2017T4;230,9
De 25 a 29 años;Mujeres;Valor absoluto;2017T3;248,8
De 25 a 29 años;Mujeres;Valor absoluto;2017T2;249,2
De 25 a 29 años;Mujeres;Valor absoluto;2017T1;262,9
De 25 a 29 años;Mujeres;Valor absoluto;2016T4;259,2
De 25 a 29 años;Mujeres;Valor absoluto;2016T3;265,3
De 25 a 29 años;Mujeres;Valor absoluto;2016T2;277,8
De 25 a 29 años;Mujeres;Valor absoluto;2016T1;304,6
De 25 a 29 años;Mujeres;Valor absoluto;2015T4;278,6
De 25 a 29 años;Mujeres;Valor absoluto;2015T3;296,7
De 25 a 29 años;Mujeres;Valor absoluto;2015T2;301,5
De 25 a 29 años;Mujeres;Valor absoluto;2015T1;330,4
De 25 a 29 años;Mujeres;Valor absoluto;2014T4;324,6
De 25 a 29 años;Mujeres;Valor absoluto;2014T3;325,6
De 25 a 29 años;Mujeres;Valor absoluto;2014T2;338,5
De 25 a 29 años;Mujeres;Valor absoluto;2014T1;368,5
De 25 a 29 años;Mujeres;Valor absoluto;2013T4;359,8
De 25 a 29 años;Mujeres;Valor absoluto;2013T3;358,1
De 25 a 29 años;Mujeres;Valor absoluto;2013T2;386,7
De 25 a 29 años;Mujeres;Valor absoluto;2013T1;413,8
De 25 a 29 años;Mujeres;Valor absoluto;2012T4;400,1
De 25 a 29 años;Mujeres;Valor absoluto;2012T3;364,6
De 25 a 29 años;Mujeres;Valor absoluto;2012T2;342,3
De 25 a 29 años;Mujeres;Valor absoluto;2012T1;356,8
De 25 a 29 años;Mujeres;Valor absoluto;2011T4;336,7
De 25 a 29 años;Mujeres;Valor absoluto;2011T3;320,1
De 25 a 29 años;Mujeres;Valor absoluto;2011T2;323,5
De 25 a 29 años;Mujeres;Valor absoluto;2011T1;338,4
De 25 a 29 años;Mujeres;Valor absoluto;2010T4;329,7
De 25 a 29 años;Mujeres;Valor absoluto;2010T3;324,9
De 25 a 29 años;Mujeres;Valor absoluto;2010T2;309,8
De 25 a 29 años;Mujeres;Valor absoluto;2010T1;321,6
De 25 a 29 años;Mujeres;Valor absoluto;2009T4;309
De 25 a 29 años;Mujeres;Valor absoluto;2009T3;274,7
De 25 a 29 años;Mujeres;Valor absoluto;2009T2;270,5
De 25 a 29 años;Mujeres;Valor absoluto;2009T1;275,4
De 25 a 29 años;Mujeres;Valor absoluto;2008T4;222,8
De 25 a 29 años;Mujeres;Valor absoluto;2008T3;201,9
De 25 a 29 años;Mujeres;Valor absoluto;2008T2;174,9
De 25 a 29 años;Mujeres;Valor absoluto;2008T1;179,4
De 25 a 29 años;Mujeres;Valor absoluto;2007T4;175,8
De 25 a 29 años;Mujeres;Valor absoluto;2007T3;147,7
De 25 a 29 años;Mujeres;Valor absoluto;2007T2;143
De 25 a 29 años;Mujeres;Valor absoluto;2007T1;159,4
De 25 a 29 años;Mujeres;Valor absoluto;2006T4;170
De 25 a 29 años;Mujeres;Valor absoluto;2006T3;168,7
De 25 a 29 años;Mujeres;Valor absoluto;2006T2;185,5
De 25 a 29 años;Mujeres;Valor absoluto;2006T1;214,3
De 25 a 29 años;Mujeres;Valor absoluto;2005T4;189,3
De 25 a 29 años;Mujeres;Valor absoluto;2005T3;177,7
De 25 a 29 años;Mujeres;Valor absoluto;2005T2;196,5
De 25 a 29 años;Mujeres;Valor absoluto;2005T1;209,7
De 25 a 29 años;Mujeres;Valor absoluto;2004T4;219,5
De 25 a 29 años;Mujeres;Valor absoluto;2004T3;219,4
De 25 a 29 años;Mujeres;Valor absoluto;2004T2;238,6
De 25 a 29 años;Mujeres;Valor absoluto;2004T1;251,7
De 25 a 29 años;Mujeres;Valor absoluto;2003T4;256,9
De 25 a 29 años;Mujeres;Valor absoluto;2003T3;257,6
De 25 a 29 años;Mujeres;Valor absoluto;2003T2;255,7
De 25 a 29 años;Mujeres;Valor absoluto;2003T1;269,1
De 25 a 29 años;Mujeres;Valor absoluto;2002T4;254,2
De 25 a 29 años;Mujeres;Valor absoluto;2002T3;252,1
De 25 a 29 años;Mujeres;Valor absoluto;2002T2;241,4
De 25 a 29 años;Mujeres;Valor absoluto;2002T1;250
De 25 a 29 años;Mujeres;Porcentaje;2026T1;10,6
De 25 a 29 años;Mujeres;Porcentaje;2025T4;10
De 25 a 29 años;Mujeres;Porcentaje;2025T3;11,1
De 25 a 29 años;Mujeres;Porcentaje;2025T2;10,5
De 25 a 29 años;Mujeres;Porcentaje;2025T1;11,1
De 25 a 29 años;Mujeres;Porcentaje;2024T4;11,7
De 25 a 29 años;Mujeres;Porcentaje;2024T3;11,5
De 25 a 29 años;Mujeres;Porcentaje;2024T2;10,9
De 25 a 29 años;Mujeres;Porcentaje;2024T1;11
De 25 a 29 años;Mujeres;Porcentaje;2023T4;11,7
De 25 a 29 años;Mujeres;Porcentaje;2023T3;11,7
De 25 a 29 años;Mujeres;Porcentaje;2023T2;9,5
De 25 a 29 años;Mujeres;Porcentaje;2023T1;10,5
De 25 a 29 años;Mujeres;Porcentaje;2022T4;10,6
De 25 a 29 años;Mujeres;Porcentaje;2022T3;12
De 25 a 29 años;Mujeres;Porcentaje;2022T2;9,5
De 25 a 29 años;Mujeres;Porcentaje;2022T1;10,9
De 25 a 29 años;Mujeres;Porcentaje;2021T4;11
De 25 a 29 años;Mujeres;Porcentaje;2021T3;11,7
De 25 a 29 años;Mujeres;Porcentaje;2021T2;12,3
De 25 a 29 años;Mujeres;Porcentaje;2021T1;13,3
De 25 a 29 años;Mujeres;Porcentaje;2020T4;12,6
De 25 a 29 años;Mujeres;Porcentaje;2020T3;13,5
De 25 a 29 años;Mujeres;Porcentaje;2020T2;13,6
De 25 a 29 años;Mujeres;Porcentaje;2020T1;11,9
De 25 a 29 años;Mujeres;Porcentaje;2019T4;11,6
De 25 a 29 años;Mujeres;Porcentaje;2019T3;11,3
De 25 a 29 años;Mujeres;Porcentaje;2019T2;10,8
De 25 a 29 años;Mujeres;Porcentaje;2019T1;11,1
De 25 a 29 años;Mujeres;Porcentaje;2018T4;11,3
De 25 a 29 años;Mujeres;Porcentaje;2018T3;12,2
De 25 a 29 años;Mujeres;Porcentaje;2018T2;12,3
De 25 a 29 años;Mujeres;Porcentaje;2018T1;12,3
De 25 a 29 años;Mujeres;Porcentaje;2017T4;11,9
De 25 a 29 años;Mujeres;Porcentaje;2017T3;13
De 25 a 29 años;Mujeres;Porcentaje;2017T2;12,4
De 25 a 29 años;Mujeres;Porcentaje;2017T1;12,1
De 25 a 29 años;Mujeres;Porcentaje;2016T4;12,1
De 25 a 29 años;Mujeres;Porcentaje;2016T3;12,1
De 25 a 29 años;Mujeres;Porcentaje;2016T2;11,9
De 25 a 29 años;Mujeres;Porcentaje;2016T1;12,6
De 25 a 29 años;Mujeres;Porcentaje;2015T4;11,6
De 25 a 29 años;Mujeres;Porcentaje;2015T3;12,4
De 25 a 29 años;Mujeres;Porcentaje;2015T2;11,8
De 25 a 29 años;Mujeres;Porcentaje;2015T1;12,5
De 25 a 29 años;Mujeres;Porcentaje;2014T4;12,3
De 25 a 29 años;Mujeres;Porcentaje;2014T3;12,4
De 25 a 29 años;Mujeres;Porcentaje;2014T2;12,6
De 25 a 29 años;Mujeres;Porcentaje;2014T1;13,1
De 25 a 29 años;Mujeres;Porcentaje;2013T4;12,7
De 25 a 29 años;Mujeres;Porcentaje;2013T3;12,9
De 25 a 29 años;Mujeres;Porcentaje;2013T2;13,6
De 25 a 29 años;Mujeres;Porcentaje;2013T1;14,2
De 25 a 29 años;Mujeres;Porcentaje;2012T4;14,2
De 25 a 29 años;Mujeres;Porcentaje;2012T3;13,6
De 25 a 29 años;Mujeres;Porcentaje;2012T2;13,1
De 25 a 29 años;Mujeres;Porcentaje;2012T1;13,6
De 25 a 29 años;Mujeres;Porcentaje;2011T4;13,9
De 25 a 29 años;Mujeres;Porcentaje;2011T3;13,9
De 25 a 29 años;Mujeres;Porcentaje;2011T2;14,6
De 25 a 29 años;Mujeres;Porcentaje;2011T1;14,9
De 25 a 29 años;Mujeres;Porcentaje;2010T4;15,3
De 25 a 29 años;Mujeres;Porcentaje;2010T3;15,5
De 25 a 29 años;Mujeres;Porcentaje;2010T2;14,7
De 25 a 29 años;Mujeres;Porcentaje;2010T1;15,6
De 25 a 29 años;Mujeres;Porcentaje;2009T4;16
De 25 a 29 años;Mujeres;Porcentaje;2009T3;15
De 25 a 29 años;Mujeres;Porcentaje;2009T2;14,7
De 25 a 29 años;Mujeres;Porcentaje;2009T1;15,2
De 25 a 29 años;Mujeres;Porcentaje;2008T4;14,8
De 25 a 29 años;Mujeres;Porcentaje;2008T3;16,2
De 25 a 29 años;Mujeres;Porcentaje;2008T2;14,6
De 25 a 29 años;Mujeres;Porcentaje;2008T1;15,5
De 25 a 29 años;Mujeres;Porcentaje;2007T4;16,8
De 25 a 29 años;Mujeres;Porcentaje;2007T3;14,8
De 25 a 29 años;Mujeres;Porcentaje;2007T2;14,6
De 25 a 29 años;Mujeres;Porcentaje;2007T1;15,1
De 25 a 29 años;Mujeres;Porcentaje;2006T4;16,3
De 25 a 29 años;Mujeres;Porcentaje;2006T3;16,9
De 25 a 29 años;Mujeres;Porcentaje;2006T2;18
De 25 a 29 años;Mujeres;Porcentaje;2006T1;19,7
De 25 a 29 años;Mujeres;Porcentaje;2005T4;18,5
De 25 a 29 años;Mujeres;Porcentaje;2005T3;18,4
De 25 a 29 años;Mujeres;Porcentaje;2005T2;18,6
De 25 a 29 años;Mujeres;Porcentaje;2005T1;18
De 25 a 29 años;Mujeres;Porcentaje;2004T4;17,9
De 25 a 29 años;Mujeres;Porcentaje;2004T3;18,1
De 25 a 29 años;Mujeres;Porcentaje;2004T2;19
De 25 a 29 años;Mujeres;Porcentaje;2004T1;19,6
De 25 a 29 años;Mujeres;Porcentaje;2003T4;20,4
De 25 a 29 años;Mujeres;Porcentaje;2003T3;20,5
De 25 a 29 años;Mujeres;Porcentaje;2003T2;20,4
De 25 a 29 años;Mujeres;Porcentaje;2003T1;20,4
De 25 a 29 años;Mujeres;Porcentaje;2002T4;20,5
De 25 a 29 años;Mujeres;Porcentaje;2002T3;20,3
De 25 a 29 años;Mujeres;Porcentaje;2002T2;19,8
De 25 a 29 años;Mujeres;Porcentaje;2002T1;20,5
De 30 a 34 años;Ambos sexos;Valor absoluto;2026T1;261,1
De 30 a 34 años;Ambos sexos;Valor absoluto;2025T4;241,5
De 30 a 34 años;Ambos sexos;Valor absoluto;2025T3;243,3
De 30 a 34 años;Ambos sexos;Valor absoluto;2025T2;227,2
De 30 a 34 años;Ambos sexos;Valor absoluto;2025T1;263,4
De 30 a 34 años;Ambos sexos;Valor absoluto;2024T4;249,2
De 30 a 34 años;Ambos sexos;Valor absoluto;2024T3;280,1
De 30 a 34 años;Ambos sexos;Valor absoluto;2024T2;290
De 30 a 34 años;Ambos sexos;Valor absoluto;2024T1;290,2
De 30 a 34 años;Ambos sexos;Valor absoluto;2023T4;295,9
De 30 a 34 años;Ambos sexos;Valor absoluto;2023T3;292,4
De 30 a 34 años;Ambos sexos;Valor absoluto;2023T2;277,5
De 30 a 34 años;Ambos sexos;Valor absoluto;2023T1;336,1
De 30 a 34 años;Ambos sexos;Valor absoluto;2022T4;308,8
De 30 a 34 años;Ambos sexos;Valor absoluto;2022T3;295,1
De 30 a 34 años;Ambos sexos;Valor absoluto;2022T2;301
De 30 a 34 años;Ambos sexos;Valor absoluto;2022T1;324,7
De 30 a 34 años;Ambos sexos;Valor absoluto;2021T4;332,1
De 30 a 34 años;Ambos sexos;Valor absoluto;2021T3;355
De 30 a 34 años;Ambos sexos;Valor absoluto;2021T2;387
De 30 a 34 años;Ambos sexos;Valor absoluto;2021T1;403
De 30 a 34 años;Ambos sexos;Valor absoluto;2020T4;413,5
De 30 a 34 años;Ambos sexos;Valor absoluto;2020T3;432,8
De 30 a 34 años;Ambos sexos;Valor absoluto;2020T2;393,9
De 30 a 34 años;Ambos sexos;Valor absoluto;2020T1;358,4
De 30 a 34 años;Ambos sexos;Valor absoluto;2019T4;342,5
De 30 a 34 años;Ambos sexos;Valor absoluto;2019T3;348,1
De 30 a 34 años;Ambos sexos;Valor absoluto;2019T2;334,1
De 30 a 34 años;Ambos sexos;Valor absoluto;2019T1;344,4
De 30 a 34 años;Ambos sexos;Valor absoluto;2018T4;365,4
De 30 a 34 años;Ambos sexos;Valor absoluto;2018T3;370,2
De 30 a 34 años;Ambos sexos;Valor absoluto;2018T2;364
De 30 a 34 años;Ambos sexos;Valor absoluto;2018T1;414,9
De 30 a 34 años;Ambos sexos;Valor absoluto;2017T4;423,7
De 30 a 34 años;Ambos sexos;Valor absoluto;2017T3;397,6
De 30 a 34 años;Ambos sexos;Valor absoluto;2017T2;426,2
De 30 a 34 años;Ambos sexos;Valor absoluto;2017T1;455,9
De 30 a 34 años;Ambos sexos;Valor absoluto;2016T4;487,8
De 30 a 34 años;Ambos sexos;Valor absoluto;2016T3;495,3
De 30 a 34 años;Ambos sexos;Valor absoluto;2016T2;533,8
De 30 a 34 años;Ambos sexos;Valor absoluto;2016T1;564,4
De 30 a 34 años;Ambos sexos;Valor absoluto;2015T4;566,6
De 30 a 34 años;Ambos sexos;Valor absoluto;2015T3;576,6
De 30 a 34 años;Ambos sexos;Valor absoluto;2015T2;644,8
De 30 a 34 años;Ambos sexos;Valor absoluto;2015T1;714,6
De 30 a 34 años;Ambos sexos;Valor absoluto;2014T4;698,7
De 30 a 34 años;Ambos sexos;Valor absoluto;2014T3;692,2
De 30 a 34 años;Ambos sexos;Valor absoluto;2014T2;730,3
De 30 a 34 años;Ambos sexos;Valor absoluto;2014T1;803,1
De 30 a 34 años;Ambos sexos;Valor absoluto;2013T4;823
De 30 a 34 años;Ambos sexos;Valor absoluto;2013T3;808,3
De 30 a 34 años;Ambos sexos;Valor absoluto;2013T2;819,8
De 30 a 34 años;Ambos sexos;Valor absoluto;2013T1;885,6
De 30 a 34 años;Ambos sexos;Valor absoluto;2012T4;878,9
De 30 a 34 años;Ambos sexos;Valor absoluto;2012T3;833,3
De 30 a 34 años;Ambos sexos;Valor absoluto;2012T2;814,3
De 30 a 34 años;Ambos sexos;Valor absoluto;2012T1;825,1
De 30 a 34 años;Ambos sexos;Valor absoluto;2011T4;781,8
De 30 a 34 años;Ambos sexos;Valor absoluto;2011T3;729,3
De 30 a 34 años;Ambos sexos;Valor absoluto;2011T2;741,7
De 30 a 34 años;Ambos sexos;Valor absoluto;2011T1;755,5
De 30 a 34 años;Ambos sexos;Valor absoluto;2010T4;705,1
De 30 a 34 años;Ambos sexos;Valor absoluto;2010T3;682,7
De 30 a 34 años;Ambos sexos;Valor absoluto;2010T2;688,9
De 30 a 34 años;Ambos sexos;Valor absoluto;2010T1;704,8
De 30 a 34 años;Ambos sexos;Valor absoluto;2009T4;648,6
De 30 a 34 años;Ambos sexos;Valor absoluto;2009T3;612,5
De 30 a 34 años;Ambos sexos;Valor absoluto;2009T2;628,6
De 30 a 34 años;Ambos sexos;Valor absoluto;2009T1;605,1
De 30 a 34 años;Ambos sexos;Valor absoluto;2008T4;483,2
De 30 a 34 años;Ambos sexos;Valor absoluto;2008T3;365,6
De 30 a 34 años;Ambos sexos;Valor absoluto;2008T2;345,6
De 30 a 34 años;Ambos sexos;Valor absoluto;2008T1;301,6
De 30 a 34 años;Ambos sexos;Valor absoluto;2007T4;272,8
De 30 a 34 años;Ambos sexos;Valor absoluto;2007T3;247,3
De 30 a 34 años;Ambos sexos;Valor absoluto;2007T2;241,6
De 30 a 34 años;Ambos sexos;Valor absoluto;2007T1;275,3
De 30 a 34 años;Ambos sexos;Valor absoluto;2006T4;253,5
De 30 a 34 años;Ambos sexos;Valor absoluto;2006T3;255,8
De 30 a 34 años;Ambos sexos;Valor absoluto;2006T2;277,4
De 30 a 34 años;Ambos sexos;Valor absoluto;2006T1;271,7
De 30 a 34 años;Ambos sexos;Valor absoluto;2005T4;262,4
De 30 a 34 años;Ambos sexos;Valor absoluto;2005T3;232,2
De 30 a 34 años;Ambos sexos;Valor absoluto;2005T2;260,6
De 30 a 34 años;Ambos sexos;Valor absoluto;2005T1;282,7
De 30 a 34 años;Ambos sexos;Valor absoluto;2004T4;313,9
De 30 a 34 años;Ambos sexos;Valor absoluto;2004T3;313,2
De 30 a 34 años;Ambos sexos;Valor absoluto;2004T2;325,6
De 30 a 34 años;Ambos sexos;Valor absoluto;2004T1;344,2
De 30 a 34 años;Ambos sexos;Valor absoluto;2003T4;332,4
De 30 a 34 años;Ambos sexos;Valor absoluto;2003T3;339,8
De 30 a 34 años;Ambos sexos;Valor absoluto;2003T2;323,9
De 30 a 34 años;Ambos sexos;Valor absoluto;2003T1;342,2
De 30 a 34 años;Ambos sexos;Valor absoluto;2002T4;309,4
De 30 a 34 años;Ambos sexos;Valor absoluto;2002T3;315,3
De 30 a 34 años;Ambos sexos;Valor absoluto;2002T2;300,6
De 30 a 34 años;Ambos sexos;Valor absoluto;2002T1;318,7
De 30 a 34 años;Ambos sexos;Porcentaje;2026T1;9,6
De 30 a 34 años;Ambos sexos;Porcentaje;2025T4;9,7
De 30 a 34 años;Ambos sexos;Porcentaje;2025T3;9,3
De 30 a 34 años;Ambos sexos;Porcentaje;2025T2;8,9
De 30 a 34 años;Ambos sexos;Porcentaje;2025T1;9,4
De 30 a 34 años;Ambos sexos;Porcentaje;2024T4;9,6
De 30 a 34 años;Ambos sexos;Porcentaje;2024T3;10,2
De 30 a 34 años;Ambos sexos;Porcentaje;2024T2;10,5
De 30 a 34 años;Ambos sexos;Porcentaje;2024T1;9,7
De 30 a 34 años;Ambos sexos;Porcentaje;2023T4;10,3
De 30 a 34 años;Ambos sexos;Porcentaje;2023T3;10,1
De 30 a 34 años;Ambos sexos;Porcentaje;2023T2;9,9
De 30 a 34 años;Ambos sexos;Porcentaje;2023T1;10,5
De 30 a 34 años;Ambos sexos;Porcentaje;2022T4;10
De 30 a 34 años;Ambos sexos;Porcentaje;2022T3;9,8
De 30 a 34 años;Ambos sexos;Porcentaje;2022T2;10,1
De 30 a 34 años;Ambos sexos;Porcentaje;2022T1;10,1
De 30 a 34 años;Ambos sexos;Porcentaje;2021T4;10,5
De 30 a 34 años;Ambos sexos;Porcentaje;2021T3;10,2
De 30 a 34 años;Ambos sexos;Porcentaje;2021T2;10,8
De 30 a 34 años;Ambos sexos;Porcentaje;2021T1;10,9
De 30 a 34 años;Ambos sexos;Porcentaje;2020T4;11,1
De 30 a 34 años;Ambos sexos;Porcentaje;2020T3;11,6
De 30 a 34 años;Ambos sexos;Porcentaje;2020T2;11,7
De 30 a 34 años;Ambos sexos;Porcentaje;2020T1;10,8
De 30 a 34 años;Ambos sexos;Porcentaje;2019T4;10,7
De 30 a 34 años;Ambos sexos;Porcentaje;2019T3;10,8
De 30 a 34 años;Ambos sexos;Porcentaje;2019T2;10,3
De 30 a 34 años;Ambos sexos;Porcentaje;2019T1;10,3
De 30 a 34 años;Ambos sexos;Porcentaje;2018T4;11,1
De 30 a 34 años;Ambos sexos;Porcentaje;2018T3;11,1
De 30 a 34 años;Ambos sexos;Porcentaje;2018T2;10,4
De 30 a 34 años;Ambos sexos;Porcentaje;2018T1;10,9
De 30 a 34 años;Ambos sexos;Porcentaje;2017T4;11,2
De 30 a 34 años;Ambos sexos;Porcentaje;2017T3;10,7
De 30 a 34 años;Ambos sexos;Porcentaje;2017T2;10,9
De 30 a 34 años;Ambos sexos;Porcentaje;2017T1;10,7
De 30 a 34 años;Ambos sexos;Porcentaje;2016T4;11,5
De 30 a 34 años;Ambos sexos;Porcentaje;2016T3;11,5
De 30 a 34 años;Ambos sexos;Porcentaje;2016T2;11,7
De 30 a 34 años;Ambos sexos;Porcentaje;2016T1;11,8
De 30 a 34 años;Ambos sexos;Porcentaje;2015T4;11,9
De 30 a 34 años;Ambos sexos;Porcentaje;2015T3;11,9
De 30 a 34 años;Ambos sexos;Porcentaje;2015T2;12,5
De 30 a 34 años;Ambos sexos;Porcentaje;2015T1;13,1
De 30 a 34 años;Ambos sexos;Porcentaje;2014T4;12,8
De 30 a 34 años;Ambos sexos;Porcentaje;2014T3;12,8
De 30 a 34 años;Ambos sexos;Porcentaje;2014T2;13
De 30 a 34 años;Ambos sexos;Porcentaje;2014T1;13,5
De 30 a 34 años;Ambos sexos;Porcentaje;2013T4;13,9
De 30 a 34 años;Ambos sexos;Porcentaje;2013T3;13,6
De 30 a 34 años;Ambos sexos;Porcentaje;2013T2;13,6
De 30 a 34 años;Ambos sexos;Porcentaje;2013T1;14,1
De 30 a 34 años;Ambos sexos;Porcentaje;2012T4;14,6
De 30 a 34 años;Ambos sexos;Porcentaje;2012T3;14,3
De 30 a 34 años;Ambos sexos;Porcentaje;2012T2;14,2
De 30 a 34 años;Ambos sexos;Porcentaje;2012T1;14,6
De 30 a 34 años;Ambos sexos;Porcentaje;2011T4;14,8
De 30 a 34 años;Ambos sexos;Porcentaje;2011T3;14,6
De 30 a 34 años;Ambos sexos;Porcentaje;2011T2;15,3
De 30 a 34 años;Ambos sexos;Porcentaje;2011T1;15,4
De 30 a 34 años;Ambos sexos;Porcentaje;2010T4;15
De 30 a 34 años;Ambos sexos;Porcentaje;2010T3;14,9
De 30 a 34 años;Ambos sexos;Porcentaje;2010T2;14,8
De 30 a 34 años;Ambos sexos;Porcentaje;2010T1;15,3
De 30 a 34 años;Ambos sexos;Porcentaje;2009T4;15
De 30 a 34 años;Ambos sexos;Porcentaje;2009T3;14,9
De 30 a 34 años;Ambos sexos;Porcentaje;2009T2;15,2
De 30 a 34 años;Ambos sexos;Porcentaje;2009T1;15,1
De 30 a 34 años;Ambos sexos;Porcentaje;2008T4;15,1
De 30 a 34 años;Ambos sexos;Porcentaje;2008T3;14,1
De 30 a 34 años;Ambos sexos;Porcentaje;2008T2;14,5
De 30 a 34 años;Ambos sexos;Porcentaje;2008T1;13,8
De 30 a 34 años;Ambos sexos;Porcentaje;2007T4;14
De 30 a 34 años;Ambos sexos;Porcentaje;2007T3;13,7
De 30 a 34 años;Ambos sexos;Porcentaje;2007T2;13,6
De 30 a 34 años;Ambos sexos;Porcentaje;2007T1;14,8
De 30 a 34 años;Ambos sexos;Porcentaje;2006T4;13,9
De 30 a 34 años;Ambos sexos;Porcentaje;2006T3;14,5
De 30 a 34 años;Ambos sexos;Porcentaje;2006T2;15,1
De 30 a 34 años;Ambos sexos;Porcentaje;2006T1;14
De 30 a 34 años;Ambos sexos;Porcentaje;2005T4;14,1
De 30 a 34 años;Ambos sexos;Porcentaje;2005T3;13
De 30 a 34 años;Ambos sexos;Porcentaje;2005T2;13,2
De 30 a 34 años;Ambos sexos;Porcentaje;2005T1;13,3
De 30 a 34 años;Ambos sexos;Porcentaje;2004T4;14,4
De 30 a 34 años;Ambos sexos;Porcentaje;2004T3;14,2
De 30 a 34 años;Ambos sexos;Porcentaje;2004T2;14,5
De 30 a 34 años;Ambos sexos;Porcentaje;2004T1;14,9
De 30 a 34 años;Ambos sexos;Porcentaje;2003T4;14,6
De 30 a 34 años;Ambos sexos;Porcentaje;2003T3;15,1
De 30 a 34 años;Ambos sexos;Porcentaje;2003T2;14,6
De 30 a 34 años;Ambos sexos;Porcentaje;2003T1;14,7
De 30 a 34 años;Ambos sexos;Porcentaje;2002T4;13,9
De 30 a 34 años;Ambos sexos;Porcentaje;2002T3;14,4
De 30 a 34 años;Ambos sexos;Porcentaje;2002T2;14,3
De 30 a 34 años;Ambos sexos;Porcentaje;2002T1;14,8
De 30 a 34 años;Hombres;Valor absoluto;2026T1;139,8
De 30 a 34 años;Hombres;Valor absoluto;2025T4;123,1
De 30 a 34 años;Hombres;Valor absoluto;2025T3;119,2
De 30 a 34 años;Hombres;Valor absoluto;2025T2;117,9
De 30 a 34 años;Hombres;Valor absoluto;2025T1;131,7
De 30 a 34 años;Hombres;Valor absoluto;2024T4;122,1
De 30 a 34 años;Hombres;Valor absoluto;2024T3;139,7
De 30 a 34 años;Hombres;Valor absoluto;2024T2;146,5
De 30 a 34 años;Hombres;Valor absoluto;2024T1;144,7
De 30 a 34 años;Hombres;Valor absoluto;2023T4;132,7
De 30 a 34 años;Hombres;Valor absoluto;2023T3;128,4
De 30 a 34 años;Hombres;Valor absoluto;2023T2;131,4
De 30 a 34 años;Hombres;Valor absoluto;2023T1;155,1
De 30 a 34 años;Hombres;Valor absoluto;2022T4;151,2
De 30 a 34 años;Hombres;Valor absoluto;2022T3;130,6
De 30 a 34 años;Hombres;Valor absoluto;2022T2;147
De 30 a 34 años;Hombres;Valor absoluto;2022T1;156,8
De 30 a 34 años;Hombres;Valor absoluto;2021T4;171,9
De 30 a 34 años;Hombres;Valor absoluto;2021T3;174
De 30 a 34 años;Hombres;Valor absoluto;2021T2;184,2
De 30 a 34 años;Hombres;Valor absoluto;2021T1;199,4
De 30 a 34 años;Hombres;Valor absoluto;2020T4;186,7
De 30 a 34 años;Hombres;Valor absoluto;2020T3;203,5
De 30 a 34 años;Hombres;Valor absoluto;2020T2;196,7
De 30 a 34 años;Hombres;Valor absoluto;2020T1;160,4
De 30 a 34 años;Hombres;Valor absoluto;2019T4;153,7
De 30 a 34 años;Hombres;Valor absoluto;2019T3;149,6
De 30 a 34 años;Hombres;Valor absoluto;2019T2;141,5
De 30 a 34 años;Hombres;Valor absoluto;2019T1;152,9
De 30 a 34 años;Hombres;Valor absoluto;2018T4;174,7
De 30 a 34 años;Hombres;Valor absoluto;2018T3;168,4
De 30 a 34 años;Hombres;Valor absoluto;2018T2;158,5
De 30 a 34 años;Hombres;Valor absoluto;2018T1;192,4
De 30 a 34 años;Hombres;Valor absoluto;2017T4;202,7
De 30 a 34 años;Hombres;Valor absoluto;2017T3;190,3
De 30 a 34 años;Hombres;Valor absoluto;2017T2;212,5
De 30 a 34 años;Hombres;Valor absoluto;2017T1;214,9
De 30 a 34 años;Hombres;Valor absoluto;2016T4;236,8
De 30 a 34 años;Hombres;Valor absoluto;2016T3;241,3
De 30 a 34 años;Hombres;Valor absoluto;2016T2;253
De 30 a 34 años;Hombres;Valor absoluto;2016T1;268,2
De 30 a 34 años;Hombres;Valor absoluto;2015T4;263,3
De 30 a 34 años;Hombres;Valor absoluto;2015T3;284
De 30 a 34 años;Hombres;Valor absoluto;2015T2;316,9
De 30 a 34 años;Hombres;Valor absoluto;2015T1;355,8
De 30 a 34 años;Hombres;Valor absoluto;2014T4;350,4
De 30 a 34 años;Hombres;Valor absoluto;2014T3;349
De 30 a 34 años;Hombres;Valor absoluto;2014T2;370
De 30 a 34 años;Hombres;Valor absoluto;2014T1;399,1
De 30 a 34 años;Hombres;Valor absoluto;2013T4;418,4
De 30 a 34 años;Hombres;Valor absoluto;2013T3;417,3
De 30 a 34 años;Hombres;Valor absoluto;2013T2;423,7
De 30 a 34 años;Hombres;Valor absoluto;2013T1;470,8
De 30 a 34 años;Hombres;Valor absoluto;2012T4;482,6
De 30 a 34 años;Hombres;Valor absoluto;2012T3;446,5
De 30 a 34 años;Hombres;Valor absoluto;2012T2;450,4
De 30 a 34 años;Hombres;Valor absoluto;2012T1;448,5
De 30 a 34 años;Hombres;Valor absoluto;2011T4;424,4
De 30 a 34 años;Hombres;Valor absoluto;2011T3;395,3
De 30 a 34 años;Hombres;Valor absoluto;2011T2;389,1
De 30 a 34 años;Hombres;Valor absoluto;2011T1;398,7
De 30 a 34 años;Hombres;Valor absoluto;2010T4;383,4
De 30 a 34 años;Hombres;Valor absoluto;2010T3;360,8
De 30 a 34 años;Hombres;Valor absoluto;2010T2;378,7
De 30 a 34 años;Hombres;Valor absoluto;2010T1;389,7
De 30 a 34 años;Hombres;Valor absoluto;2009T4;350,7
De 30 a 34 años;Hombres;Valor absoluto;2009T3;338,7
De 30 a 34 años;Hombres;Valor absoluto;2009T2;345,3
De 30 a 34 años;Hombres;Valor absoluto;2009T1;331,5
De 30 a 34 años;Hombres;Valor absoluto;2008T4;251,1
De 30 a 34 años;Hombres;Valor absoluto;2008T3;181,6
De 30 a 34 años;Hombres;Valor absoluto;2008T2;162,4
De 30 a 34 años;Hombres;Valor absoluto;2008T1;129,2
De 30 a 34 años;Hombres;Valor absoluto;2007T4;120,8
De 30 a 34 años;Hombres;Valor absoluto;2007T3;105,1
De 30 a 34 años;Hombres;Valor absoluto;2007T2;108,1
De 30 a 34 años;Hombres;Valor absoluto;2007T1;110,1
De 30 a 34 años;Hombres;Valor absoluto;2006T4;105,7
De 30 a 34 años;Hombres;Valor absoluto;2006T3;107,8
De 30 a 34 años;Hombres;Valor absoluto;2006T2;117
De 30 a 34 años;Hombres;Valor absoluto;2006T1;108,4
De 30 a 34 años;Hombres;Valor absoluto;2005T4;120,3
De 30 a 34 años;Hombres;Valor absoluto;2005T3;100,8
De 30 a 34 años;Hombres;Valor absoluto;2005T2;114,7
De 30 a 34 años;Hombres;Valor absoluto;2005T1;115,2
De 30 a 34 años;Hombres;Valor absoluto;2004T4;118,2
De 30 a 34 años;Hombres;Valor absoluto;2004T3;135,4
De 30 a 34 años;Hombres;Valor absoluto;2004T2;142,4
De 30 a 34 años;Hombres;Valor absoluto;2004T1;144,3
De 30 a 34 años;Hombres;Valor absoluto;2003T4;135,5
De 30 a 34 años;Hombres;Valor absoluto;2003T3;138,8
De 30 a 34 años;Hombres;Valor absoluto;2003T2;131,3
De 30 a 34 años;Hombres;Valor absoluto;2003T1;131,4
De 30 a 34 años;Hombres;Valor absoluto;2002T4;119,4
De 30 a 34 años;Hombres;Valor absoluto;2002T3;128,8
De 30 a 34 años;Hombres;Valor absoluto;2002T2;123,5
De 30 a 34 años;Hombres;Valor absoluto;2002T1;126,3
De 30 a 34 años;Hombres;Porcentaje;2026T1;11,2
De 30 a 34 años;Hombres;Porcentaje;2025T4;10,7
De 30 a 34 años;Hombres;Porcentaje;2025T3;10,1
De 30 a 34 años;Hombres;Porcentaje;2025T2;9,8
De 30 a 34 años;Hombres;Porcentaje;2025T1;10
De 30 a 34 años;Hombres;Porcentaje;2024T4;9,9
De 30 a 34 años;Hombres;Porcentaje;2024T3;10,7
De 30 a 34 años;Hombres;Porcentaje;2024T2;11,3
De 30 a 34 años;Hombres;Porcentaje;2024T1;10,3
De 30 a 34 años;Hombres;Porcentaje;2023T4;10
De 30 a 34 años;Hombres;Porcentaje;2023T3;9,7
De 30 a 34 años;Hombres;Porcentaje;2023T2;10,1
De 30 a 34 años;Hombres;Porcentaje;2023T1;10,6
De 30 a 34 años;Hombres;Porcentaje;2022T4;10,5
De 30 a 34 años;Hombres;Porcentaje;2022T3;9,5
De 30 a 34 años;Hombres;Porcentaje;2022T2;10,5
De 30 a 34 años;Hombres;Porcentaje;2022T1;10,4
De 30 a 34 años;Hombres;Porcentaje;2021T4;11,6
De 30 a 34 años;Hombres;Porcentaje;2021T3;10,6
De 30 a 34 años;Hombres;Porcentaje;2021T2;11
De 30 a 34 años;Hombres;Porcentaje;2021T1;11,5
De 30 a 34 años;Hombres;Porcentaje;2020T4;10,8
De 30 a 34 años;Hombres;Porcentaje;2020T3;11,6
De 30 a 34 años;Hombres;Porcentaje;2020T2;11,8
De 30 a 34 años;Hombres;Porcentaje;2020T1;10,3
De 30 a 34 años;Hombres;Porcentaje;2019T4;10,2
De 30 a 34 años;Hombres;Porcentaje;2019T3;10
De 30 a 34 años;Hombres;Porcentaje;2019T2;9,2
De 30 a 34 años;Hombres;Porcentaje;2019T1;9,7
De 30 a 34 años;Hombres;Porcentaje;2018T4;11,1
De 30 a 34 años;Hombres;Porcentaje;2018T3;10,5
De 30 a 34 años;Hombres;Porcentaje;2018T2;9,5
De 30 a 34 años;Hombres;Porcentaje;2018T1;10,5
De 30 a 34 años;Hombres;Porcentaje;2017T4;11,1
De 30 a 34 años;Hombres;Porcentaje;2017T3;10,5
De 30 a 34 años;Hombres;Porcentaje;2017T2;11,2
De 30 a 34 años;Hombres;Porcentaje;2017T1;10,3
De 30 a 34 años;Hombres;Porcentaje;2016T4;11,3
De 30 a 34 años;Hombres;Porcentaje;2016T3;11,3
De 30 a 34 años;Hombres;Porcentaje;2016T2;11,2
De 30 a 34 años;Hombres;Porcentaje;2016T1;11,3
De 30 a 34 años;Hombres;Porcentaje;2015T4;11
De 30 a 34 años;Hombres;Porcentaje;2015T3;11,6
De 30 a 34 años;Hombres;Porcentaje;2015T2;12,2
De 30 a 34 años;Hombres;Porcentaje;2015T1;12,7
De 30 a 34 años;Hombres;Porcentaje;2014T4;12,4
De 30 a 34 años;Hombres;Porcentaje;2014T3;12,5
De 30 a 34 años;Hombres;Porcentaje;2014T2;12,6
De 30 a 34 años;Hombres;Porcentaje;2014T1;12,8
De 30 a 34 años;Hombres;Porcentaje;2013T4;13,5
De 30 a 34 años;Hombres;Porcentaje;2013T3;13,2
De 30 a 34 años;Hombres;Porcentaje;2013T2;13,3
De 30 a 34 años;Hombres;Porcentaje;2013T1;14
De 30 a 34 años;Hombres;Porcentaje;2012T4;15
De 30 a 34 años;Hombres;Porcentaje;2012T3;14,2
De 30 a 34 años;Hombres;Porcentaje;2012T2;14,4
De 30 a 34 años;Hombres;Porcentaje;2012T1;14,7
De 30 a 34 años;Hombres;Porcentaje;2011T4;14,9
De 30 a 34 años;Hombres;Porcentaje;2011T3;14,7
De 30 a 34 años;Hombres;Porcentaje;2011T2;14,8
De 30 a 34 años;Hombres;Porcentaje;2011T1;15,1
De 30 a 34 años;Hombres;Porcentaje;2010T4;15
De 30 a 34 años;Hombres;Porcentaje;2010T3;14,5
De 30 a 34 años;Hombres;Porcentaje;2010T2;14,9
De 30 a 34 años;Hombres;Porcentaje;2010T1;15,2
De 30 a 34 años;Hombres;Porcentaje;2009T4;14,6
De 30 a 34 años;Hombres;Porcentaje;2009T3;14,8
De 30 a 34 años;Hombres;Porcentaje;2009T2;15
De 30 a 34 años;Hombres;Porcentaje;2009T1;15
De 30 a 34 años;Hombres;Porcentaje;2008T4;14,8
De 30 a 34 años;Hombres;Porcentaje;2008T3;13,4
De 30 a 34 años;Hombres;Porcentaje;2008T2;13,6
De 30 a 34 años;Hombres;Porcentaje;2008T1;12,5
De 30 a 34 años;Hombres;Porcentaje;2007T4;13,5
De 30 a 34 años;Hombres;Porcentaje;2007T3;12,9
De 30 a 34 años;Hombres;Porcentaje;2007T2;13,6
De 30 a 34 años;Hombres;Porcentaje;2007T1;13,6
De 30 a 34 años;Hombres;Porcentaje;2006T4;13,6
De 30 a 34 años;Hombres;Porcentaje;2006T3;14
De 30 a 34 años;Hombres;Porcentaje;2006T2;14,6
De 30 a 34 años;Hombres;Porcentaje;2006T1;12,7
De 30 a 34 años;Hombres;Porcentaje;2005T4;14,4
De 30 a 34 años;Hombres;Porcentaje;2005T3;12,4
De 30 a 34 años;Hombres;Porcentaje;2005T2;12,5
De 30 a 34 años;Hombres;Porcentaje;2005T1;12
De 30 a 34 años;Hombres;Porcentaje;2004T4;12,5
De 30 a 34 años;Hombres;Porcentaje;2004T3;13,7
De 30 a 34 años;Hombres;Porcentaje;2004T2;14,4
De 30 a 34 años;Hombres;Porcentaje;2004T1;14
De 30 a 34 años;Hombres;Porcentaje;2003T4;13,4
De 30 a 34 años;Hombres;Porcentaje;2003T3;14
De 30 a 34 años;Hombres;Porcentaje;2003T2;13,6
De 30 a 34 años;Hombres;Porcentaje;2003T1;13
De 30 a 34 años;Hombres;Porcentaje;2002T4;12
De 30 a 34 años;Hombres;Porcentaje;2002T3;13,5
De 30 a 34 años;Hombres;Porcentaje;2002T2;13,9
De 30 a 34 años;Hombres;Porcentaje;2002T1;13,5
De 30 a 34 años;Mujeres;Valor absoluto;2026T1;121,3
De 30 a 34 años;Mujeres;Valor absoluto;2025T4;118,4
De 30 a 34 años;Mujeres;Valor absoluto;2025T3;124,1
De 30 a 34 años;Mujeres;Valor absoluto;2025T2;109,4
De 30 a 34 años;Mujeres;Valor absoluto;2025T1;131,8
De 30 a 34 años;Mujeres;Valor absoluto;2024T4;127,1
De 30 a 34 años;Mujeres;Valor absoluto;2024T3;140,4
De 30 a 34 años;Mujeres;Valor absoluto;2024T2;143,5
De 30 a 34 años;Mujeres;Valor absoluto;2024T1;145,5
De 30 a 34 años;Mujeres;Valor absoluto;2023T4;163,2
De 30 a 34 años;Mujeres;Valor absoluto;2023T3;163,9
De 30 a 34 años;Mujeres;Valor absoluto;2023T2;146,1
De 30 a 34 años;Mujeres;Valor absoluto;2023T1;181
De 30 a 34 años;Mujeres;Valor absoluto;2022T4;157,7
De 30 a 34 años;Mujeres;Valor absoluto;2022T3;164,5
De 30 a 34 años;Mujeres;Valor absoluto;2022T2;154,1
De 30 a 34 años;Mujeres;Valor absoluto;2022T1;167,9
De 30 a 34 años;Mujeres;Valor absoluto;2021T4;160,2
De 30 a 34 años;Mujeres;Valor absoluto;2021T3;181
De 30 a 34 años;Mujeres;Valor absoluto;2021T2;202,8
De 30 a 34 años;Mujeres;Valor absoluto;2021T1;203,6
De 30 a 34 años;Mujeres;Valor absoluto;2020T4;226,8
De 30 a 34 años;Mujeres;Valor absoluto;2020T3;229,3
De 30 a 34 años;Mujeres;Valor absoluto;2020T2;197,2
De 30 a 34 años;Mujeres;Valor absoluto;2020T1;197,9
De 30 a 34 años;Mujeres;Valor absoluto;2019T4;188,9
De 30 a 34 años;Mujeres;Valor absoluto;2019T3;198,5
De 30 a 34 años;Mujeres;Valor absoluto;2019T2;192,6
De 30 a 34 años;Mujeres;Valor absoluto;2019T1;191,5
De 30 a 34 años;Mujeres;Valor absoluto;2018T4;190,7
De 30 a 34 años;Mujeres;Valor absoluto;2018T3;201,8
De 30 a 34 años;Mujeres;Valor absoluto;2018T2;205,5
De 30 a 34 años;Mujeres;Valor absoluto;2018T1;222,5
De 30 a 34 años;Mujeres;Valor absoluto;2017T4;221
De 30 a 34 años;Mujeres;Valor absoluto;2017T3;207,2
De 30 a 34 años;Mujeres;Valor absoluto;2017T2;213,7
De 30 a 34 años;Mujeres;Valor absoluto;2017T1;241
De 30 a 34 años;Mujeres;Valor absoluto;2016T4;251
De 30 a 34 años;Mujeres;Valor absoluto;2016T3;254
De 30 a 34 años;Mujeres;Valor absoluto;2016T2;280,8
De 30 a 34 años;Mujeres;Valor absoluto;2016T1;296,3
De 30 a 34 años;Mujeres;Valor absoluto;2015T4;303,4
De 30 a 34 años;Mujeres;Valor absoluto;2015T3;292,5
De 30 a 34 años;Mujeres;Valor absoluto;2015T2;327,9
De 30 a 34 años;Mujeres;Valor absoluto;2015T1;358,8
De 30 a 34 años;Mujeres;Valor absoluto;2014T4;348,3
De 30 a 34 años;Mujeres;Valor absoluto;2014T3;343,2
De 30 a 34 años;Mujeres;Valor absoluto;2014T2;360,3
De 30 a 34 años;Mujeres;Valor absoluto;2014T1;404
De 30 a 34 años;Mujeres;Valor absoluto;2013T4;404,6
De 30 a 34 años;Mujeres;Valor absoluto;2013T3;391
De 30 a 34 años;Mujeres;Valor absoluto;2013T2;396,2
De 30 a 34 años;Mujeres;Valor absoluto;2013T1;414,8
De 30 a 34 años;Mujeres;Valor absoluto;2012T4;396,3
De 30 a 34 años;Mujeres;Valor absoluto;2012T3;386,8
De 30 a 34 años;Mujeres;Valor absoluto;2012T2;363,9
De 30 a 34 años;Mujeres;Valor absoluto;2012T1;376,6
De 30 a 34 años;Mujeres;Valor absoluto;2011T4;357,4
De 30 a 34 años;Mujeres;Valor absoluto;2011T3;334
De 30 a 34 años;Mujeres;Valor absoluto;2011T2;352,5
De 30 a 34 años;Mujeres;Valor absoluto;2011T1;356,9
De 30 a 34 años;Mujeres;Valor absoluto;2010T4;321,6
De 30 a 34 años;Mujeres;Valor absoluto;2010T3;321,9
De 30 a 34 años;Mujeres;Valor absoluto;2010T2;310,2
De 30 a 34 años;Mujeres;Valor absoluto;2010T1;315,1
De 30 a 34 años;Mujeres;Valor absoluto;2009T4;297,9
De 30 a 34 años;Mujeres;Valor absoluto;2009T3;273,8
De 30 a 34 años;Mujeres;Valor absoluto;2009T2;283,3
De 30 a 34 años;Mujeres;Valor absoluto;2009T1;273,6
De 30 a 34 años;Mujeres;Valor absoluto;2008T4;232,1
De 30 a 34 años;Mujeres;Valor absoluto;2008T3;184
De 30 a 34 años;Mujeres;Valor absoluto;2008T2;183,2
De 30 a 34 años;Mujeres;Valor absoluto;2008T1;172,4
De 30 a 34 años;Mujeres;Valor absoluto;2007T4;152
De 30 a 34 años;Mujeres;Valor absoluto;2007T3;142,2
De 30 a 34 años;Mujeres;Valor absoluto;2007T2;133,5
De 30 a 34 años;Mujeres;Valor absoluto;2007T1;165,2
De 30 a 34 años;Mujeres;Valor absoluto;2006T4;147,7
De 30 a 34 años;Mujeres;Valor absoluto;2006T3;148,1
De 30 a 34 años;Mujeres;Valor absoluto;2006T2;160,4
De 30 a 34 años;Mujeres;Valor absoluto;2006T1;163,3
De 30 a 34 años;Mujeres;Valor absoluto;2005T4;142,1
De 30 a 34 años;Mujeres;Valor absoluto;2005T3;131,4
De 30 a 34 años;Mujeres;Valor absoluto;2005T2;145,9
De 30 a 34 años;Mujeres;Valor absoluto;2005T1;167,5
De 30 a 34 años;Mujeres;Valor absoluto;2004T4;195,7
De 30 a 34 años;Mujeres;Valor absoluto;2004T3;177,9
De 30 a 34 años;Mujeres;Valor absoluto;2004T2;183,2
De 30 a 34 años;Mujeres;Valor absoluto;2004T1;199,9
De 30 a 34 años;Mujeres;Valor absoluto;2003T4;197
De 30 a 34 años;Mujeres;Valor absoluto;2003T3;201
De 30 a 34 años;Mujeres;Valor absoluto;2003T2;192,7
De 30 a 34 años;Mujeres;Valor absoluto;2003T1;210,8
De 30 a 34 años;Mujeres;Valor absoluto;2002T4;190,1
De 30 a 34 años;Mujeres;Valor absoluto;2002T3;186,5
De 30 a 34 años;Mujeres;Valor absoluto;2002T2;177,1
De 30 a 34 años;Mujeres;Valor absoluto;2002T1;192,4
De 30 a 34 años;Mujeres;Porcentaje;2026T1;8,3
De 30 a 34 años;Mujeres;Porcentaje;2025T4;8,9
De 30 a 34 años;Mujeres;Porcentaje;2025T3;8,7
De 30 a 34 años;Mujeres;Porcentaje;2025T2;8,1
De 30 a 34 años;Mujeres;Porcentaje;2025T1;8,9
De 30 a 34 años;Mujeres;Porcentaje;2024T4;9,3
De 30 a 34 años;Mujeres;Porcentaje;2024T3;9,7
De 30 a 34 años;Mujeres;Porcentaje;2024T2;9,9
De 30 a 34 años;Mujeres;Porcentaje;2024T1;9,3
De 30 a 34 años;Mujeres;Porcentaje;2023T4;10,7
De 30 a 34 años;Mujeres;Porcentaje;2023T3;10,5
De 30 a 34 años;Mujeres;Porcentaje;2023T2;9,7
De 30 a 34 años;Mujeres;Porcentaje;2023T1;10,5
De 30 a 34 años;Mujeres;Porcentaje;2022T4;9,6
De 30 a 34 años;Mujeres;Porcentaje;2022T3;9,9
De 30 a 34 años;Mujeres;Porcentaje;2022T2;9,7
De 30 a 34 años;Mujeres;Porcentaje;2022T1;9,9
De 30 a 34 años;Mujeres;Porcentaje;2021T4;9,6
De 30 a 34 años;Mujeres;Porcentaje;2021T3;9,9
De 30 a 34 años;Mujeres;Porcentaje;2021T2;10,6
De 30 a 34 años;Mujeres;Porcentaje;2021T1;10,3
De 30 a 34 años;Mujeres;Porcentaje;2020T4;11,4
De 30 a 34 años;Mujeres;Porcentaje;2020T3;11,7
De 30 a 34 años;Mujeres;Porcentaje;2020T2;11,6
De 30 a 34 años;Mujeres;Porcentaje;2020T1;11,3
De 30 a 34 años;Mujeres;Porcentaje;2019T4;11,2
De 30 a 34 años;Mujeres;Porcentaje;2019T3;11,6
De 30 a 34 años;Mujeres;Porcentaje;2019T2;11,4
De 30 a 34 años;Mujeres;Porcentaje;2019T1;10,7
De 30 a 34 años;Mujeres;Porcentaje;2018T4;11
De 30 a 34 años;Mujeres;Porcentaje;2018T3;11,8
De 30 a 34 años;Mujeres;Porcentaje;2018T2;11,3
De 30 a 34 años;Mujeres;Porcentaje;2018T1;11,4
De 30 a 34 años;Mujeres;Porcentaje;2017T4;11,4
De 30 a 34 años;Mujeres;Porcentaje;2017T3;10,8
De 30 a 34 años;Mujeres;Porcentaje;2017T2;10,6
De 30 a 34 años;Mujeres;Porcentaje;2017T1;11,1
De 30 a 34 años;Mujeres;Porcentaje;2016T4;11,7
De 30 a 34 años;Mujeres;Porcentaje;2016T3;11,6
De 30 a 34 años;Mujeres;Porcentaje;2016T2;12,1
De 30 a 34 años;Mujeres;Porcentaje;2016T1;12,3
De 30 a 34 años;Mujeres;Porcentaje;2015T4;12,7
De 30 a 34 años;Mujeres;Porcentaje;2015T3;12,2
De 30 a 34 años;Mujeres;Porcentaje;2015T2;12,8
De 30 a 34 años;Mujeres;Porcentaje;2015T1;13,6
De 30 a 34 años;Mujeres;Porcentaje;2014T4;13,2
De 30 a 34 años;Mujeres;Porcentaje;2014T3;13
De 30 a 34 años;Mujeres;Porcentaje;2014T2;13,4
De 30 a 34 años;Mujeres;Porcentaje;2014T1;14,3
De 30 a 34 años;Mujeres;Porcentaje;2013T4;14,3
De 30 a 34 años;Mujeres;Porcentaje;2013T3;14,1
De 30 a 34 años;Mujeres;Porcentaje;2013T2;13,9
De 30 a 34 años;Mujeres;Porcentaje;2013T1;14,2
De 30 a 34 años;Mujeres;Porcentaje;2012T4;14,1
De 30 a 34 años;Mujeres;Porcentaje;2012T3;14,4
De 30 a 34 años;Mujeres;Porcentaje;2012T2;14
De 30 a 34 años;Mujeres;Porcentaje;2012T1;14,4
De 30 a 34 años;Mujeres;Porcentaje;2011T4;14,7
De 30 a 34 años;Mujeres;Porcentaje;2011T3;14,5
De 30 a 34 años;Mujeres;Porcentaje;2011T2;15,9
De 30 a 34 años;Mujeres;Porcentaje;2011T1;15,7
De 30 a 34 años;Mujeres;Porcentaje;2010T4;15
De 30 a 34 años;Mujeres;Porcentaje;2010T3;15,3
De 30 a 34 años;Mujeres;Porcentaje;2010T2;14,7
De 30 a 34 años;Mujeres;Porcentaje;2010T1;15,3
De 30 a 34 años;Mujeres;Porcentaje;2009T4;15,4
De 30 a 34 años;Mujeres;Porcentaje;2009T3;15
De 30 a 34 años;Mujeres;Porcentaje;2009T2;15,4
De 30 a 34 años;Mujeres;Porcentaje;2009T1;15,1
De 30 a 34 años;Mujeres;Porcentaje;2008T4;15,4
De 30 a 34 años;Mujeres;Porcentaje;2008T3;14,8
De 30 a 34 años;Mujeres;Porcentaje;2008T2;15,3
De 30 a 34 años;Mujeres;Porcentaje;2008T1;14,9
De 30 a 34 años;Mujeres;Porcentaje;2007T4;14,5
De 30 a 34 años;Mujeres;Porcentaje;2007T3;14,3
De 30 a 34 años;Mujeres;Porcentaje;2007T2;13,6
De 30 a 34 años;Mujeres;Porcentaje;2007T1;15,6
De 30 a 34 años;Mujeres;Porcentaje;2006T4;14,2
De 30 a 34 años;Mujeres;Porcentaje;2006T3;14,8
De 30 a 34 años;Mujeres;Porcentaje;2006T2;15,5
De 30 a 34 años;Mujeres;Porcentaje;2006T1;15
De 30 a 34 años;Mujeres;Porcentaje;2005T4;13,9
De 30 a 34 años;Mujeres;Porcentaje;2005T3;13,6
De 30 a 34 años;Mujeres;Porcentaje;2005T2;13,8
De 30 a 34 años;Mujeres;Porcentaje;2005T1;14,4
De 30 a 34 años;Mujeres;Porcentaje;2004T4;15,9
De 30 a 34 años;Mujeres;Porcentaje;2004T3;14,7
De 30 a 34 años;Mujeres;Porcentaje;2004T2;14,6
De 30 a 34 años;Mujeres;Porcentaje;2004T1;15,6
De 30 a 34 años;Mujeres;Porcentaje;2003T4;15,6
De 30 a 34 años;Mujeres;Porcentaje;2003T3;16
De 30 a 34 años;Mujeres;Porcentaje;2003T2;15,4
De 30 a 34 años;Mujeres;Porcentaje;2003T1;16
De 30 a 34 años;Mujeres;Porcentaje;2002T4;15,3
De 30 a 34 años;Mujeres;Porcentaje;2002T3;15
De 30 a 34 años;Mujeres;Porcentaje;2002T2;14,6
De 30 a 34 años;Mujeres;Porcentaje;2002T1;15,8
De 35 a 39 años;Ambos sexos;Valor absoluto;2026T1;261,2
De 35 a 39 años;Ambos sexos;Valor absoluto;2025T4;244
De 35 a 39 años;Ambos sexos;Valor absoluto;2025T3;239,6
De 35 a 39 años;Ambos sexos;Valor absoluto;2025T2;220,7
De 35 a 39 años;Ambos sexos;Valor absoluto;2025T1;265,5
De 35 a 39 años;Ambos sexos;Valor absoluto;2024T4;230,7
De 35 a 39 años;Ambos sexos;Valor absoluto;2024T3;232,3
De 35 a 39 años;Ambos sexos;Valor absoluto;2024T2;237,3
De 35 a 39 años;Ambos sexos;Valor absoluto;2024T1;288,1
De 35 a 39 años;Ambos sexos;Valor absoluto;2023T4;289,5
De 35 a 39 años;Ambos sexos;Valor absoluto;2023T3;271,6
De 35 a 39 años;Ambos sexos;Valor absoluto;2023T2;282,5
De 35 a 39 años;Ambos sexos;Valor absoluto;2023T1;336,9
De 35 a 39 años;Ambos sexos;Valor absoluto;2022T4;334,4
De 35 a 39 años;Ambos sexos;Valor absoluto;2022T3;314,7
De 35 a 39 años;Ambos sexos;Valor absoluto;2022T2;307,2
De 35 a 39 años;Ambos sexos;Valor absoluto;2022T1;339,8
De 35 a 39 años;Ambos sexos;Valor absoluto;2021T4;300,6
De 35 a 39 años;Ambos sexos;Valor absoluto;2021T3;348,3
De 35 a 39 años;Ambos sexos;Valor absoluto;2021T2;397,9
De 35 a 39 años;Ambos sexos;Valor absoluto;2021T1;435,9
De 35 a 39 años;Ambos sexos;Valor absoluto;2020T4;430,9
De 35 a 39 años;Ambos sexos;Valor absoluto;2020T3;401,2
De 35 a 39 años;Ambos sexos;Valor absoluto;2020T2;398,1
De 35 a 39 años;Ambos sexos;Valor absoluto;2020T1;377,2
De 35 a 39 años;Ambos sexos;Valor absoluto;2019T4;346,6
De 35 a 39 años;Ambos sexos;Valor absoluto;2019T3;326,3
De 35 a 39 años;Ambos sexos;Valor absoluto;2019T2;345,6
De 35 a 39 años;Ambos sexos;Valor absoluto;2019T1;364,4
De 35 a 39 años;Ambos sexos;Valor absoluto;2018T4;376,5
De 35 a 39 años;Ambos sexos;Valor absoluto;2018T3;377,8
De 35 a 39 años;Ambos sexos;Valor absoluto;2018T2;393
De 35 a 39 años;Ambos sexos;Valor absoluto;2018T1;456
De 35 a 39 años;Ambos sexos;Valor absoluto;2017T4;446,9
De 35 a 39 años;Ambos sexos;Valor absoluto;2017T3;437,1
De 35 a 39 años;Ambos sexos;Valor absoluto;2017T2;464
De 35 a 39 años;Ambos sexos;Valor absoluto;2017T1;533,1
De 35 a 39 años;Ambos sexos;Valor absoluto;2016T4;534,7
De 35 a 39 años;Ambos sexos;Valor absoluto;2016T3;539,6
De 35 a 39 años;Ambos sexos;Valor absoluto;2016T2;565,2
De 35 a 39 años;Ambos sexos;Valor absoluto;2016T1;630,7
De 35 a 39 años;Ambos sexos;Valor absoluto;2015T4;621,6
De 35 a 39 años;Ambos sexos;Valor absoluto;2015T3;601,5
De 35 a 39 años;Ambos sexos;Valor absoluto;2015T2;690,5
De 35 a 39 años;Ambos sexos;Valor absoluto;2015T1;729
De 35 a 39 años;Ambos sexos;Valor absoluto;2014T4;725,8
De 35 a 39 años;Ambos sexos;Valor absoluto;2014T3;739,2
De 35 a 39 años;Ambos sexos;Valor absoluto;2014T2;748,6
De 35 a 39 años;Ambos sexos;Valor absoluto;2014T1;821,5
De 35 a 39 años;Ambos sexos;Valor absoluto;2013T4;809
De 35 a 39 años;Ambos sexos;Valor absoluto;2013T3;804,2
De 35 a 39 años;Ambos sexos;Valor absoluto;2013T2;833,2
De 35 a 39 años;Ambos sexos;Valor absoluto;2013T1;864,1
De 35 a 39 años;Ambos sexos;Valor absoluto;2012T4;829,4
De 35 a 39 años;Ambos sexos;Valor absoluto;2012T3;771,5
De 35 a 39 años;Ambos sexos;Valor absoluto;2012T2;773,7
De 35 a 39 años;Ambos sexos;Valor absoluto;2012T1;792,6
De 35 a 39 años;Ambos sexos;Valor absoluto;2011T4;738,9
De 35 a 39 años;Ambos sexos;Valor absoluto;2011T3;682,1
De 35 a 39 años;Ambos sexos;Valor absoluto;2011T2;639,6
De 35 a 39 años;Ambos sexos;Valor absoluto;2011T1;666,9
De 35 a 39 años;Ambos sexos;Valor absoluto;2010T4;637,4
De 35 a 39 años;Ambos sexos;Valor absoluto;2010T3;645,5
De 35 a 39 años;Ambos sexos;Valor absoluto;2010T2;642,4
De 35 a 39 años;Ambos sexos;Valor absoluto;2010T1;644,3
De 35 a 39 años;Ambos sexos;Valor absoluto;2009T4;603,7
De 35 a 39 años;Ambos sexos;Valor absoluto;2009T3;537,9
De 35 a 39 años;Ambos sexos;Valor absoluto;2009T2;546,7
De 35 a 39 años;Ambos sexos;Valor absoluto;2009T1;555,9
De 35 a 39 años;Ambos sexos;Valor absoluto;2008T4;407,6
De 35 a 39 años;Ambos sexos;Valor absoluto;2008T3;322,2
De 35 a 39 años;Ambos sexos;Valor absoluto;2008T2;279,8
De 35 a 39 años;Ambos sexos;Valor absoluto;2008T1;270,9
De 35 a 39 años;Ambos sexos;Valor absoluto;2007T4;217,6
De 35 a 39 años;Ambos sexos;Valor absoluto;2007T3;214
De 35 a 39 años;Ambos sexos;Valor absoluto;2007T2;221
De 35 a 39 años;Ambos sexos;Valor absoluto;2007T1;247,5
De 35 a 39 años;Ambos sexos;Valor absoluto;2006T4;230,3
De 35 a 39 años;Ambos sexos;Valor absoluto;2006T3;215,9
De 35 a 39 años;Ambos sexos;Valor absoluto;2006T2;217,8
De 35 a 39 años;Ambos sexos;Valor absoluto;2006T1;226,2
De 35 a 39 años;Ambos sexos;Valor absoluto;2005T4;218,5
De 35 a 39 años;Ambos sexos;Valor absoluto;2005T3;216,3
De 35 a 39 años;Ambos sexos;Valor absoluto;2005T2;227,7
De 35 a 39 años;Ambos sexos;Valor absoluto;2005T1;262,7
De 35 a 39 años;Ambos sexos;Valor absoluto;2004T4;295,4
De 35 a 39 años;Ambos sexos;Valor absoluto;2004T3;279,5
De 35 a 39 años;Ambos sexos;Valor absoluto;2004T2;274,9
De 35 a 39 años;Ambos sexos;Valor absoluto;2004T1;316,1
De 35 a 39 años;Ambos sexos;Valor absoluto;2003T4;291,9
De 35 a 39 años;Ambos sexos;Valor absoluto;2003T3;266
De 35 a 39 años;Ambos sexos;Valor absoluto;2003T2;285,5
De 35 a 39 años;Ambos sexos;Valor absoluto;2003T1;300,7
De 35 a 39 años;Ambos sexos;Valor absoluto;2002T4;267,4
De 35 a 39 años;Ambos sexos;Valor absoluto;2002T3;265,4
De 35 a 39 años;Ambos sexos;Valor absoluto;2002T2;259,5
De 35 a 39 años;Ambos sexos;Valor absoluto;2002T1;260,2
De 35 a 39 años;Ambos sexos;Porcentaje;2026T1;9,6
De 35 a 39 años;Ambos sexos;Porcentaje;2025T4;9,8
De 35 a 39 años;Ambos sexos;Porcentaje;2025T3;9,2
De 35 a 39 años;Ambos sexos;Porcentaje;2025T2;8,6
De 35 a 39 años;Ambos sexos;Porcentaje;2025T1;9,5
De 35 a 39 años;Ambos sexos;Porcentaje;2024T4;8,9
De 35 a 39 años;Ambos sexos;Porcentaje;2024T3;8,4
De 35 a 39 años;Ambos sexos;Porcentaje;2024T2;8,6
De 35 a 39 años;Ambos sexos;Porcentaje;2024T1;9,7
De 35 a 39 años;Ambos sexos;Porcentaje;2023T4;10,1
De 35 a 39 años;Ambos sexos;Porcentaje;2023T3;9,4
De 35 a 39 años;Ambos sexos;Porcentaje;2023T2;10,1
De 35 a 39 años;Ambos sexos;Porcentaje;2023T1;10,6
De 35 a 39 años;Ambos sexos;Porcentaje;2022T4;10,9
De 35 a 39 años;Ambos sexos;Porcentaje;2022T3;10,4
De 35 a 39 años;Ambos sexos;Porcentaje;2022T2;10,3
De 35 a 39 años;Ambos sexos;Porcentaje;2022T1;10,6
De 35 a 39 años;Ambos sexos;Porcentaje;2021T4;9,5
De 35 a 39 años;Ambos sexos;Porcentaje;2021T3;10
De 35 a 39 años;Ambos sexos;Porcentaje;2021T2;11,1
De 35 a 39 años;Ambos sexos;Porcentaje;2021T1;11,8
De 35 a 39 años;Ambos sexos;Porcentaje;2020T4;11,6
De 35 a 39 años;Ambos sexos;Porcentaje;2020T3;10,8
De 35 a 39 años;Ambos sexos;Porcentaje;2020T2;11,8
De 35 a 39 años;Ambos sexos;Porcentaje;2020T1;11,4
De 35 a 39 años;Ambos sexos;Porcentaje;2019T4;10,9
De 35 a 39 años;Ambos sexos;Porcentaje;2019T3;10,2
De 35 a 39 años;Ambos sexos;Porcentaje;2019T2;10,7
De 35 a 39 años;Ambos sexos;Porcentaje;2019T1;10,9
De 35 a 39 años;Ambos sexos;Porcentaje;2018T4;11,4
De 35 a 39 años;Ambos sexos;Porcentaje;2018T3;11,4
De 35 a 39 años;Ambos sexos;Porcentaje;2018T2;11,3
De 35 a 39 años;Ambos sexos;Porcentaje;2018T1;12
De 35 a 39 años;Ambos sexos;Porcentaje;2017T4;11,9
De 35 a 39 años;Ambos sexos;Porcentaje;2017T3;11,7
De 35 a 39 años;Ambos sexos;Porcentaje;2017T2;11,9
De 35 a 39 años;Ambos sexos;Porcentaje;2017T1;12,5
De 35 a 39 años;Ambos sexos;Porcentaje;2016T4;12,6
De 35 a 39 años;Ambos sexos;Porcentaje;2016T3;12,5
De 35 a 39 años;Ambos sexos;Porcentaje;2016T2;12,4
De 35 a 39 años;Ambos sexos;Porcentaje;2016T1;13,2
De 35 a 39 años;Ambos sexos;Porcentaje;2015T4;13
De 35 a 39 años;Ambos sexos;Porcentaje;2015T3;12,4
De 35 a 39 años;Ambos sexos;Porcentaje;2015T2;13,4
De 35 a 39 años;Ambos sexos;Porcentaje;2015T1;13,4
De 35 a 39 años;Ambos sexos;Porcentaje;2014T4;13,3
De 35 a 39 años;Ambos sexos;Porcentaje;2014T3;13,6
De 35 a 39 años;Ambos sexos;Porcentaje;2014T2;13,3
De 35 a 39 años;Ambos sexos;Porcentaje;2014T1;13,8
De 35 a 39 años;Ambos sexos;Porcentaje;2013T4;13,6
De 35 a 39 años;Ambos sexos;Porcentaje;2013T3;13,5
De 35 a 39 años;Ambos sexos;Porcentaje;2013T2;13,8
De 35 a 39 años;Ambos sexos;Porcentaje;2013T1;13,8
De 35 a 39 años;Ambos sexos;Porcentaje;2012T4;13,8
De 35 a 39 años;Ambos sexos;Porcentaje;2012T3;13,2
De 35 a 39 años;Ambos sexos;Porcentaje;2012T2;13,5
De 35 a 39 años;Ambos sexos;Porcentaje;2012T1;14
De 35 a 39 años;Ambos sexos;Porcentaje;2011T4;14
De 35 a 39 años;Ambos sexos;Porcentaje;2011T3;13,6
De 35 a 39 años;Ambos sexos;Porcentaje;2011T2;13,2
De 35 a 39 años;Ambos sexos;Porcentaje;2011T1;13,6
De 35 a 39 años;Ambos sexos;Porcentaje;2010T4;13,6
De 35 a 39 años;Ambos sexos;Porcentaje;2010T3;14,1
De 35 a 39 años;Ambos sexos;Porcentaje;2010T2;13,8
De 35 a 39 años;Ambos sexos;Porcentaje;2010T1;14
De 35 a 39 años;Ambos sexos;Porcentaje;2009T4;13,9
De 35 a 39 años;Ambos sexos;Porcentaje;2009T3;13,1
De 35 a 39 años;Ambos sexos;Porcentaje;2009T2;13,2
De 35 a 39 años;Ambos sexos;Porcentaje;2009T1;13,8
De 35 a 39 años;Ambos sexos;Porcentaje;2008T4;12,7
De 35 a 39 años;Ambos sexos;Porcentaje;2008T3;12,4
De 35 a 39 años;Ambos sexos;Porcentaje;2008T2;11,7
De 35 a 39 años;Ambos sexos;Porcentaje;2008T1;12,4
De 35 a 39 años;Ambos sexos;Porcentaje;2007T4;11,2
De 35 a 39 años;Ambos sexos;Porcentaje;2007T3;11,8
De 35 a 39 años;Ambos sexos;Porcentaje;2007T2;12,5
De 35 a 39 años;Ambos sexos;Porcentaje;2007T1;13,3
De 35 a 39 años;Ambos sexos;Porcentaje;2006T4;12,7
De 35 a 39 años;Ambos sexos;Porcentaje;2006T3;12,2
De 35 a 39 años;Ambos sexos;Porcentaje;2006T2;11,9
De 35 a 39 años;Ambos sexos;Porcentaje;2006T1;11,6
De 35 a 39 años;Ambos sexos;Porcentaje;2005T4;11,7
De 35 a 39 años;Ambos sexos;Porcentaje;2005T3;12,1
De 35 a 39 años;Ambos sexos;Porcentaje;2005T2;11,6
De 35 a 39 años;Ambos sexos;Porcentaje;2005T1;12,4
De 35 a 39 años;Ambos sexos;Porcentaje;2004T4;13,6
De 35 a 39 años;Ambos sexos;Porcentaje;2004T3;12,7
De 35 a 39 años;Ambos sexos;Porcentaje;2004T2;12,2
De 35 a 39 años;Ambos sexos;Porcentaje;2004T1;13,7
De 35 a 39 años;Ambos sexos;Porcentaje;2003T4;12,8
De 35 a 39 años;Ambos sexos;Porcentaje;2003T3;11,8
De 35 a 39 años;Ambos sexos;Porcentaje;2003T2;12,9
De 35 a 39 años;Ambos sexos;Porcentaje;2003T1;12,9
De 35 a 39 años;Ambos sexos;Porcentaje;2002T4;12
De 35 a 39 años;Ambos sexos;Porcentaje;2002T3;12,1
De 35 a 39 años;Ambos sexos;Porcentaje;2002T2;12,3
De 35 a 39 años;Ambos sexos;Porcentaje;2002T1;12,1
De 35 a 39 años;Hombres;Valor absoluto;2026T1;124,1
De 35 a 39 años;Hombres;Valor absoluto;2025T4;110,6
De 35 a 39 años;Hombres;Valor absoluto;2025T3;107,3
De 35 a 39 años;Hombres;Valor absoluto;2025T2;94,5
De 35 a 39 años;Hombres;Valor absoluto;2025T1;114,3
De 35 a 39 años;Hombres;Valor absoluto;2024T4;107,3
De 35 a 39 años;Hombres;Valor absoluto;2024T3;102,9
De 35 a 39 años;Hombres;Valor absoluto;2024T2;107,8
De 35 a 39 años;Hombres;Valor absoluto;2024T1;122,1
De 35 a 39 años;Hombres;Valor absoluto;2023T4;116
De 35 a 39 años;Hombres;Valor absoluto;2023T3;121,9
De 35 a 39 años;Hombres;Valor absoluto;2023T2;118,1
De 35 a 39 años;Hombres;Valor absoluto;2023T1;148,4
De 35 a 39 años;Hombres;Valor absoluto;2022T4;137,8
De 35 a 39 años;Hombres;Valor absoluto;2022T3;137,5
De 35 a 39 años;Hombres;Valor absoluto;2022T2;142,5
De 35 a 39 años;Hombres;Valor absoluto;2022T1;149,1
De 35 a 39 años;Hombres;Valor absoluto;2021T4;131,8
De 35 a 39 años;Hombres;Valor absoluto;2021T3;160,2
De 35 a 39 años;Hombres;Valor absoluto;2021T2;184,1
De 35 a 39 años;Hombres;Valor absoluto;2021T1;184,3
De 35 a 39 años;Hombres;Valor absoluto;2020T4;192,9
De 35 a 39 años;Hombres;Valor absoluto;2020T3;170,2
De 35 a 39 años;Hombres;Valor absoluto;2020T2;181,2
De 35 a 39 años;Hombres;Valor absoluto;2020T1;160
De 35 a 39 años;Hombres;Valor absoluto;2019T4;153,1
De 35 a 39 años;Hombres;Valor absoluto;2019T3;143,6
De 35 a 39 años;Hombres;Valor absoluto;2019T2;150,7
De 35 a 39 años;Hombres;Valor absoluto;2019T1;162,5
De 35 a 39 años;Hombres;Valor absoluto;2018T4;174,7
De 35 a 39 años;Hombres;Valor absoluto;2018T3;171,8
De 35 a 39 años;Hombres;Valor absoluto;2018T2;176,6
De 35 a 39 años;Hombres;Valor absoluto;2018T1;207,8
De 35 a 39 años;Hombres;Valor absoluto;2017T4;192,4
De 35 a 39 años;Hombres;Valor absoluto;2017T3;196,2
De 35 a 39 años;Hombres;Valor absoluto;2017T2;207,8
De 35 a 39 años;Hombres;Valor absoluto;2017T1;244,3
De 35 a 39 años;Hombres;Valor absoluto;2016T4;249,4
De 35 a 39 años;Hombres;Valor absoluto;2016T3;258,2
De 35 a 39 años;Hombres;Valor absoluto;2016T2;251
De 35 a 39 años;Hombres;Valor absoluto;2016T1;286,6
De 35 a 39 años;Hombres;Valor absoluto;2015T4;285,4
De 35 a 39 años;Hombres;Valor absoluto;2015T3;286,3
De 35 a 39 años;Hombres;Valor absoluto;2015T2;334,6
De 35 a 39 años;Hombres;Valor absoluto;2015T1;373,3
De 35 a 39 años;Hombres;Valor absoluto;2014T4;359,2
De 35 a 39 años;Hombres;Valor absoluto;2014T3;358,6
De 35 a 39 años;Hombres;Valor absoluto;2014T2;386,1
De 35 a 39 años;Hombres;Valor absoluto;2014T1;416
De 35 a 39 años;Hombres;Valor absoluto;2013T4;394,6
De 35 a 39 años;Hombres;Valor absoluto;2013T3;415,5
De 35 a 39 años;Hombres;Valor absoluto;2013T2;419,1
De 35 a 39 años;Hombres;Valor absoluto;2013T1;440,9
De 35 a 39 años;Hombres;Valor absoluto;2012T4;411,1
De 35 a 39 años;Hombres;Valor absoluto;2012T3;401,2
De 35 a 39 años;Hombres;Valor absoluto;2012T2;409,2
De 35 a 39 años;Hombres;Valor absoluto;2012T1;415,6
De 35 a 39 años;Hombres;Valor absoluto;2011T4;379,8
De 35 a 39 años;Hombres;Valor absoluto;2011T3;355,8
De 35 a 39 años;Hombres;Valor absoluto;2011T2;337,5
De 35 a 39 años;Hombres;Valor absoluto;2011T1;345,8
De 35 a 39 años;Hombres;Valor absoluto;2010T4;328
De 35 a 39 años;Hombres;Valor absoluto;2010T3;332,5
De 35 a 39 años;Hombres;Valor absoluto;2010T2;321,7
De 35 a 39 años;Hombres;Valor absoluto;2010T1;326,3
De 35 a 39 años;Hombres;Valor absoluto;2009T4;325,1
De 35 a 39 años;Hombres;Valor absoluto;2009T3;304,6
De 35 a 39 años;Hombres;Valor absoluto;2009T2;301,5
De 35 a 39 años;Hombres;Valor absoluto;2009T1;295,9
De 35 a 39 años;Hombres;Valor absoluto;2008T4;205,7
De 35 a 39 años;Hombres;Valor absoluto;2008T3;159,8
De 35 a 39 años;Hombres;Valor absoluto;2008T2;131,5
De 35 a 39 años;Hombres;Valor absoluto;2008T1;122
De 35 a 39 años;Hombres;Valor absoluto;2007T4;96,6
De 35 a 39 años;Hombres;Valor absoluto;2007T3;89,8
De 35 a 39 años;Hombres;Valor absoluto;2007T2;90,3
De 35 a 39 años;Hombres;Valor absoluto;2007T1;104,3
De 35 a 39 años;Hombres;Valor absoluto;2006T4;85
De 35 a 39 años;Hombres;Valor absoluto;2006T3;90
De 35 a 39 años;Hombres;Valor absoluto;2006T2;93,6
De 35 a 39 años;Hombres;Valor absoluto;2006T1;92,1
De 35 a 39 años;Hombres;Valor absoluto;2005T4;85,9
De 35 a 39 años;Hombres;Valor absoluto;2005T3;87,9
De 35 a 39 años;Hombres;Valor absoluto;2005T2;100,4
De 35 a 39 años;Hombres;Valor absoluto;2005T1;114,3
De 35 a 39 años;Hombres;Valor absoluto;2004T4;116,3
De 35 a 39 años;Hombres;Valor absoluto;2004T3;112,1
De 35 a 39 años;Hombres;Valor absoluto;2004T2;109
De 35 a 39 años;Hombres;Valor absoluto;2004T1;129,5
De 35 a 39 años;Hombres;Valor absoluto;2003T4;122,1
De 35 a 39 años;Hombres;Valor absoluto;2003T3;107,8
De 35 a 39 años;Hombres;Valor absoluto;2003T2;111,3
De 35 a 39 años;Hombres;Valor absoluto;2003T1;116,7
De 35 a 39 años;Hombres;Valor absoluto;2002T4;101,8
De 35 a 39 años;Hombres;Valor absoluto;2002T3;104,1
De 35 a 39 años;Hombres;Valor absoluto;2002T2;92,7
De 35 a 39 años;Hombres;Valor absoluto;2002T1;96,1
De 35 a 39 años;Hombres;Porcentaje;2026T1;9,9
De 35 a 39 años;Hombres;Porcentaje;2025T4;9,6
De 35 a 39 años;Hombres;Porcentaje;2025T3;9,1
De 35 a 39 años;Hombres;Porcentaje;2025T2;7,9
De 35 a 39 años;Hombres;Porcentaje;2025T1;8,7
De 35 a 39 años;Hombres;Porcentaje;2024T4;8,7
De 35 a 39 años;Hombres;Porcentaje;2024T3;7,9
De 35 a 39 años;Hombres;Porcentaje;2024T2;8,3
De 35 a 39 años;Hombres;Porcentaje;2024T1;8,7
De 35 a 39 años;Hombres;Porcentaje;2023T4;8,7
De 35 a 39 años;Hombres;Porcentaje;2023T3;9,2
De 35 a 39 años;Hombres;Porcentaje;2023T2;9
De 35 a 39 años;Hombres;Porcentaje;2023T1;10,1
De 35 a 39 años;Hombres;Porcentaje;2022T4;9,6
De 35 a 39 años;Hombres;Porcentaje;2022T3;10
De 35 a 39 años;Hombres;Porcentaje;2022T2;10,2
De 35 a 39 años;Hombres;Porcentaje;2022T1;9,9
De 35 a 39 años;Hombres;Porcentaje;2021T4;8,9
De 35 a 39 años;Hombres;Porcentaje;2021T3;9,7
De 35 a 39 años;Hombres;Porcentaje;2021T2;11
De 35 a 39 años;Hombres;Porcentaje;2021T1;10,6
De 35 a 39 años;Hombres;Porcentaje;2020T4;11,2
De 35 a 39 años;Hombres;Porcentaje;2020T3;9,7
De 35 a 39 años;Hombres;Porcentaje;2020T2;10,9
De 35 a 39 años;Hombres;Porcentaje;2020T1;10,2
De 35 a 39 años;Hombres;Porcentaje;2019T4;10,2
De 35 a 39 años;Hombres;Porcentaje;2019T3;9,6
De 35 a 39 años;Hombres;Porcentaje;2019T2;9,8
De 35 a 39 años;Hombres;Porcentaje;2019T1;10,3
De 35 a 39 años;Hombres;Porcentaje;2018T4;11,1
De 35 a 39 años;Hombres;Porcentaje;2018T3;10,7
De 35 a 39 años;Hombres;Porcentaje;2018T2;10,6
De 35 a 39 años;Hombres;Porcentaje;2018T1;11,3
De 35 a 39 años;Hombres;Porcentaje;2017T4;10,6
De 35 a 39 años;Hombres;Porcentaje;2017T3;10,8
De 35 a 39 años;Hombres;Porcentaje;2017T2;10,9
De 35 a 39 años;Hombres;Porcentaje;2017T1;11,7
De 35 a 39 años;Hombres;Porcentaje;2016T4;11,9
De 35 a 39 años;Hombres;Porcentaje;2016T3;12,1
De 35 a 39 años;Hombres;Porcentaje;2016T2;11,2
De 35 a 39 años;Hombres;Porcentaje;2016T1;12,1
De 35 a 39 años;Hombres;Porcentaje;2015T4;12
De 35 a 39 años;Hombres;Porcentaje;2015T3;11,6
De 35 a 39 años;Hombres;Porcentaje;2015T2;12,9
De 35 a 39 años;Hombres;Porcentaje;2015T1;13,3
De 35 a 39 años;Hombres;Porcentaje;2014T4;12,7
De 35 a 39 años;Hombres;Porcentaje;2014T3;12,8
De 35 a 39 años;Hombres;Porcentaje;2014T2;13,2
De 35 a 39 años;Hombres;Porcentaje;2014T1;13,3
De 35 a 39 años;Hombres;Porcentaje;2013T4;12,7
De 35 a 39 años;Hombres;Porcentaje;2013T3;13,1
De 35 a 39 años;Hombres;Porcentaje;2013T2;13,1
De 35 a 39 años;Hombres;Porcentaje;2013T1;13,1
De 35 a 39 años;Hombres;Porcentaje;2012T4;12,8
De 35 a 39 años;Hombres;Porcentaje;2012T3;12,8
De 35 a 39 años;Hombres;Porcentaje;2012T2;13,1
De 35 a 39 años;Hombres;Porcentaje;2012T1;13,6
De 35 a 39 años;Hombres;Porcentaje;2011T4;13,3
De 35 a 39 años;Hombres;Porcentaje;2011T3;13,2
De 35 a 39 años;Hombres;Porcentaje;2011T2;12,9
De 35 a 39 años;Hombres;Porcentaje;2011T1;13,1
De 35 a 39 años;Hombres;Porcentaje;2010T4;12,9
De 35 a 39 años;Hombres;Porcentaje;2010T3;13,4
De 35 a 39 años;Hombres;Porcentaje;2010T2;12,6
De 35 a 39 años;Hombres;Porcentaje;2010T1;12,7
De 35 a 39 años;Hombres;Porcentaje;2009T4;13,5
De 35 a 39 años;Hombres;Porcentaje;2009T3;13,3
De 35 a 39 años;Hombres;Porcentaje;2009T2;13,1
De 35 a 39 años;Hombres;Porcentaje;2009T1;13,4
De 35 a 39 años;Hombres;Porcentaje;2008T4;12,1
De 35 a 39 años;Hombres;Porcentaje;2008T3;11,8
De 35 a 39 años;Hombres;Porcentaje;2008T2;11
De 35 a 39 años;Hombres;Porcentaje;2008T1;11,8
De 35 a 39 años;Hombres;Porcentaje;2007T4;10,8
De 35 a 39 años;Hombres;Porcentaje;2007T3;11,1
De 35 a 39 años;Hombres;Porcentaje;2007T2;11,4
De 35 a 39 años;Hombres;Porcentaje;2007T1;12,9
De 35 a 39 años;Hombres;Porcentaje;2006T4;11
De 35 a 39 años;Hombres;Porcentaje;2006T3;11,7
De 35 a 39 años;Hombres;Porcentaje;2006T2;11,7
De 35 a 39 años;Hombres;Porcentaje;2006T1;10,8
De 35 a 39 años;Hombres;Porcentaje;2005T4;10,2
De 35 a 39 años;Hombres;Porcentaje;2005T3;10,8
De 35 a 39 años;Hombres;Porcentaje;2005T2;11
De 35 a 39 años;Hombres;Porcentaje;2005T1;11,9
De 35 a 39 años;Hombres;Porcentaje;2004T4;12,3
De 35 a 39 años;Hombres;Porcentaje;2004T3;11,3
De 35 a 39 años;Hombres;Porcentaje;2004T2;11
De 35 a 39 años;Hombres;Porcentaje;2004T1;12,6
De 35 a 39 años;Hombres;Porcentaje;2003T4;12
De 35 a 39 años;Hombres;Porcentaje;2003T3;10,9
De 35 a 39 años;Hombres;Porcentaje;2003T2;11,5
De 35 a 39 años;Hombres;Porcentaje;2003T1;11,5
De 35 a 39 años;Hombres;Porcentaje;2002T4;10,3
De 35 a 39 años;Hombres;Porcentaje;2002T3;10,9
De 35 a 39 años;Hombres;Porcentaje;2002T2;10,5
De 35 a 39 años;Hombres;Porcentaje;2002T1;10,3
De 35 a 39 años;Mujeres;Valor absoluto;2026T1;137,1
De 35 a 39 años;Mujeres;Valor absoluto;2025T4;133,4
De 35 a 39 años;Mujeres;Valor absoluto;2025T3;132,2
De 35 a 39 años;Mujeres;Valor absoluto;2025T2;126,2
De 35 a 39 años;Mujeres;Valor absoluto;2025T1;151,3
De 35 a 39 años;Mujeres;Valor absoluto;2024T4;123,4
De 35 a 39 años;Mujeres;Valor absoluto;2024T3;129,4
De 35 a 39 años;Mujeres;Valor absoluto;2024T2;129,5
De 35 a 39 años;Mujeres;Valor absoluto;2024T1;166
De 35 a 39 años;Mujeres;Valor absoluto;2023T4;173,5
De 35 a 39 años;Mujeres;Valor absoluto;2023T3;149,7
De 35 a 39 años;Mujeres;Valor absoluto;2023T2;164,4
De 35 a 39 años;Mujeres;Valor absoluto;2023T1;188,6
De 35 a 39 años;Mujeres;Valor absoluto;2022T4;196,6
De 35 a 39 años;Mujeres;Valor absoluto;2022T3;177,2
De 35 a 39 años;Mujeres;Valor absoluto;2022T2;164,7
De 35 a 39 años;Mujeres;Valor absoluto;2022T1;190,7
De 35 a 39 años;Mujeres;Valor absoluto;2021T4;168,8
De 35 a 39 años;Mujeres;Valor absoluto;2021T3;188,1
De 35 a 39 años;Mujeres;Valor absoluto;2021T2;213,9
De 35 a 39 años;Mujeres;Valor absoluto;2021T1;251,6
De 35 a 39 años;Mujeres;Valor absoluto;2020T4;238,1
De 35 a 39 años;Mujeres;Valor absoluto;2020T3;231
De 35 a 39 años;Mujeres;Valor absoluto;2020T2;216,9
De 35 a 39 años;Mujeres;Valor absoluto;2020T1;217,2
De 35 a 39 años;Mujeres;Valor absoluto;2019T4;193,5
De 35 a 39 años;Mujeres;Valor absoluto;2019T3;182,7
De 35 a 39 años;Mujeres;Valor absoluto;2019T2;194,9
De 35 a 39 años;Mujeres;Valor absoluto;2019T1;201,9
De 35 a 39 años;Mujeres;Valor absoluto;2018T4;201,8
De 35 a 39 años;Mujeres;Valor absoluto;2018T3;206
De 35 a 39 años;Mujeres;Valor absoluto;2018T2;216,4
De 35 a 39 años;Mujeres;Valor absoluto;2018T1;248,2
De 35 a 39 años;Mujeres;Valor absoluto;2017T4;254,5
De 35 a 39 años;Mujeres;Valor absoluto;2017T3;240,9
De 35 a 39 años;Mujeres;Valor absoluto;2017T2;256,2
De 35 a 39 años;Mujeres;Valor absoluto;2017T1;288,9
De 35 a 39 años;Mujeres;Valor absoluto;2016T4;285,3
De 35 a 39 años;Mujeres;Valor absoluto;2016T3;281,4
De 35 a 39 años;Mujeres;Valor absoluto;2016T2;314,2
De 35 a 39 años;Mujeres;Valor absoluto;2016T1;344
De 35 a 39 años;Mujeres;Valor absoluto;2015T4;336,2
De 35 a 39 años;Mujeres;Valor absoluto;2015T3;315,2
De 35 a 39 años;Mujeres;Valor absoluto;2015T2;355,8
De 35 a 39 años;Mujeres;Valor absoluto;2015T1;355,6
De 35 a 39 años;Mujeres;Valor absoluto;2014T4;366,5
De 35 a 39 años;Mujeres;Valor absoluto;2014T3;380,5
De 35 a 39 años;Mujeres;Valor absoluto;2014T2;362,5
De 35 a 39 años;Mujeres;Valor absoluto;2014T1;405,5
De 35 a 39 años;Mujeres;Valor absoluto;2013T4;414,4
De 35 a 39 años;Mujeres;Valor absoluto;2013T3;388,7
De 35 a 39 años;Mujeres;Valor absoluto;2013T2;414,2
De 35 a 39 años;Mujeres;Valor absoluto;2013T1;423,2
De 35 a 39 años;Mujeres;Valor absoluto;2012T4;418,4
De 35 a 39 años;Mujeres;Valor absoluto;2012T3;370,3
De 35 a 39 años;Mujeres;Valor absoluto;2012T2;364,4
De 35 a 39 años;Mujeres;Valor absoluto;2012T1;377
De 35 a 39 años;Mujeres;Valor absoluto;2011T4;359,1
De 35 a 39 años;Mujeres;Valor absoluto;2011T3;326,3
De 35 a 39 años;Mujeres;Valor absoluto;2011T2;302,1
De 35 a 39 años;Mujeres;Valor absoluto;2011T1;321,2
De 35 a 39 años;Mujeres;Valor absoluto;2010T4;309,4
De 35 a 39 años;Mujeres;Valor absoluto;2010T3;313
De 35 a 39 años;Mujeres;Valor absoluto;2010T2;320,7
De 35 a 39 años;Mujeres;Valor absoluto;2010T1;318,1
De 35 a 39 años;Mujeres;Valor absoluto;2009T4;278,6
De 35 a 39 años;Mujeres;Valor absoluto;2009T3;233,3
De 35 a 39 años;Mujeres;Valor absoluto;2009T2;245,2
De 35 a 39 años;Mujeres;Valor absoluto;2009T1;260
De 35 a 39 años;Mujeres;Valor absoluto;2008T4;201,9
De 35 a 39 años;Mujeres;Valor absoluto;2008T3;162,4
De 35 a 39 años;Mujeres;Valor absoluto;2008T2;148,4
De 35 a 39 años;Mujeres;Valor absoluto;2008T1;148,9
De 35 a 39 años;Mujeres;Valor absoluto;2007T4;121
De 35 a 39 años;Mujeres;Valor absoluto;2007T3;124,2
De 35 a 39 años;Mujeres;Valor absoluto;2007T2;130,7
De 35 a 39 años;Mujeres;Valor absoluto;2007T1;143,3
De 35 a 39 años;Mujeres;Valor absoluto;2006T4;145,3
De 35 a 39 años;Mujeres;Valor absoluto;2006T3;125,9
De 35 a 39 años;Mujeres;Valor absoluto;2006T2;124,2
De 35 a 39 años;Mujeres;Valor absoluto;2006T1;134,1
De 35 a 39 años;Mujeres;Valor absoluto;2005T4;132,7
De 35 a 39 años;Mujeres;Valor absoluto;2005T3;128,3
De 35 a 39 años;Mujeres;Valor absoluto;2005T2;127,3
De 35 a 39 años;Mujeres;Valor absoluto;2005T1;148,4
De 35 a 39 años;Mujeres;Valor absoluto;2004T4;179,1
De 35 a 39 años;Mujeres;Valor absoluto;2004T3;167,3
De 35 a 39 años;Mujeres;Valor absoluto;2004T2;165,9
De 35 a 39 años;Mujeres;Valor absoluto;2004T1;186,5
De 35 a 39 años;Mujeres;Valor absoluto;2003T4;169,8
De 35 a 39 años;Mujeres;Valor absoluto;2003T3;158,2
De 35 a 39 años;Mujeres;Valor absoluto;2003T2;174,2
De 35 a 39 años;Mujeres;Valor absoluto;2003T1;184
De 35 a 39 años;Mujeres;Valor absoluto;2002T4;165,6
De 35 a 39 años;Mujeres;Valor absoluto;2002T3;161,2
De 35 a 39 años;Mujeres;Valor absoluto;2002T2;166,8
De 35 a 39 años;Mujeres;Valor absoluto;2002T1;164
De 35 a 39 años;Mujeres;Porcentaje;2026T1;9,4
De 35 a 39 años;Mujeres;Porcentaje;2025T4;10,1
De 35 a 39 años;Mujeres;Porcentaje;2025T3;9,2
De 35 a 39 años;Mujeres;Porcentaje;2025T2;9,3
De 35 a 39 años;Mujeres;Porcentaje;2025T1;10,2
De 35 a 39 años;Mujeres;Porcentaje;2024T4;9,1
De 35 a 39 años;Mujeres;Porcentaje;2024T3;8,9
De 35 a 39 años;Mujeres;Porcentaje;2024T2;8,9
De 35 a 39 años;Mujeres;Porcentaje;2024T1;10,6
De 35 a 39 años;Mujeres;Porcentaje;2023T4;11,3
De 35 a 39 años;Mujeres;Porcentaje;2023T3;9,6
De 35 a 39 años;Mujeres;Porcentaje;2023T2;11
De 35 a 39 años;Mujeres;Porcentaje;2023T1;11
De 35 a 39 años;Mujeres;Porcentaje;2022T4;12
De 35 a 39 años;Mujeres;Porcentaje;2022T3;10,7
De 35 a 39 años;Mujeres;Porcentaje;2022T2;10,3
De 35 a 39 años;Mujeres;Porcentaje;2022T1;11,2
De 35 a 39 años;Mujeres;Porcentaje;2021T4;10,1
De 35 a 39 años;Mujeres;Porcentaje;2021T3;10,3
De 35 a 39 años;Mujeres;Porcentaje;2021T2;11,2
De 35 a 39 años;Mujeres;Porcentaje;2021T1;12,8
De 35 a 39 años;Mujeres;Porcentaje;2020T4;12
De 35 a 39 años;Mujeres;Porcentaje;2020T3;11,8
De 35 a 39 años;Mujeres;Porcentaje;2020T2;12,8
De 35 a 39 años;Mujeres;Porcentaje;2020T1;12,4
De 35 a 39 años;Mujeres;Porcentaje;2019T4;11,5
De 35 a 39 años;Mujeres;Porcentaje;2019T3;10,7
De 35 a 39 años;Mujeres;Porcentaje;2019T2;11,5
De 35 a 39 años;Mujeres;Porcentaje;2019T1;11,3
De 35 a 39 años;Mujeres;Porcentaje;2018T4;11,7
De 35 a 39 años;Mujeres;Porcentaje;2018T3;12
De 35 a 39 años;Mujeres;Porcentaje;2018T2;11,9
De 35 a 39 años;Mujeres;Porcentaje;2018T1;12,7
De 35 a 39 años;Mujeres;Porcentaje;2017T4;13,1
De 35 a 39 años;Mujeres;Porcentaje;2017T3;12,5
De 35 a 39 años;Mujeres;Porcentaje;2017T2;12,7
De 35 a 39 años;Mujeres;Porcentaje;2017T1;13,3
De 35 a 39 años;Mujeres;Porcentaje;2016T4;13,3
De 35 a 39 años;Mujeres;Porcentaje;2016T3;12,8
De 35 a 39 años;Mujeres;Porcentaje;2016T2;13,5
De 35 a 39 años;Mujeres;Porcentaje;2016T1;14,3
De 35 a 39 años;Mujeres;Porcentaje;2015T4;14,1
De 35 a 39 años;Mujeres;Porcentaje;2015T3;13,2
De 35 a 39 años;Mujeres;Porcentaje;2015T2;13,9
De 35 a 39 años;Mujeres;Porcentaje;2015T1;13,5
De 35 a 39 años;Mujeres;Porcentaje;2014T4;13,9
De 35 a 39 años;Mujeres;Porcentaje;2014T3;14,4
De 35 a 39 años;Mujeres;Porcentaje;2014T2;13,5
De 35 a 39 años;Mujeres;Porcentaje;2014T1;14,4
De 35 a 39 años;Mujeres;Porcentaje;2013T4;14,7
De 35 a 39 años;Mujeres;Porcentaje;2013T3;14
De 35 a 39 años;Mujeres;Porcentaje;2013T2;14,5
De 35 a 39 años;Mujeres;Porcentaje;2013T1;14,5
De 35 a 39 años;Mujeres;Porcentaje;2012T4;14,9
De 35 a 39 años;Mujeres;Porcentaje;2012T3;13,8
De 35 a 39 años;Mujeres;Porcentaje;2012T2;14
De 35 a 39 años;Mujeres;Porcentaje;2012T1;14,4
De 35 a 39 años;Mujeres;Porcentaje;2011T4;14,8
De 35 a 39 años;Mujeres;Porcentaje;2011T3;14,2
De 35 a 39 años;Mujeres;Porcentaje;2011T2;13,6
De 35 a 39 años;Mujeres;Porcentaje;2011T1;14,1
De 35 a 39 años;Mujeres;Porcentaje;2010T4;14,4
De 35 a 39 años;Mujeres;Porcentaje;2010T3;14,9
De 35 a 39 años;Mujeres;Porcentaje;2010T2;15,2
De 35 a 39 años;Mujeres;Porcentaje;2010T1;15,5
De 35 a 39 años;Mujeres;Porcentaje;2009T4;14,4
De 35 a 39 años;Mujeres;Porcentaje;2009T3;12,7
De 35 a 39 años;Mujeres;Porcentaje;2009T2;13,3
De 35 a 39 años;Mujeres;Porcentaje;2009T1;14,4
De 35 a 39 años;Mujeres;Porcentaje;2008T4;13,4
De 35 a 39 años;Mujeres;Porcentaje;2008T3;13,1
De 35 a 39 años;Mujeres;Porcentaje;2008T2;12,4
De 35 a 39 años;Mujeres;Porcentaje;2008T1;12,8
De 35 a 39 años;Mujeres;Porcentaje;2007T4;11,5
De 35 a 39 años;Mujeres;Porcentaje;2007T3;12,5
De 35 a 39 años;Mujeres;Porcentaje;2007T2;13,3
De 35 a 39 años;Mujeres;Porcentaje;2007T1;13,6
De 35 a 39 años;Mujeres;Porcentaje;2006T4;13,9
De 35 a 39 años;Mujeres;Porcentaje;2006T3;12,6
De 35 a 39 años;Mujeres;Porcentaje;2006T2;12
De 35 a 39 años;Mujeres;Porcentaje;2006T1;12,3
De 35 a 39 años;Mujeres;Porcentaje;2005T4;13
De 35 a 39 años;Mujeres;Porcentaje;2005T3;13,3
De 35 a 39 años;Mujeres;Porcentaje;2005T2;12,1
De 35 a 39 años;Mujeres;Porcentaje;2005T1;12,8
De 35 a 39 años;Mujeres;Porcentaje;2004T4;14,6
De 35 a 39 años;Mujeres;Porcentaje;2004T3;13,8
De 35 a 39 años;Mujeres;Porcentaje;2004T2;13,2
De 35 a 39 años;Mujeres;Porcentaje;2004T1;14,5
De 35 a 39 años;Mujeres;Porcentaje;2003T4;13,5
De 35 a 39 años;Mujeres;Porcentaje;2003T3;12,6
De 35 a 39 años;Mujeres;Porcentaje;2003T2;13,9
De 35 a 39 años;Mujeres;Porcentaje;2003T1;14
De 35 a 39 años;Mujeres;Porcentaje;2002T4;13,4
De 35 a 39 años;Mujeres;Porcentaje;2002T3;13
De 35 a 39 años;Mujeres;Porcentaje;2002T2;13,7
De 35 a 39 años;Mujeres;Porcentaje;2002T1;13,5
De 40 a 44 años;Ambos sexos;Valor absoluto;2026T1;285,4
De 40 a 44 años;Ambos sexos;Valor absoluto;2025T4;254,6
De 40 a 44 años;Ambos sexos;Valor absoluto;2025T3;256,4
De 40 a 44 años;Ambos sexos;Valor absoluto;2025T2;271
De 40 a 44 años;Ambos sexos;Valor absoluto;2025T1;310,9
De 40 a 44 años;Ambos sexos;Valor absoluto;2024T4;268,9
De 40 a 44 años;Ambos sexos;Valor absoluto;2024T3;271,5
De 40 a 44 años;Ambos sexos;Valor absoluto;2024T2;288,4
De 40 a 44 años;Ambos sexos;Valor absoluto;2024T1;333,7
De 40 a 44 años;Ambos sexos;Valor absoluto;2023T4;283,6
De 40 a 44 años;Ambos sexos;Valor absoluto;2023T3;291,6
De 40 a 44 años;Ambos sexos;Valor absoluto;2023T2;304,2
De 40 a 44 años;Ambos sexos;Valor absoluto;2023T1;355,6
De 40 a 44 años;Ambos sexos;Valor absoluto;2022T4;337,1
De 40 a 44 años;Ambos sexos;Valor absoluto;2022T3;329,8
De 40 a 44 años;Ambos sexos;Valor absoluto;2022T2;348,9
De 40 a 44 años;Ambos sexos;Valor absoluto;2022T1;370,7
De 40 a 44 años;Ambos sexos;Valor absoluto;2021T4;357,4
De 40 a 44 años;Ambos sexos;Valor absoluto;2021T3;397,2
De 40 a 44 años;Ambos sexos;Valor absoluto;2021T2;389,9
De 40 a 44 años;Ambos sexos;Valor absoluto;2021T1;427,7
De 40 a 44 años;Ambos sexos;Valor absoluto;2020T4;430,9
De 40 a 44 años;Ambos sexos;Valor absoluto;2020T3;428,8
De 40 a 44 años;Ambos sexos;Valor absoluto;2020T2;400,6
De 40 a 44 años;Ambos sexos;Valor absoluto;2020T1;403,9
De 40 a 44 años;Ambos sexos;Valor absoluto;2019T4;382,8
De 40 a 44 años;Ambos sexos;Valor absoluto;2019T3;409,8
De 40 a 44 años;Ambos sexos;Valor absoluto;2019T2;400,5
De 40 a 44 años;Ambos sexos;Valor absoluto;2019T1;428,2
De 40 a 44 años;Ambos sexos;Valor absoluto;2018T4;400,9
De 40 a 44 años;Ambos sexos;Valor absoluto;2018T3;411,8
De 40 a 44 años;Ambos sexos;Valor absoluto;2018T2;419,7
De 40 a 44 años;Ambos sexos;Valor absoluto;2018T1;474,9
De 40 a 44 años;Ambos sexos;Valor absoluto;2017T4;463,5
De 40 a 44 años;Ambos sexos;Valor absoluto;2017T3;455,4
De 40 a 44 años;Ambos sexos;Valor absoluto;2017T2;488,5
De 40 a 44 años;Ambos sexos;Valor absoluto;2017T1;566,3
De 40 a 44 años;Ambos sexos;Valor absoluto;2016T4;531,9
De 40 a 44 años;Ambos sexos;Valor absoluto;2016T3;550,5
De 40 a 44 años;Ambos sexos;Valor absoluto;2016T2;601,4
De 40 a 44 años;Ambos sexos;Valor absoluto;2016T1;607,3
De 40 a 44 años;Ambos sexos;Valor absoluto;2015T4;599,6
De 40 a 44 años;Ambos sexos;Valor absoluto;2015T3;585,8
De 40 a 44 años;Ambos sexos;Valor absoluto;2015T2;639,4
De 40 a 44 años;Ambos sexos;Valor absoluto;2015T1;699,2
De 40 a 44 años;Ambos sexos;Valor absoluto;2014T4;720
De 40 a 44 años;Ambos sexos;Valor absoluto;2014T3;676
De 40 a 44 años;Ambos sexos;Valor absoluto;2014T2;729,5
De 40 a 44 años;Ambos sexos;Valor absoluto;2014T1;753,3
De 40 a 44 años;Ambos sexos;Valor absoluto;2013T4;752,5
De 40 a 44 años;Ambos sexos;Valor absoluto;2013T3;747,2
De 40 a 44 años;Ambos sexos;Valor absoluto;2013T2;753,7
De 40 a 44 años;Ambos sexos;Valor absoluto;2013T1;796,4
De 40 a 44 años;Ambos sexos;Valor absoluto;2012T4;768,7
De 40 a 44 años;Ambos sexos;Valor absoluto;2012T3;725,4
De 40 a 44 años;Ambos sexos;Valor absoluto;2012T2;727
De 40 a 44 años;Ambos sexos;Valor absoluto;2012T1;722,6
De 40 a 44 años;Ambos sexos;Valor absoluto;2011T4;685
De 40 a 44 años;Ambos sexos;Valor absoluto;2011T3;619,1
De 40 a 44 años;Ambos sexos;Valor absoluto;2011T2;604,6
De 40 a 44 años;Ambos sexos;Valor absoluto;2011T1;595,9
De 40 a 44 años;Ambos sexos;Valor absoluto;2010T4;569,2
De 40 a 44 años;Ambos sexos;Valor absoluto;2010T3;550,8
De 40 a 44 años;Ambos sexos;Valor absoluto;2010T2;565,2
De 40 a 44 años;Ambos sexos;Valor absoluto;2010T1;537,1
De 40 a 44 años;Ambos sexos;Valor absoluto;2009T4;518,3
De 40 a 44 años;Ambos sexos;Valor absoluto;2009T3;473
De 40 a 44 años;Ambos sexos;Valor absoluto;2009T2;489,6
De 40 a 44 años;Ambos sexos;Valor absoluto;2009T1;463
De 40 a 44 años;Ambos sexos;Valor absoluto;2008T4;388,8
De 40 a 44 años;Ambos sexos;Valor absoluto;2008T3;291,1
De 40 a 44 años;Ambos sexos;Valor absoluto;2008T2;273,4
De 40 a 44 años;Ambos sexos;Valor absoluto;2008T1;254,9
De 40 a 44 años;Ambos sexos;Valor absoluto;2007T4;222,3
De 40 a 44 años;Ambos sexos;Valor absoluto;2007T3;186,3
De 40 a 44 años;Ambos sexos;Valor absoluto;2007T2;195,2
De 40 a 44 años;Ambos sexos;Valor absoluto;2007T1;202,4
De 40 a 44 años;Ambos sexos;Valor absoluto;2006T4;194,3
De 40 a 44 años;Ambos sexos;Valor absoluto;2006T3;186,2
De 40 a 44 años;Ambos sexos;Valor absoluto;2006T2;195
De 40 a 44 años;Ambos sexos;Valor absoluto;2006T1;211,7
De 40 a 44 años;Ambos sexos;Valor absoluto;2005T4;188,6
De 40 a 44 años;Ambos sexos;Valor absoluto;2005T3;175,9
De 40 a 44 años;Ambos sexos;Valor absoluto;2005T2;196,9
De 40 a 44 años;Ambos sexos;Valor absoluto;2005T1;225,7
De 40 a 44 años;Ambos sexos;Valor absoluto;2004T4;224
De 40 a 44 años;Ambos sexos;Valor absoluto;2004T3;222,1
De 40 a 44 años;Ambos sexos;Valor absoluto;2004T2;247
De 40 a 44 años;Ambos sexos;Valor absoluto;2004T1;224,5
De 40 a 44 años;Ambos sexos;Valor absoluto;2003T4;225,4
De 40 a 44 años;Ambos sexos;Valor absoluto;2003T3;220,3
De 40 a 44 años;Ambos sexos;Valor absoluto;2003T2;219,6
De 40 a 44 años;Ambos sexos;Valor absoluto;2003T1;216,1
De 40 a 44 años;Ambos sexos;Valor absoluto;2002T4;222,9
De 40 a 44 años;Ambos sexos;Valor absoluto;2002T3;211,1
De 40 a 44 años;Ambos sexos;Valor absoluto;2002T2;198,6
De 40 a 44 años;Ambos sexos;Valor absoluto;2002T1;212
De 40 a 44 años;Ambos sexos;Porcentaje;2026T1;10,5
De 40 a 44 años;Ambos sexos;Porcentaje;2025T4;10,3
De 40 a 44 años;Ambos sexos;Porcentaje;2025T3;9,8
De 40 a 44 años;Ambos sexos;Porcentaje;2025T2;10,6
De 40 a 44 años;Ambos sexos;Porcentaje;2025T1;11,1
De 40 a 44 años;Ambos sexos;Porcentaje;2024T4;10,4
De 40 a 44 años;Ambos sexos;Porcentaje;2024T3;9,9
De 40 a 44 años;Ambos sexos;Porcentaje;2024T2;10,5
De 40 a 44 años;Ambos sexos;Porcentaje;2024T1;11,2
De 40 a 44 años;Ambos sexos;Porcentaje;2023T4;9,9
De 40 a 44 años;Ambos sexos;Porcentaje;2023T3;10,1
De 40 a 44 años;Ambos sexos;Porcentaje;2023T2;10,8
De 40 a 44 años;Ambos sexos;Porcentaje;2023T1;11,2
De 40 a 44 años;Ambos sexos;Porcentaje;2022T4;10,9
De 40 a 44 años;Ambos sexos;Porcentaje;2022T3;10,9
De 40 a 44 años;Ambos sexos;Porcentaje;2022T2;11,6
De 40 a 44 años;Ambos sexos;Porcentaje;2022T1;11,5
De 40 a 44 años;Ambos sexos;Porcentaje;2021T4;11,4
De 40 a 44 años;Ambos sexos;Porcentaje;2021T3;11,5
De 40 a 44 años;Ambos sexos;Porcentaje;2021T2;10,9
De 40 a 44 años;Ambos sexos;Porcentaje;2021T1;11,5
De 40 a 44 años;Ambos sexos;Porcentaje;2020T4;11,6
De 40 a 44 años;Ambos sexos;Porcentaje;2020T3;11,5
De 40 a 44 años;Ambos sexos;Porcentaje;2020T2;11,9
De 40 a 44 años;Ambos sexos;Porcentaje;2020T1;12,2
De 40 a 44 años;Ambos sexos;Porcentaje;2019T4;12
De 40 a 44 años;Ambos sexos;Porcentaje;2019T3;12,7
De 40 a 44 años;Ambos sexos;Porcentaje;2019T2;12,4
De 40 a 44 años;Ambos sexos;Porcentaje;2019T1;12,8
De 40 a 44 años;Ambos sexos;Porcentaje;2018T4;12,1
De 40 a 44 años;Ambos sexos;Porcentaje;2018T3;12,4
De 40 a 44 años;Ambos sexos;Porcentaje;2018T2;12
De 40 a 44 años;Ambos sexos;Porcentaje;2018T1;12,5
De 40 a 44 años;Ambos sexos;Porcentaje;2017T4;12,3
De 40 a 44 años;Ambos sexos;Porcentaje;2017T3;12,2
De 40 a 44 años;Ambos sexos;Porcentaje;2017T2;12,5
De 40 a 44 años;Ambos sexos;Porcentaje;2017T1;13,3
De 40 a 44 años;Ambos sexos;Porcentaje;2016T4;12,6
De 40 a 44 años;Ambos sexos;Porcentaje;2016T3;12,7
De 40 a 44 años;Ambos sexos;Porcentaje;2016T2;13,1
De 40 a 44 años;Ambos sexos;Porcentaje;2016T1;12,7
De 40 a 44 años;Ambos sexos;Porcentaje;2015T4;12,5
De 40 a 44 años;Ambos sexos;Porcentaje;2015T3;12,1
De 40 a 44 años;Ambos sexos;Porcentaje;2015T2;12,4
De 40 a 44 años;Ambos sexos;Porcentaje;2015T1;12,8
De 40 a 44 años;Ambos sexos;Porcentaje;2014T4;13,2
De 40 a 44 años;Ambos sexos;Porcentaje;2014T3;12,5
De 40 a 44 años;Ambos sexos;Porcentaje;2014T2;13
De 40 a 44 años;Ambos sexos;Porcentaje;2014T1;12,7
De 40 a 44 años;Ambos sexos;Porcentaje;2013T4;12,7
De 40 a 44 años;Ambos sexos;Porcentaje;2013T3;12,6
De 40 a 44 años;Ambos sexos;Porcentaje;2013T2;12,5
De 40 a 44 años;Ambos sexos;Porcentaje;2013T1;12,7
De 40 a 44 años;Ambos sexos;Porcentaje;2012T4;12,8
De 40 a 44 años;Ambos sexos;Porcentaje;2012T3;12,5
De 40 a 44 años;Ambos sexos;Porcentaje;2012T2;12,7
De 40 a 44 años;Ambos sexos;Porcentaje;2012T1;12,7
De 40 a 44 años;Ambos sexos;Porcentaje;2011T4;13
De 40 a 44 años;Ambos sexos;Porcentaje;2011T3;12,4
De 40 a 44 años;Ambos sexos;Porcentaje;2011T2;12,5
De 40 a 44 años;Ambos sexos;Porcentaje;2011T1;12,1
De 40 a 44 años;Ambos sexos;Porcentaje;2010T4;12,1
De 40 a 44 años;Ambos sexos;Porcentaje;2010T3;12
De 40 a 44 años;Ambos sexos;Porcentaje;2010T2;12,1
De 40 a 44 años;Ambos sexos;Porcentaje;2010T1;11,6
De 40 a 44 años;Ambos sexos;Porcentaje;2009T4;12
De 40 a 44 años;Ambos sexos;Porcentaje;2009T3;11,5
De 40 a 44 años;Ambos sexos;Porcentaje;2009T2;11,8
De 40 a 44 años;Ambos sexos;Porcentaje;2009T1;11,5
De 40 a 44 años;Ambos sexos;Porcentaje;2008T4;12,1
De 40 a 44 años;Ambos sexos;Porcentaje;2008T3;11,2
De 40 a 44 años;Ambos sexos;Porcentaje;2008T2;11,5
De 40 a 44 años;Ambos sexos;Porcentaje;2008T1;11,6
De 40 a 44 años;Ambos sexos;Porcentaje;2007T4;11,4
De 40 a 44 años;Ambos sexos;Porcentaje;2007T3;10,3
De 40 a 44 años;Ambos sexos;Porcentaje;2007T2;11
De 40 a 44 años;Ambos sexos;Porcentaje;2007T1;10,9
De 40 a 44 años;Ambos sexos;Porcentaje;2006T4;10,7
De 40 a 44 años;Ambos sexos;Porcentaje;2006T3;10,5
De 40 a 44 años;Ambos sexos;Porcentaje;2006T2;10,6
De 40 a 44 años;Ambos sexos;Porcentaje;2006T1;10,9
De 40 a 44 años;Ambos sexos;Porcentaje;2005T4;10,1
De 40 a 44 años;Ambos sexos;Porcentaje;2005T3;9,9
De 40 a 44 años;Ambos sexos;Porcentaje;2005T2;10
De 40 a 44 años;Ambos sexos;Porcentaje;2005T1;10,6
De 40 a 44 años;Ambos sexos;Porcentaje;2004T4;10,3
De 40 a 44 años;Ambos sexos;Porcentaje;2004T3;10,1
De 40 a 44 años;Ambos sexos;Porcentaje;2004T2;11
De 40 a 44 años;Ambos sexos;Porcentaje;2004T1;9,7
De 40 a 44 años;Ambos sexos;Porcentaje;2003T4;9,9
De 40 a 44 años;Ambos sexos;Porcentaje;2003T3;9,8
De 40 a 44 años;Ambos sexos;Porcentaje;2003T2;9,9
De 40 a 44 años;Ambos sexos;Porcentaje;2003T1;9,3
De 40 a 44 años;Ambos sexos;Porcentaje;2002T4;10
De 40 a 44 años;Ambos sexos;Porcentaje;2002T3;9,6
De 40 a 44 años;Ambos sexos;Porcentaje;2002T2;9,4
De 40 a 44 años;Ambos sexos;Porcentaje;2002T1;9,8
De 40 a 44 años;Hombres;Valor absoluto;2026T1;119,4
De 40 a 44 años;Hombres;Valor absoluto;2025T4;108,4
De 40 a 44 años;Hombres;Valor absoluto;2025T3;107,2
De 40 a 44 años;Hombres;Valor absoluto;2025T2;120,9
De 40 a 44 años;Hombres;Valor absoluto;2025T1;125,8
De 40 a 44 años;Hombres;Valor absoluto;2024T4;113
De 40 a 44 años;Hombres;Valor absoluto;2024T3;117,1
De 40 a 44 años;Hombres;Valor absoluto;2024T2;121,4
De 40 a 44 años;Hombres;Valor absoluto;2024T1;141,2
De 40 a 44 años;Hombres;Valor absoluto;2023T4;118
De 40 a 44 años;Hombres;Valor absoluto;2023T3;130,1
De 40 a 44 años;Hombres;Valor absoluto;2023T2;128,4
De 40 a 44 años;Hombres;Valor absoluto;2023T1;150,8
De 40 a 44 años;Hombres;Valor absoluto;2022T4;143,1
De 40 a 44 años;Hombres;Valor absoluto;2022T3;133,4
De 40 a 44 años;Hombres;Valor absoluto;2022T2;148,6
De 40 a 44 años;Hombres;Valor absoluto;2022T1;153,2
De 40 a 44 años;Hombres;Valor absoluto;2021T4;152,5
De 40 a 44 años;Hombres;Valor absoluto;2021T3;184
De 40 a 44 años;Hombres;Valor absoluto;2021T2;169,5
De 40 a 44 años;Hombres;Valor absoluto;2021T1;178,5
De 40 a 44 años;Hombres;Valor absoluto;2020T4;172
De 40 a 44 años;Hombres;Valor absoluto;2020T3;182,7
De 40 a 44 años;Hombres;Valor absoluto;2020T2;184,8
De 40 a 44 años;Hombres;Valor absoluto;2020T1;175
De 40 a 44 años;Hombres;Valor absoluto;2019T4;160,4
De 40 a 44 años;Hombres;Valor absoluto;2019T3;171,8
De 40 a 44 años;Hombres;Valor absoluto;2019T2;174,3
De 40 a 44 años;Hombres;Valor absoluto;2019T1;183
De 40 a 44 años;Hombres;Valor absoluto;2018T4;162,2
De 40 a 44 años;Hombres;Valor absoluto;2018T3;185,7
De 40 a 44 años;Hombres;Valor absoluto;2018T2;176,5
De 40 a 44 años;Hombres;Valor absoluto;2018T1;202,5
De 40 a 44 años;Hombres;Valor absoluto;2017T4;197,9
De 40 a 44 años;Hombres;Valor absoluto;2017T3;188,3
De 40 a 44 años;Hombres;Valor absoluto;2017T2;205,6
De 40 a 44 años;Hombres;Valor absoluto;2017T1;248,5
De 40 a 44 años;Hombres;Valor absoluto;2016T4;250,5
De 40 a 44 años;Hombres;Valor absoluto;2016T3;255,1
De 40 a 44 años;Hombres;Valor absoluto;2016T2;282
De 40 a 44 años;Hombres;Valor absoluto;2016T1;282
De 40 a 44 años;Hombres;Valor absoluto;2015T4;280,8
De 40 a 44 años;Hombres;Valor absoluto;2015T3;278,4
De 40 a 44 años;Hombres;Valor absoluto;2015T2;287,1
De 40 a 44 años;Hombres;Valor absoluto;2015T1;326,4
De 40 a 44 años;Hombres;Valor absoluto;2014T4;343,1
De 40 a 44 años;Hombres;Valor absoluto;2014T3;330,5
De 40 a 44 años;Hombres;Valor absoluto;2014T2;358,2
De 40 a 44 años;Hombres;Valor absoluto;2014T1;381,2
De 40 a 44 años;Hombres;Valor absoluto;2013T4;374,8
De 40 a 44 años;Hombres;Valor absoluto;2013T3;389,4
De 40 a 44 años;Hombres;Valor absoluto;2013T2;388,1
De 40 a 44 años;Hombres;Valor absoluto;2013T1;414,6
De 40 a 44 años;Hombres;Valor absoluto;2012T4;407,4
De 40 a 44 años;Hombres;Valor absoluto;2012T3;377,8
De 40 a 44 años;Hombres;Valor absoluto;2012T2;377,6
De 40 a 44 años;Hombres;Valor absoluto;2012T1;353,9
De 40 a 44 años;Hombres;Valor absoluto;2011T4;356,5
De 40 a 44 años;Hombres;Valor absoluto;2011T3;322,7
De 40 a 44 años;Hombres;Valor absoluto;2011T2;318,2
De 40 a 44 años;Hombres;Valor absoluto;2011T1;312,2
De 40 a 44 años;Hombres;Valor absoluto;2010T4;299,8
De 40 a 44 años;Hombres;Valor absoluto;2010T3;300,3
De 40 a 44 años;Hombres;Valor absoluto;2010T2;308,2
De 40 a 44 años;Hombres;Valor absoluto;2010T1;299,5
De 40 a 44 años;Hombres;Valor absoluto;2009T4;279,9
De 40 a 44 años;Hombres;Valor absoluto;2009T3;252,9
De 40 a 44 años;Hombres;Valor absoluto;2009T2;259,7
De 40 a 44 años;Hombres;Valor absoluto;2009T1;249,7
De 40 a 44 años;Hombres;Valor absoluto;2008T4;187,6
De 40 a 44 años;Hombres;Valor absoluto;2008T3;141,6
De 40 a 44 años;Hombres;Valor absoluto;2008T2;123,4
De 40 a 44 años;Hombres;Valor absoluto;2008T1;97,6
De 40 a 44 años;Hombres;Valor absoluto;2007T4;85,3
De 40 a 44 años;Hombres;Valor absoluto;2007T3;75
De 40 a 44 años;Hombres;Valor absoluto;2007T2;80,6
De 40 a 44 años;Hombres;Valor absoluto;2007T1;82,3
De 40 a 44 años;Hombres;Valor absoluto;2006T4;77,5
De 40 a 44 años;Hombres;Valor absoluto;2006T3;75,7
De 40 a 44 años;Hombres;Valor absoluto;2006T2;76,3
De 40 a 44 años;Hombres;Valor absoluto;2006T1;82,5
De 40 a 44 años;Hombres;Valor absoluto;2005T4;65,1
De 40 a 44 años;Hombres;Valor absoluto;2005T3;78,2
De 40 a 44 años;Hombres;Valor absoluto;2005T2;82,1
De 40 a 44 años;Hombres;Valor absoluto;2005T1;83,6
De 40 a 44 años;Hombres;Valor absoluto;2004T4;78,6
De 40 a 44 años;Hombres;Valor absoluto;2004T3;78,8
De 40 a 44 años;Hombres;Valor absoluto;2004T2;89,8
De 40 a 44 años;Hombres;Valor absoluto;2004T1;84
De 40 a 44 años;Hombres;Valor absoluto;2003T4;93
De 40 a 44 años;Hombres;Valor absoluto;2003T3;84
De 40 a 44 años;Hombres;Valor absoluto;2003T2;85
De 40 a 44 años;Hombres;Valor absoluto;2003T1;90,6
De 40 a 44 años;Hombres;Valor absoluto;2002T4;97,5
De 40 a 44 años;Hombres;Valor absoluto;2002T3;87,8
De 40 a 44 años;Hombres;Valor absoluto;2002T2;79,5
De 40 a 44 años;Hombres;Valor absoluto;2002T1;86,5
De 40 a 44 años;Hombres;Porcentaje;2026T1;9,6
De 40 a 44 años;Hombres;Porcentaje;2025T4;9,4
De 40 a 44 años;Hombres;Porcentaje;2025T3;9,1
De 40 a 44 años;Hombres;Porcentaje;2025T2;10,1
De 40 a 44 años;Hombres;Porcentaje;2025T1;9,6
De 40 a 44 años;Hombres;Porcentaje;2024T4;9,2
De 40 a 44 años;Hombres;Porcentaje;2024T3;9
De 40 a 44 años;Hombres;Porcentaje;2024T2;9,3
De 40 a 44 años;Hombres;Porcentaje;2024T1;10
De 40 a 44 años;Hombres;Porcentaje;2023T4;8,9
De 40 a 44 años;Hombres;Porcentaje;2023T3;9,8
De 40 a 44 años;Hombres;Porcentaje;2023T2;9,8
De 40 a 44 años;Hombres;Porcentaje;2023T1;10,3
De 40 a 44 años;Hombres;Porcentaje;2022T4;9,9
De 40 a 44 años;Hombres;Porcentaje;2022T3;9,8
De 40 a 44 años;Hombres;Porcentaje;2022T2;10,6
De 40 a 44 años;Hombres;Porcentaje;2022T1;10,1
De 40 a 44 años;Hombres;Porcentaje;2021T4;10,3
De 40 a 44 años;Hombres;Porcentaje;2021T3;11,2
De 40 a 44 años;Hombres;Porcentaje;2021T2;10,1
De 40 a 44 años;Hombres;Porcentaje;2021T1;10,3
De 40 a 44 años;Hombres;Porcentaje;2020T4;10
De 40 a 44 años;Hombres;Porcentaje;2020T3;10,4
De 40 a 44 años;Hombres;Porcentaje;2020T2;11,1
De 40 a 44 años;Hombres;Porcentaje;2020T1;11,2
De 40 a 44 años;Hombres;Porcentaje;2019T4;10,7
De 40 a 44 años;Hombres;Porcentaje;2019T3;11,4
De 40 a 44 años;Hombres;Porcentaje;2019T2;11,4
De 40 a 44 años;Hombres;Porcentaje;2019T1;11,7
De 40 a 44 años;Hombres;Porcentaje;2018T4;10,3
De 40 a 44 años;Hombres;Porcentaje;2018T3;11,5
De 40 a 44 años;Hombres;Porcentaje;2018T2;10,5
De 40 a 44 años;Hombres;Porcentaje;2018T1;11
De 40 a 44 años;Hombres;Porcentaje;2017T4;10,9
De 40 a 44 años;Hombres;Porcentaje;2017T3;10,4
De 40 a 44 años;Hombres;Porcentaje;2017T2;10,8
De 40 a 44 años;Hombres;Porcentaje;2017T1;11,9
De 40 a 44 años;Hombres;Porcentaje;2016T4;12
De 40 a 44 años;Hombres;Porcentaje;2016T3;12
De 40 a 44 años;Hombres;Porcentaje;2016T2;12,5
De 40 a 44 años;Hombres;Porcentaje;2016T1;11,9
De 40 a 44 años;Hombres;Porcentaje;2015T4;11,8
De 40 a 44 años;Hombres;Porcentaje;2015T3;11,3
De 40 a 44 años;Hombres;Porcentaje;2015T2;11,1
De 40 a 44 años;Hombres;Porcentaje;2015T1;11,6
De 40 a 44 años;Hombres;Porcentaje;2014T4;12,2
De 40 a 44 años;Hombres;Porcentaje;2014T3;11,8
De 40 a 44 años;Hombres;Porcentaje;2014T2;12,2
De 40 a 44 años;Hombres;Porcentaje;2014T1;12,2
De 40 a 44 años;Hombres;Porcentaje;2013T4;12,1
De 40 a 44 años;Hombres;Porcentaje;2013T3;12,3
De 40 a 44 años;Hombres;Porcentaje;2013T2;12,1
De 40 a 44 años;Hombres;Porcentaje;2013T1;12,3
De 40 a 44 años;Hombres;Porcentaje;2012T4;12,7
De 40 a 44 años;Hombres;Porcentaje;2012T3;12
De 40 a 44 años;Hombres;Porcentaje;2012T2;12,1
De 40 a 44 años;Hombres;Porcentaje;2012T1;11,6
De 40 a 44 años;Hombres;Porcentaje;2011T4;12,5
De 40 a 44 años;Hombres;Porcentaje;2011T3;12
De 40 a 44 años;Hombres;Porcentaje;2011T2;12,1
De 40 a 44 años;Hombres;Porcentaje;2011T1;11,8
De 40 a 44 años;Hombres;Porcentaje;2010T4;11,7
De 40 a 44 años;Hombres;Porcentaje;2010T3;12,1
De 40 a 44 años;Hombres;Porcentaje;2010T2;12,1
De 40 a 44 años;Hombres;Porcentaje;2010T1;11,7
De 40 a 44 años;Hombres;Porcentaje;2009T4;11,6
De 40 a 44 años;Hombres;Porcentaje;2009T3;11
De 40 a 44 años;Hombres;Porcentaje;2009T2;11,3
De 40 a 44 años;Hombres;Porcentaje;2009T1;11,3
De 40 a 44 años;Hombres;Porcentaje;2008T4;11
De 40 a 44 años;Hombres;Porcentaje;2008T3;10,4
De 40 a 44 años;Hombres;Porcentaje;2008T2;10,4
De 40 a 44 años;Hombres;Porcentaje;2008T1;9,5
De 40 a 44 años;Hombres;Porcentaje;2007T4;9,5
De 40 a 44 años;Hombres;Porcentaje;2007T3;9,2
De 40 a 44 años;Hombres;Porcentaje;2007T2;10,2
De 40 a 44 años;Hombres;Porcentaje;2007T1;10,2
De 40 a 44 años;Hombres;Porcentaje;2006T4;10
De 40 a 44 años;Hombres;Porcentaje;2006T3;9,9
De 40 a 44 años;Hombres;Porcentaje;2006T2;9,5
De 40 a 44 años;Hombres;Porcentaje;2006T1;9,6
De 40 a 44 años;Hombres;Porcentaje;2005T4;7,8
De 40 a 44 años;Hombres;Porcentaje;2005T3;9,6
De 40 a 44 años;Hombres;Porcentaje;2005T2;9
De 40 a 44 años;Hombres;Porcentaje;2005T1;8,7
De 40 a 44 años;Hombres;Porcentaje;2004T4;8,3
De 40 a 44 años;Hombres;Porcentaje;2004T3;8
De 40 a 44 años;Hombres;Porcentaje;2004T2;9,1
De 40 a 44 años;Hombres;Porcentaje;2004T1;8,2
De 40 a 44 años;Hombres;Porcentaje;2003T4;9,2
De 40 a 44 años;Hombres;Porcentaje;2003T3;8,5
De 40 a 44 años;Hombres;Porcentaje;2003T2;8,8
De 40 a 44 años;Hombres;Porcentaje;2003T1;9
De 40 a 44 años;Hombres;Porcentaje;2002T4;9,8
De 40 a 44 años;Hombres;Porcentaje;2002T3;9,2
De 40 a 44 años;Hombres;Porcentaje;2002T2;9
De 40 a 44 años;Hombres;Porcentaje;2002T1;9,2
De 40 a 44 años;Mujeres;Valor absoluto;2026T1;166
De 40 a 44 años;Mujeres;Valor absoluto;2025T4;146,1
De 40 a 44 años;Mujeres;Valor absoluto;2025T3;149,2
De 40 a 44 años;Mujeres;Valor absoluto;2025T2;150,1
De 40 a 44 años;Mujeres;Valor absoluto;2025T1;185,2
De 40 a 44 años;Mujeres;Valor absoluto;2024T4;155,9
De 40 a 44 años;Mujeres;Valor absoluto;2024T3;154,5
De 40 a 44 años;Mujeres;Valor absoluto;2024T2;167
De 40 a 44 años;Mujeres;Valor absoluto;2024T1;192,4
De 40 a 44 años;Mujeres;Valor absoluto;2023T4;165,5
De 40 a 44 años;Mujeres;Valor absoluto;2023T3;161,5
De 40 a 44 años;Mujeres;Valor absoluto;2023T2;175,8
De 40 a 44 años;Mujeres;Valor absoluto;2023T1;204,7
De 40 a 44 años;Mujeres;Valor absoluto;2022T4;194
De 40 a 44 años;Mujeres;Valor absoluto;2022T3;196,4
De 40 a 44 años;Mujeres;Valor absoluto;2022T2;200,3
De 40 a 44 años;Mujeres;Valor absoluto;2022T1;217,5
De 40 a 44 años;Mujeres;Valor absoluto;2021T4;204,9
De 40 a 44 años;Mujeres;Valor absoluto;2021T3;213,2
De 40 a 44 años;Mujeres;Valor absoluto;2021T2;220,4
De 40 a 44 años;Mujeres;Valor absoluto;2021T1;249,2
De 40 a 44 años;Mujeres;Valor absoluto;2020T4;258,9
De 40 a 44 años;Mujeres;Valor absoluto;2020T3;246,1
De 40 a 44 años;Mujeres;Valor absoluto;2020T2;215,7
De 40 a 44 años;Mujeres;Valor absoluto;2020T1;228,9
De 40 a 44 años;Mujeres;Valor absoluto;2019T4;222,4
De 40 a 44 años;Mujeres;Valor absoluto;2019T3;238
De 40 a 44 años;Mujeres;Valor absoluto;2019T2;226,2
De 40 a 44 años;Mujeres;Valor absoluto;2019T1;245,2
De 40 a 44 años;Mujeres;Valor absoluto;2018T4;238,8
De 40 a 44 años;Mujeres;Valor absoluto;2018T3;226,1
De 40 a 44 años;Mujeres;Valor absoluto;2018T2;243,2
De 40 a 44 años;Mujeres;Valor absoluto;2018T1;272,4
De 40 a 44 años;Mujeres;Valor absoluto;2017T4;265,6
De 40 a 44 años;Mujeres;Valor absoluto;2017T3;267,1
De 40 a 44 años;Mujeres;Valor absoluto;2017T2;282,8
De 40 a 44 años;Mujeres;Valor absoluto;2017T1;317,8
De 40 a 44 años;Mujeres;Valor absoluto;2016T4;281,5
De 40 a 44 años;Mujeres;Valor absoluto;2016T3;295,4
De 40 a 44 años;Mujeres;Valor absoluto;2016T2;319,4
De 40 a 44 años;Mujeres;Valor absoluto;2016T1;325,3
De 40 a 44 años;Mujeres;Valor absoluto;2015T4;318,7
De 40 a 44 años;Mujeres;Valor absoluto;2015T3;307,5
De 40 a 44 años;Mujeres;Valor absoluto;2015T2;352,3
De 40 a 44 años;Mujeres;Valor absoluto;2015T1;372,8
De 40 a 44 años;Mujeres;Valor absoluto;2014T4;376,9
De 40 a 44 años;Mujeres;Valor absoluto;2014T3;345,4
De 40 a 44 años;Mujeres;Valor absoluto;2014T2;371,3
De 40 a 44 años;Mujeres;Valor absoluto;2014T1;372,1
De 40 a 44 años;Mujeres;Valor absoluto;2013T4;377,7
De 40 a 44 años;Mujeres;Valor absoluto;2013T3;357,8
De 40 a 44 años;Mujeres;Valor absoluto;2013T2;365,6
De 40 a 44 años;Mujeres;Valor absoluto;2013T1;381,8
De 40 a 44 años;Mujeres;Valor absoluto;2012T4;361,3
De 40 a 44 años;Mujeres;Valor absoluto;2012T3;347,6
De 40 a 44 años;Mujeres;Valor absoluto;2012T2;349,5
De 40 a 44 años;Mujeres;Valor absoluto;2012T1;368,7
De 40 a 44 años;Mujeres;Valor absoluto;2011T4;328,5
De 40 a 44 años;Mujeres;Valor absoluto;2011T3;296,4
De 40 a 44 años;Mujeres;Valor absoluto;2011T2;286,4
De 40 a 44 años;Mujeres;Valor absoluto;2011T1;283,7
De 40 a 44 años;Mujeres;Valor absoluto;2010T4;269,4
De 40 a 44 años;Mujeres;Valor absoluto;2010T3;250,4
De 40 a 44 años;Mujeres;Valor absoluto;2010T2;257
De 40 a 44 años;Mujeres;Valor absoluto;2010T1;237,6
De 40 a 44 años;Mujeres;Valor absoluto;2009T4;238,5
De 40 a 44 años;Mujeres;Valor absoluto;2009T3;220,1
De 40 a 44 años;Mujeres;Valor absoluto;2009T2;229,9
De 40 a 44 años;Mujeres;Valor absoluto;2009T1;213,2
De 40 a 44 años;Mujeres;Valor absoluto;2008T4;201,2
De 40 a 44 años;Mujeres;Valor absoluto;2008T3;149,5
De 40 a 44 años;Mujeres;Valor absoluto;2008T2;150
De 40 a 44 años;Mujeres;Valor absoluto;2008T1;157,3
De 40 a 44 años;Mujeres;Valor absoluto;2007T4;137
De 40 a 44 años;Mujeres;Valor absoluto;2007T3;111,3
De 40 a 44 años;Mujeres;Valor absoluto;2007T2;114,7
De 40 a 44 años;Mujeres;Valor absoluto;2007T1;120
De 40 a 44 años;Mujeres;Valor absoluto;2006T4;116,9
De 40 a 44 años;Mujeres;Valor absoluto;2006T3;110,5
De 40 a 44 años;Mujeres;Valor absoluto;2006T2;118,7
De 40 a 44 años;Mujeres;Valor absoluto;2006T1;129,2
De 40 a 44 años;Mujeres;Valor absoluto;2005T4;123,5
De 40 a 44 años;Mujeres;Valor absoluto;2005T3;97,6
De 40 a 44 años;Mujeres;Valor absoluto;2005T2;114,8
De 40 a 44 años;Mujeres;Valor absoluto;2005T1;142,2
De 40 a 44 años;Mujeres;Valor absoluto;2004T4;145,4
De 40 a 44 años;Mujeres;Valor absoluto;2004T3;143,3
De 40 a 44 años;Mujeres;Valor absoluto;2004T2;157,2
De 40 a 44 años;Mujeres;Valor absoluto;2004T1;140,4
De 40 a 44 años;Mujeres;Valor absoluto;2003T4;132,4
De 40 a 44 años;Mujeres;Valor absoluto;2003T3;136,2
De 40 a 44 años;Mujeres;Valor absoluto;2003T2;134,6
De 40 a 44 años;Mujeres;Valor absoluto;2003T1;125,5
De 40 a 44 años;Mujeres;Valor absoluto;2002T4;125,4
De 40 a 44 años;Mujeres;Valor absoluto;2002T3;123,4
De 40 a 44 años;Mujeres;Valor absoluto;2002T2;119,1
De 40 a 44 años;Mujeres;Valor absoluto;2002T1;125,5
De 40 a 44 años;Mujeres;Porcentaje;2026T1;11,4
De 40 a 44 años;Mujeres;Porcentaje;2025T4;11
De 40 a 44 años;Mujeres;Porcentaje;2025T3;10,4
De 40 a 44 años;Mujeres;Porcentaje;2025T2;11,1
De 40 a 44 años;Mujeres;Porcentaje;2025T1;12,5
De 40 a 44 años;Mujeres;Porcentaje;2024T4;11,4
De 40 a 44 años;Mujeres;Porcentaje;2024T3;10,6
De 40 a 44 años;Mujeres;Porcentaje;2024T2;11,5
De 40 a 44 años;Mujeres;Porcentaje;2024T1;12,3
De 40 a 44 años;Mujeres;Porcentaje;2023T4;10,8
De 40 a 44 años;Mujeres;Porcentaje;2023T3;10,3
De 40 a 44 años;Mujeres;Porcentaje;2023T2;11,7
De 40 a 44 años;Mujeres;Porcentaje;2023T1;11,9
De 40 a 44 años;Mujeres;Porcentaje;2022T4;11,8
De 40 a 44 años;Mujeres;Porcentaje;2022T3;11,8
De 40 a 44 años;Mujeres;Porcentaje;2022T2;12,5
De 40 a 44 años;Mujeres;Porcentaje;2022T1;12,8
De 40 a 44 años;Mujeres;Porcentaje;2021T4;12,3
De 40 a 44 años;Mujeres;Porcentaje;2021T3;11,7
De 40 a 44 años;Mujeres;Porcentaje;2021T2;11,5
De 40 a 44 años;Mujeres;Porcentaje;2021T1;12,7
De 40 a 44 años;Mujeres;Porcentaje;2020T4;13
De 40 a 44 años;Mujeres;Porcentaje;2020T3;12,5
De 40 a 44 años;Mujeres;Porcentaje;2020T2;12,7
De 40 a 44 años;Mujeres;Porcentaje;2020T1;13,1
De 40 a 44 años;Mujeres;Porcentaje;2019T4;13,2
De 40 a 44 años;Mujeres;Porcentaje;2019T3;13,9
De 40 a 44 años;Mujeres;Porcentaje;2019T2;13,3
De 40 a 44 años;Mujeres;Porcentaje;2019T1;13,7
De 40 a 44 años;Mujeres;Porcentaje;2018T4;13,8
De 40 a 44 años;Mujeres;Porcentaje;2018T3;13,2
De 40 a 44 años;Mujeres;Porcentaje;2018T2;13,4
De 40 a 44 años;Mujeres;Porcentaje;2018T1;13,9
De 40 a 44 años;Mujeres;Porcentaje;2017T4;13,6
De 40 a 44 años;Mujeres;Porcentaje;2017T3;13,9
De 40 a 44 años;Mujeres;Porcentaje;2017T2;14
De 40 a 44 años;Mujeres;Porcentaje;2017T1;14,7
De 40 a 44 años;Mujeres;Porcentaje;2016T4;13,1
De 40 a 44 años;Mujeres;Porcentaje;2016T3;13,5
De 40 a 44 años;Mujeres;Porcentaje;2016T2;13,7
De 40 a 44 años;Mujeres;Porcentaje;2016T1;13,5
De 40 a 44 años;Mujeres;Porcentaje;2015T4;13,3
De 40 a 44 años;Mujeres;Porcentaje;2015T3;12,9
De 40 a 44 años;Mujeres;Porcentaje;2015T2;13,8
De 40 a 44 años;Mujeres;Porcentaje;2015T1;14,1
De 40 a 44 años;Mujeres;Porcentaje;2014T4;14,3
De 40 a 44 años;Mujeres;Porcentaje;2014T3;13,1
De 40 a 44 años;Mujeres;Porcentaje;2014T2;13,8
De 40 a 44 años;Mujeres;Porcentaje;2014T1;13,2
De 40 a 44 años;Mujeres;Porcentaje;2013T4;13,4
De 40 a 44 años;Mujeres;Porcentaje;2013T3;12,9
De 40 a 44 años;Mujeres;Porcentaje;2013T2;12,8
De 40 a 44 años;Mujeres;Porcentaje;2013T1;13,1
De 40 a 44 años;Mujeres;Porcentaje;2012T4;12,9
De 40 a 44 años;Mujeres;Porcentaje;2012T3;12,9
De 40 a 44 años;Mujeres;Porcentaje;2012T2;13,4
De 40 a 44 años;Mujeres;Porcentaje;2012T1;14,1
De 40 a 44 años;Mujeres;Porcentaje;2011T4;13,5
De 40 a 44 años;Mujeres;Porcentaje;2011T3;12,9
De 40 a 44 años;Mujeres;Porcentaje;2011T2;12,9
De 40 a 44 años;Mujeres;Porcentaje;2011T1;12,5
De 40 a 44 años;Mujeres;Porcentaje;2010T4;12,5
De 40 a 44 años;Mujeres;Porcentaje;2010T3;11,9
De 40 a 44 años;Mujeres;Porcentaje;2010T2;12,2
De 40 a 44 años;Mujeres;Porcentaje;2010T1;11,5
De 40 a 44 años;Mujeres;Porcentaje;2009T4;12,3
De 40 a 44 años;Mujeres;Porcentaje;2009T3;12
De 40 a 44 años;Mujeres;Porcentaje;2009T2;12,5
De 40 a 44 años;Mujeres;Porcentaje;2009T1;11,8
De 40 a 44 años;Mujeres;Porcentaje;2008T4;13,3
De 40 a 44 años;Mujeres;Porcentaje;2008T3;12
De 40 a 44 años;Mujeres;Porcentaje;2008T2;12,6
De 40 a 44 años;Mujeres;Porcentaje;2008T1;13,6
De 40 a 44 años;Mujeres;Porcentaje;2007T4;13,1
De 40 a 44 años;Mujeres;Porcentaje;2007T3;11,2
De 40 a 44 años;Mujeres;Porcentaje;2007T2;11,7
De 40 a 44 años;Mujeres;Porcentaje;2007T1;11,4
De 40 a 44 años;Mujeres;Porcentaje;2006T4;11,2
De 40 a 44 años;Mujeres;Porcentaje;2006T3;11,1
De 40 a 44 años;Mujeres;Porcentaje;2006T2;11,5
De 40 a 44 años;Mujeres;Porcentaje;2006T1;11,9
De 40 a 44 años;Mujeres;Porcentaje;2005T4;12,1
De 40 a 44 años;Mujeres;Porcentaje;2005T3;10,1
De 40 a 44 años;Mujeres;Porcentaje;2005T2;10,9
De 40 a 44 años;Mujeres;Porcentaje;2005T1;12,2
De 40 a 44 años;Mujeres;Porcentaje;2004T4;11,8
De 40 a 44 años;Mujeres;Porcentaje;2004T3;11,8
De 40 a 44 años;Mujeres;Porcentaje;2004T2;12,5
De 40 a 44 años;Mujeres;Porcentaje;2004T1;11
De 40 a 44 años;Mujeres;Porcentaje;2003T4;10,5
De 40 a 44 años;Mujeres;Porcentaje;2003T3;10,8
De 40 a 44 años;Mujeres;Porcentaje;2003T2;10,8
De 40 a 44 años;Mujeres;Porcentaje;2003T1;9,5
De 40 a 44 años;Mujeres;Porcentaje;2002T4;10,1
De 40 a 44 años;Mujeres;Porcentaje;2002T3;9,9
De 40 a 44 años;Mujeres;Porcentaje;2002T2;9,8
De 40 a 44 años;Mujeres;Porcentaje;2002T1;10,3
De 45 a 49 años;Ambos sexos;Valor absoluto;2026T1;315,5
De 45 a 49 años;Ambos sexos;Valor absoluto;2025T4;279,2
De 45 a 49 años;Ambos sexos;Valor absoluto;2025T3;275,6
De 45 a 49 años;Ambos sexos;Valor absoluto;2025T2;284,2
De 45 a 49 años;Ambos sexos;Valor absoluto;2025T1;319,3
De 45 a 49 años;Ambos sexos;Valor absoluto;2024T4;287,9
De 45 a 49 años;Ambos sexos;Valor absoluto;2024T3;282,5
De 45 a 49 años;Ambos sexos;Valor absoluto;2024T2;333,2
De 45 a 49 años;Ambos sexos;Valor absoluto;2024T1;368
De 45 a 49 años;Ambos sexos;Valor absoluto;2023T4;328,3
De 45 a 49 años;Ambos sexos;Valor absoluto;2023T3;325
De 45 a 49 años;Ambos sexos;Valor absoluto;2023T2;314
De 45 a 49 años;Ambos sexos;Valor absoluto;2023T1;385,6
De 45 a 49 años;Ambos sexos;Valor absoluto;2022T4;375,2
De 45 a 49 años;Ambos sexos;Valor absoluto;2022T3;332,3
De 45 a 49 años;Ambos sexos;Valor absoluto;2022T2;334
De 45 a 49 años;Ambos sexos;Valor absoluto;2022T1;371,5
De 45 a 49 años;Ambos sexos;Valor absoluto;2021T4;373,9
De 45 a 49 años;Ambos sexos;Valor absoluto;2021T3;388,3
De 45 a 49 años;Ambos sexos;Valor absoluto;2021T2;404,5
De 45 a 49 años;Ambos sexos;Valor absoluto;2021T1;433,9
De 45 a 49 años;Ambos sexos;Valor absoluto;2020T4;434,4
De 45 a 49 años;Ambos sexos;Valor absoluto;2020T3;443,6
De 45 a 49 años;Ambos sexos;Valor absoluto;2020T2;380,6
De 45 a 49 años;Ambos sexos;Valor absoluto;2020T1;395,1
De 45 a 49 años;Ambos sexos;Valor absoluto;2019T4;384,7
De 45 a 49 años;Ambos sexos;Valor absoluto;2019T3;369,5
De 45 a 49 años;Ambos sexos;Valor absoluto;2019T2;374
De 45 a 49 años;Ambos sexos;Valor absoluto;2019T1;411,5
De 45 a 49 años;Ambos sexos;Valor absoluto;2018T4;379,4
De 45 a 49 años;Ambos sexos;Valor absoluto;2018T3;392,7
De 45 a 49 años;Ambos sexos;Valor absoluto;2018T2;448,1
De 45 a 49 años;Ambos sexos;Valor absoluto;2018T1;463
De 45 a 49 años;Ambos sexos;Valor absoluto;2017T4;460,8
De 45 a 49 años;Ambos sexos;Valor absoluto;2017T3;451,6
De 45 a 49 años;Ambos sexos;Valor absoluto;2017T2;480
De 45 a 49 años;Ambos sexos;Valor absoluto;2017T1;544,4
De 45 a 49 años;Ambos sexos;Valor absoluto;2016T4;514,4
De 45 a 49 años;Ambos sexos;Valor absoluto;2016T3;530,9
De 45 a 49 años;Ambos sexos;Valor absoluto;2016T2;534,6
De 45 a 49 años;Ambos sexos;Valor absoluto;2016T1;597,5
De 45 a 49 años;Ambos sexos;Valor absoluto;2015T4;598,2
De 45 a 49 años;Ambos sexos;Valor absoluto;2015T3;600,3
De 45 a 49 años;Ambos sexos;Valor absoluto;2015T2;649,4
De 45 a 49 años;Ambos sexos;Valor absoluto;2015T1;685,3
De 45 a 49 años;Ambos sexos;Valor absoluto;2014T4;650,5
De 45 a 49 años;Ambos sexos;Valor absoluto;2014T3;654,6
De 45 a 49 años;Ambos sexos;Valor absoluto;2014T2;701,7
De 45 a 49 años;Ambos sexos;Valor absoluto;2014T1;726,1
De 45 a 49 años;Ambos sexos;Valor absoluto;2013T4;693,7
De 45 a 49 años;Ambos sexos;Valor absoluto;2013T3;705,4
De 45 a 49 años;Ambos sexos;Valor absoluto;2013T2;738,7
De 45 a 49 años;Ambos sexos;Valor absoluto;2013T1;733,8
De 45 a 49 años;Ambos sexos;Valor absoluto;2012T4;685,5
De 45 a 49 años;Ambos sexos;Valor absoluto;2012T3;664,8
De 45 a 49 años;Ambos sexos;Valor absoluto;2012T2;652,4
De 45 a 49 años;Ambos sexos;Valor absoluto;2012T1;625,2
De 45 a 49 años;Ambos sexos;Valor absoluto;2011T4;580
De 45 a 49 años;Ambos sexos;Valor absoluto;2011T3;526,4
De 45 a 49 años;Ambos sexos;Valor absoluto;2011T2;497,4
De 45 a 49 años;Ambos sexos;Valor absoluto;2011T1;527,6
De 45 a 49 años;Ambos sexos;Valor absoluto;2010T4;470,2
De 45 a 49 años;Ambos sexos;Valor absoluto;2010T3;440,4
De 45 a 49 años;Ambos sexos;Valor absoluto;2010T2;467,8
De 45 a 49 años;Ambos sexos;Valor absoluto;2010T1;469,2
De 45 a 49 años;Ambos sexos;Valor absoluto;2009T4;411,4
De 45 a 49 años;Ambos sexos;Valor absoluto;2009T3;377,6
De 45 a 49 años;Ambos sexos;Valor absoluto;2009T2;394,2
De 45 a 49 años;Ambos sexos;Valor absoluto;2009T1;391,2
De 45 a 49 años;Ambos sexos;Valor absoluto;2008T4;293,5
De 45 a 49 años;Ambos sexos;Valor absoluto;2008T3;225,2
De 45 a 49 años;Ambos sexos;Valor absoluto;2008T2;211,4
De 45 a 49 años;Ambos sexos;Valor absoluto;2008T1;193,2
De 45 a 49 años;Ambos sexos;Valor absoluto;2007T4;185,5
De 45 a 49 años;Ambos sexos;Valor absoluto;2007T3;164,6
De 45 a 49 años;Ambos sexos;Valor absoluto;2007T2;151,8
De 45 a 49 años;Ambos sexos;Valor absoluto;2007T1;151,6
De 45 a 49 años;Ambos sexos;Valor absoluto;2006T4;149,1
De 45 a 49 años;Ambos sexos;Valor absoluto;2006T3;139,2
De 45 a 49 años;Ambos sexos;Valor absoluto;2006T2;132,2
De 45 a 49 años;Ambos sexos;Valor absoluto;2006T1;157,8
De 45 a 49 años;Ambos sexos;Valor absoluto;2005T4;157,2
De 45 a 49 años;Ambos sexos;Valor absoluto;2005T3;140,1
De 45 a 49 años;Ambos sexos;Valor absoluto;2005T2;152,3
De 45 a 49 años;Ambos sexos;Valor absoluto;2005T1;168,1
De 45 a 49 años;Ambos sexos;Valor absoluto;2004T4;179,1
De 45 a 49 años;Ambos sexos;Valor absoluto;2004T3;175,6
De 45 a 49 años;Ambos sexos;Valor absoluto;2004T2;174,3
De 45 a 49 años;Ambos sexos;Valor absoluto;2004T1;171,3
De 45 a 49 años;Ambos sexos;Valor absoluto;2003T4;171
De 45 a 49 años;Ambos sexos;Valor absoluto;2003T3;157,9
De 45 a 49 años;Ambos sexos;Valor absoluto;2003T2;167,2
De 45 a 49 años;Ambos sexos;Valor absoluto;2003T1;180,5
De 45 a 49 años;Ambos sexos;Valor absoluto;2002T4;168,3
De 45 a 49 años;Ambos sexos;Valor absoluto;2002T3;162,8
De 45 a 49 años;Ambos sexos;Valor absoluto;2002T2;155,2
De 45 a 49 años;Ambos sexos;Valor absoluto;2002T1;149,5
De 45 a 49 años;Ambos sexos;Porcentaje;2026T1;11,6
De 45 a 49 años;Ambos sexos;Porcentaje;2025T4;11,3
De 45 a 49 años;Ambos sexos;Porcentaje;2025T3;10,5
De 45 a 49 años;Ambos sexos;Porcentaje;2025T2;11,1
De 45 a 49 años;Ambos sexos;Porcentaje;2025T1;11,4
De 45 a 49 años;Ambos sexos;Porcentaje;2024T4;11,1
De 45 a 49 años;Ambos sexos;Porcentaje;2024T3;10,3
De 45 a 49 años;Ambos sexos;Porcentaje;2024T2;12,1
De 45 a 49 años;Ambos sexos;Porcentaje;2024T1;12,4
De 45 a 49 años;Ambos sexos;Porcentaje;2023T4;11,5
De 45 a 49 años;Ambos sexos;Porcentaje;2023T3;11,2
De 45 a 49 años;Ambos sexos;Porcentaje;2023T2;11,2
De 45 a 49 años;Ambos sexos;Porcentaje;2023T1;12,1
De 45 a 49 años;Ambos sexos;Porcentaje;2022T4;12,2
De 45 a 49 años;Ambos sexos;Porcentaje;2022T3;11
De 45 a 49 años;Ambos sexos;Porcentaje;2022T2;11,2
De 45 a 49 años;Ambos sexos;Porcentaje;2022T1;11,6
De 45 a 49 años;Ambos sexos;Porcentaje;2021T4;11,9
De 45 a 49 años;Ambos sexos;Porcentaje;2021T3;11,2
De 45 a 49 años;Ambos sexos;Porcentaje;2021T2;11,3
De 45 a 49 años;Ambos sexos;Porcentaje;2021T1;11,7
De 45 a 49 años;Ambos sexos;Porcentaje;2020T4;11,7
De 45 a 49 años;Ambos sexos;Porcentaje;2020T3;11,9
De 45 a 49 años;Ambos sexos;Porcentaje;2020T2;11,3
De 45 a 49 años;Ambos sexos;Porcentaje;2020T1;11,9
De 45 a 49 años;Ambos sexos;Porcentaje;2019T4;12,1
De 45 a 49 años;Ambos sexos;Porcentaje;2019T3;11,5
De 45 a 49 años;Ambos sexos;Porcentaje;2019T2;11,6
De 45 a 49 años;Ambos sexos;Porcentaje;2019T1;12,3
De 45 a 49 años;Ambos sexos;Porcentaje;2018T4;11,5
De 45 a 49 años;Ambos sexos;Porcentaje;2018T3;11,8
De 45 a 49 años;Ambos sexos;Porcentaje;2018T2;12,8
De 45 a 49 años;Ambos sexos;Porcentaje;2018T1;12,2
De 45 a 49 años;Ambos sexos;Porcentaje;2017T4;12,2
De 45 a 49 años;Ambos sexos;Porcentaje;2017T3;12,1
De 45 a 49 años;Ambos sexos;Porcentaje;2017T2;12,3
De 45 a 49 años;Ambos sexos;Porcentaje;2017T1;12,8
De 45 a 49 años;Ambos sexos;Porcentaje;2016T4;12,1
De 45 a 49 años;Ambos sexos;Porcentaje;2016T3;12,3
De 45 a 49 años;Ambos sexos;Porcentaje;2016T2;11,7
De 45 a 49 años;Ambos sexos;Porcentaje;2016T1;12,5
De 45 a 49 años;Ambos sexos;Porcentaje;2015T4;12,5
De 45 a 49 años;Ambos sexos;Porcentaje;2015T3;12,4
De 45 a 49 años;Ambos sexos;Porcentaje;2015T2;12,6
De 45 a 49 años;Ambos sexos;Porcentaje;2015T1;12,6
De 45 a 49 años;Ambos sexos;Porcentaje;2014T4;11,9
De 45 a 49 años;Ambos sexos;Porcentaje;2014T3;12,1
De 45 a 49 años;Ambos sexos;Porcentaje;2014T2;12,5
De 45 a 49 años;Ambos sexos;Porcentaje;2014T1;12,2
De 45 a 49 años;Ambos sexos;Porcentaje;2013T4;11,7
De 45 a 49 años;Ambos sexos;Porcentaje;2013T3;11,9
De 45 a 49 años;Ambos sexos;Porcentaje;2013T2;12,2
De 45 a 49 años;Ambos sexos;Porcentaje;2013T1;11,7
De 45 a 49 años;Ambos sexos;Porcentaje;2012T4;11,4
De 45 a 49 años;Ambos sexos;Porcentaje;2012T3;11,4
De 45 a 49 años;Ambos sexos;Porcentaje;2012T2;11,4
De 45 a 49 años;Ambos sexos;Porcentaje;2012T1;11
De 45 a 49 años;Ambos sexos;Porcentaje;2011T4;11
De 45 a 49 años;Ambos sexos;Porcentaje;2011T3;10,5
De 45 a 49 años;Ambos sexos;Porcentaje;2011T2;10,3
De 45 a 49 años;Ambos sexos;Porcentaje;2011T1;10,7
De 45 a 49 años;Ambos sexos;Porcentaje;2010T4;10
De 45 a 49 años;Ambos sexos;Porcentaje;2010T3;9,6
De 45 a 49 años;Ambos sexos;Porcentaje;2010T2;10
De 45 a 49 años;Ambos sexos;Porcentaje;2010T1;10,2
De 45 a 49 años;Ambos sexos;Porcentaje;2009T4;9,5
De 45 a 49 años;Ambos sexos;Porcentaje;2009T3;9,2
De 45 a 49 años;Ambos sexos;Porcentaje;2009T2;9,5
De 45 a 49 años;Ambos sexos;Porcentaje;2009T1;9,7
De 45 a 49 años;Ambos sexos;Porcentaje;2008T4;9,2
De 45 a 49 años;Ambos sexos;Porcentaje;2008T3;8,7
De 45 a 49 años;Ambos sexos;Porcentaje;2008T2;8,9
De 45 a 49 años;Ambos sexos;Porcentaje;2008T1;8,8
De 45 a 49 años;Ambos sexos;Porcentaje;2007T4;9,6
De 45 a 49 años;Ambos sexos;Porcentaje;2007T3;9,1
De 45 a 49 años;Ambos sexos;Porcentaje;2007T2;8,6
De 45 a 49 años;Ambos sexos;Porcentaje;2007T1;8,1
De 45 a 49 años;Ambos sexos;Porcentaje;2006T4;8,2
De 45 a 49 años;Ambos sexos;Porcentaje;2006T3;7,9
De 45 a 49 años;Ambos sexos;Porcentaje;2006T2;7,2
De 45 a 49 años;Ambos sexos;Porcentaje;2006T1;8,1
De 45 a 49 años;Ambos sexos;Porcentaje;2005T4;8,5
De 45 a 49 años;Ambos sexos;Porcentaje;2005T3;7,9
De 45 a 49 años;Ambos sexos;Porcentaje;2005T2;7,7
De 45 a 49 años;Ambos sexos;Porcentaje;2005T1;7,9
De 45 a 49 años;Ambos sexos;Porcentaje;2004T4;8,2
De 45 a 49 años;Ambos sexos;Porcentaje;2004T3;8
De 45 a 49 años;Ambos sexos;Porcentaje;2004T2;7,8
De 45 a 49 años;Ambos sexos;Porcentaje;2004T1;7,4
De 45 a 49 años;Ambos sexos;Porcentaje;2003T4;7,5
De 45 a 49 años;Ambos sexos;Porcentaje;2003T3;7
De 45 a 49 años;Ambos sexos;Porcentaje;2003T2;7,5
De 45 a 49 años;Ambos sexos;Porcentaje;2003T1;7,8
De 45 a 49 años;Ambos sexos;Porcentaje;2002T4;7,5
De 45 a 49 años;Ambos sexos;Porcentaje;2002T3;7,4
De 45 a 49 años;Ambos sexos;Porcentaje;2002T2;7,4
De 45 a 49 años;Ambos sexos;Porcentaje;2002T1;6,9
De 45 a 49 años;Hombres;Valor absoluto;2026T1;115,1
De 45 a 49 años;Hombres;Valor absoluto;2025T4;113,2
De 45 a 49 años;Hombres;Valor absoluto;2025T3;117,9
De 45 a 49 años;Hombres;Valor absoluto;2025T2;126,4
De 45 a 49 años;Hombres;Valor absoluto;2025T1;144,7
De 45 a 49 años;Hombres;Valor absoluto;2024T4;132,6
De 45 a 49 años;Hombres;Valor absoluto;2024T3;125,9
De 45 a 49 años;Hombres;Valor absoluto;2024T2;139,1
De 45 a 49 años;Hombres;Valor absoluto;2024T1;152,1
De 45 a 49 años;Hombres;Valor absoluto;2023T4;136,2
De 45 a 49 años;Hombres;Valor absoluto;2023T3;126,2
De 45 a 49 años;Hombres;Valor absoluto;2023T2;126,9
De 45 a 49 años;Hombres;Valor absoluto;2023T1;161,5
De 45 a 49 años;Hombres;Valor absoluto;2022T4;162,3
De 45 a 49 años;Hombres;Valor absoluto;2022T3;139
De 45 a 49 años;Hombres;Valor absoluto;2022T2;134,7
De 45 a 49 años;Hombres;Valor absoluto;2022T1;145,4
De 45 a 49 años;Hombres;Valor absoluto;2021T4;146
De 45 a 49 años;Hombres;Valor absoluto;2021T3;164,5
De 45 a 49 años;Hombres;Valor absoluto;2021T2;160,6
De 45 a 49 años;Hombres;Valor absoluto;2021T1;182,6
De 45 a 49 años;Hombres;Valor absoluto;2020T4;181,5
De 45 a 49 años;Hombres;Valor absoluto;2020T3;193,9
De 45 a 49 años;Hombres;Valor absoluto;2020T2;180,4
De 45 a 49 años;Hombres;Valor absoluto;2020T1;176
De 45 a 49 años;Hombres;Valor absoluto;2019T4;170,7
De 45 a 49 años;Hombres;Valor absoluto;2019T3;165,9
De 45 a 49 años;Hombres;Valor absoluto;2019T2;164
De 45 a 49 años;Hombres;Valor absoluto;2019T1;176,1
De 45 a 49 años;Hombres;Valor absoluto;2018T4;162
De 45 a 49 años;Hombres;Valor absoluto;2018T3;175,4
De 45 a 49 años;Hombres;Valor absoluto;2018T2;205,6
De 45 a 49 años;Hombres;Valor absoluto;2018T1;211,6
De 45 a 49 años;Hombres;Valor absoluto;2017T4;214,8
De 45 a 49 años;Hombres;Valor absoluto;2017T3;209
De 45 a 49 años;Hombres;Valor absoluto;2017T2;217,2
De 45 a 49 años;Hombres;Valor absoluto;2017T1;246,3
De 45 a 49 años;Hombres;Valor absoluto;2016T4;234,6
De 45 a 49 años;Hombres;Valor absoluto;2016T3;247,1
De 45 a 49 años;Hombres;Valor absoluto;2016T2;243,8
De 45 a 49 años;Hombres;Valor absoluto;2016T1;290
De 45 a 49 años;Hombres;Valor absoluto;2015T4;282,9
De 45 a 49 años;Hombres;Valor absoluto;2015T3;290,6
De 45 a 49 años;Hombres;Valor absoluto;2015T2;302,3
De 45 a 49 años;Hombres;Valor absoluto;2015T1;325,7
De 45 a 49 años;Hombres;Valor absoluto;2014T4;329,9
De 45 a 49 años;Hombres;Valor absoluto;2014T3;331,1
De 45 a 49 años;Hombres;Valor absoluto;2014T2;360,3
De 45 a 49 años;Hombres;Valor absoluto;2014T1;381,5
De 45 a 49 años;Hombres;Valor absoluto;2013T4;365,4
De 45 a 49 años;Hombres;Valor absoluto;2013T3;373,3
De 45 a 49 años;Hombres;Valor absoluto;2013T2;379,9
De 45 a 49 años;Hombres;Valor absoluto;2013T1;383,6
De 45 a 49 años;Hombres;Valor absoluto;2012T4;353,3
De 45 a 49 años;Hombres;Valor absoluto;2012T3;347,5
De 45 a 49 años;Hombres;Valor absoluto;2012T2;345,8
De 45 a 49 años;Hombres;Valor absoluto;2012T1;330,2
De 45 a 49 años;Hombres;Valor absoluto;2011T4;296,9
De 45 a 49 años;Hombres;Valor absoluto;2011T3;277
De 45 a 49 años;Hombres;Valor absoluto;2011T2;262,2
De 45 a 49 años;Hombres;Valor absoluto;2011T1;263,7
De 45 a 49 años;Hombres;Valor absoluto;2010T4;235,4
De 45 a 49 años;Hombres;Valor absoluto;2010T3;229
De 45 a 49 años;Hombres;Valor absoluto;2010T2;235,1
De 45 a 49 años;Hombres;Valor absoluto;2010T1;245,1
De 45 a 49 años;Hombres;Valor absoluto;2009T4;219,5
De 45 a 49 años;Hombres;Valor absoluto;2009T3;197,4
De 45 a 49 años;Hombres;Valor absoluto;2009T2;211,1
De 45 a 49 años;Hombres;Valor absoluto;2009T1;212
De 45 a 49 años;Hombres;Valor absoluto;2008T4;153,1
De 45 a 49 años;Hombres;Valor absoluto;2008T3;123,6
De 45 a 49 años;Hombres;Valor absoluto;2008T2;109,1
De 45 a 49 años;Hombres;Valor absoluto;2008T1;93
De 45 a 49 años;Hombres;Valor absoluto;2007T4;86,2
De 45 a 49 años;Hombres;Valor absoluto;2007T3;70,8
De 45 a 49 años;Hombres;Valor absoluto;2007T2;62
De 45 a 49 años;Hombres;Valor absoluto;2007T1;58,6
De 45 a 49 años;Hombres;Valor absoluto;2006T4;59,4
De 45 a 49 años;Hombres;Valor absoluto;2006T3;53,7
De 45 a 49 años;Hombres;Valor absoluto;2006T2;53,7
De 45 a 49 años;Hombres;Valor absoluto;2006T1;68,4
De 45 a 49 años;Hombres;Valor absoluto;2005T4;64,3
De 45 a 49 años;Hombres;Valor absoluto;2005T3;59,8
De 45 a 49 años;Hombres;Valor absoluto;2005T2;59,5
De 45 a 49 años;Hombres;Valor absoluto;2005T1;74,1
De 45 a 49 años;Hombres;Valor absoluto;2004T4;76,7
De 45 a 49 años;Hombres;Valor absoluto;2004T3;79,4
De 45 a 49 años;Hombres;Valor absoluto;2004T2;72,6
De 45 a 49 años;Hombres;Valor absoluto;2004T1;68,7
De 45 a 49 años;Hombres;Valor absoluto;2003T4;65,7
De 45 a 49 años;Hombres;Valor absoluto;2003T3;61,8
De 45 a 49 años;Hombres;Valor absoluto;2003T2;65
De 45 a 49 años;Hombres;Valor absoluto;2003T1;62,6
De 45 a 49 años;Hombres;Valor absoluto;2002T4;63,9
De 45 a 49 años;Hombres;Valor absoluto;2002T3;56,2
De 45 a 49 años;Hombres;Valor absoluto;2002T2;55,7
De 45 a 49 años;Hombres;Valor absoluto;2002T1;65,9
De 45 a 49 años;Hombres;Porcentaje;2026T1;9,2
De 45 a 49 años;Hombres;Porcentaje;2025T4;9,8
De 45 a 49 años;Hombres;Porcentaje;2025T3;10
De 45 a 49 años;Hombres;Porcentaje;2025T2;10,5
De 45 a 49 años;Hombres;Porcentaje;2025T1;11
De 45 a 49 años;Hombres;Porcentaje;2024T4;10,8
De 45 a 49 años;Hombres;Porcentaje;2024T3;9,7
De 45 a 49 años;Hombres;Porcentaje;2024T2;10,7
De 45 a 49 años;Hombres;Porcentaje;2024T1;10,8
De 45 a 49 años;Hombres;Porcentaje;2023T4;10,2
De 45 a 49 años;Hombres;Porcentaje;2023T3;9,5
De 45 a 49 años;Hombres;Porcentaje;2023T2;9,7
De 45 a 49 años;Hombres;Porcentaje;2023T1;11
De 45 a 49 años;Hombres;Porcentaje;2022T4;11,3
De 45 a 49 años;Hombres;Porcentaje;2022T3;10,2
De 45 a 49 años;Hombres;Porcentaje;2022T2;9,6
De 45 a 49 años;Hombres;Porcentaje;2022T1;9,6
De 45 a 49 años;Hombres;Porcentaje;2021T4;9,9
De 45 a 49 años;Hombres;Porcentaje;2021T3;10
De 45 a 49 años;Hombres;Porcentaje;2021T2;9,6
De 45 a 49 años;Hombres;Porcentaje;2021T1;10,5
De 45 a 49 años;Hombres;Porcentaje;2020T4;10,5
De 45 a 49 años;Hombres;Porcentaje;2020T3;11
De 45 a 49 años;Hombres;Porcentaje;2020T2;10,8
De 45 a 49 años;Hombres;Porcentaje;2020T1;11,3
De 45 a 49 años;Hombres;Porcentaje;2019T4;11,3
De 45 a 49 años;Hombres;Porcentaje;2019T3;11,1
De 45 a 49 años;Hombres;Porcentaje;2019T2;10,7
De 45 a 49 años;Hombres;Porcentaje;2019T1;11,2
De 45 a 49 años;Hombres;Porcentaje;2018T4;10,3
De 45 a 49 años;Hombres;Porcentaje;2018T3;10,9
De 45 a 49 años;Hombres;Porcentaje;2018T2;12,3
De 45 a 49 años;Hombres;Porcentaje;2018T1;11,5
De 45 a 49 años;Hombres;Porcentaje;2017T4;11,8
De 45 a 49 años;Hombres;Porcentaje;2017T3;11,5
De 45 a 49 años;Hombres;Porcentaje;2017T2;11,4
De 45 a 49 años;Hombres;Porcentaje;2017T1;11,8
De 45 a 49 años;Hombres;Porcentaje;2016T4;11,2
De 45 a 49 años;Hombres;Porcentaje;2016T3;11,6
De 45 a 49 años;Hombres;Porcentaje;2016T2;10,8
De 45 a 49 años;Hombres;Porcentaje;2016T1;12,2
De 45 a 49 años;Hombres;Porcentaje;2015T4;11,8
De 45 a 49 años;Hombres;Porcentaje;2015T3;11,8
De 45 a 49 años;Hombres;Porcentaje;2015T2;11,7
De 45 a 49 años;Hombres;Porcentaje;2015T1;11,6
De 45 a 49 años;Hombres;Porcentaje;2014T4;11,7
De 45 a 49 años;Hombres;Porcentaje;2014T3;11,9
De 45 a 49 años;Hombres;Porcentaje;2014T2;12,3
De 45 a 49 años;Hombres;Porcentaje;2014T1;12,2
De 45 a 49 años;Hombres;Porcentaje;2013T4;11,8
De 45 a 49 años;Hombres;Porcentaje;2013T3;11,8
De 45 a 49 años;Hombres;Porcentaje;2013T2;11,9
De 45 a 49 años;Hombres;Porcentaje;2013T1;11,4
De 45 a 49 años;Hombres;Porcentaje;2012T4;11
De 45 a 49 años;Hombres;Porcentaje;2012T3;11,1
De 45 a 49 años;Hombres;Porcentaje;2012T2;11,1
De 45 a 49 años;Hombres;Porcentaje;2012T1;10,8
De 45 a 49 años;Hombres;Porcentaje;2011T4;10,4
De 45 a 49 años;Hombres;Porcentaje;2011T3;10,3
De 45 a 49 años;Hombres;Porcentaje;2011T2;10
De 45 a 49 años;Hombres;Porcentaje;2011T1;10
De 45 a 49 años;Hombres;Porcentaje;2010T4;9,2
De 45 a 49 años;Hombres;Porcentaje;2010T3;9,2
De 45 a 49 años;Hombres;Porcentaje;2010T2;9,2
De 45 a 49 años;Hombres;Porcentaje;2010T1;9,6
De 45 a 49 años;Hombres;Porcentaje;2009T4;9,1
De 45 a 49 años;Hombres;Porcentaje;2009T3;8,6
De 45 a 49 años;Hombres;Porcentaje;2009T2;9,2
De 45 a 49 años;Hombres;Porcentaje;2009T1;9,6
De 45 a 49 años;Hombres;Porcentaje;2008T4;9
De 45 a 49 años;Hombres;Porcentaje;2008T3;9,1
De 45 a 49 años;Hombres;Porcentaje;2008T2;9,2
De 45 a 49 años;Hombres;Porcentaje;2008T1;9
De 45 a 49 años;Hombres;Porcentaje;2007T4;9,6
De 45 a 49 años;Hombres;Porcentaje;2007T3;8,7
De 45 a 49 años;Hombres;Porcentaje;2007T2;7,8
De 45 a 49 años;Hombres;Porcentaje;2007T1;7,3
De 45 a 49 años;Hombres;Porcentaje;2006T4;7,7
De 45 a 49 años;Hombres;Porcentaje;2006T3;7
De 45 a 49 años;Hombres;Porcentaje;2006T2;6,7
De 45 a 49 años;Hombres;Porcentaje;2006T1;8
De 45 a 49 años;Hombres;Porcentaje;2005T4;7,7
De 45 a 49 años;Hombres;Porcentaje;2005T3;7,3
De 45 a 49 años;Hombres;Porcentaje;2005T2;6,5
De 45 a 49 años;Hombres;Porcentaje;2005T1;7,7
De 45 a 49 años;Hombres;Porcentaje;2004T4;8,1
De 45 a 49 años;Hombres;Porcentaje;2004T3;8
De 45 a 49 años;Hombres;Porcentaje;2004T2;7,3
De 45 a 49 años;Hombres;Porcentaje;2004T1;6,7
De 45 a 49 años;Hombres;Porcentaje;2003T4;6,5
De 45 a 49 años;Hombres;Porcentaje;2003T3;6,2
De 45 a 49 años;Hombres;Porcentaje;2003T2;6,7
De 45 a 49 años;Hombres;Porcentaje;2003T1;6,2
De 45 a 49 años;Hombres;Porcentaje;2002T4;6,4
De 45 a 49 años;Hombres;Porcentaje;2002T3;5,9
De 45 a 49 años;Hombres;Porcentaje;2002T2;6,3
De 45 a 49 años;Hombres;Porcentaje;2002T1;7
De 45 a 49 años;Mujeres;Valor absoluto;2026T1;200,4
De 45 a 49 años;Mujeres;Valor absoluto;2025T4;166
De 45 a 49 años;Mujeres;Valor absoluto;2025T3;157,7
De 45 a 49 años;Mujeres;Valor absoluto;2025T2;157,9
De 45 a 49 años;Mujeres;Valor absoluto;2025T1;174,6
De 45 a 49 años;Mujeres;Valor absoluto;2024T4;155,2
De 45 a 49 años;Mujeres;Valor absoluto;2024T3;156,6
De 45 a 49 años;Mujeres;Valor absoluto;2024T2;194
De 45 a 49 años;Mujeres;Valor absoluto;2024T1;215,9
De 45 a 49 años;Mujeres;Valor absoluto;2023T4;192,1
De 45 a 49 años;Mujeres;Valor absoluto;2023T3;198,8
De 45 a 49 años;Mujeres;Valor absoluto;2023T2;187,1
De 45 a 49 años;Mujeres;Valor absoluto;2023T1;224,1
De 45 a 49 años;Mujeres;Valor absoluto;2022T4;212,8
De 45 a 49 años;Mujeres;Valor absoluto;2022T3;193,4
De 45 a 49 años;Mujeres;Valor absoluto;2022T2;199,3
De 45 a 49 años;Mujeres;Valor absoluto;2022T1;226,2
De 45 a 49 años;Mujeres;Valor absoluto;2021T4;227,8
De 45 a 49 años;Mujeres;Valor absoluto;2021T3;223,8
De 45 a 49 años;Mujeres;Valor absoluto;2021T2;243,9
De 45 a 49 años;Mujeres;Valor absoluto;2021T1;251,3
De 45 a 49 años;Mujeres;Valor absoluto;2020T4;252,9
De 45 a 49 años;Mujeres;Valor absoluto;2020T3;249,6
De 45 a 49 años;Mujeres;Valor absoluto;2020T2;200,2
De 45 a 49 años;Mujeres;Valor absoluto;2020T1;219,1
De 45 a 49 años;Mujeres;Valor absoluto;2019T4;214
De 45 a 49 años;Mujeres;Valor absoluto;2019T3;203,6
De 45 a 49 años;Mujeres;Valor absoluto;2019T2;210
De 45 a 49 años;Mujeres;Valor absoluto;2019T1;235,4
De 45 a 49 años;Mujeres;Valor absoluto;2018T4;217,3
De 45 a 49 años;Mujeres;Valor absoluto;2018T3;217,3
De 45 a 49 años;Mujeres;Valor absoluto;2018T2;242,5
De 45 a 49 años;Mujeres;Valor absoluto;2018T1;251,4
De 45 a 49 años;Mujeres;Valor absoluto;2017T4;246
De 45 a 49 años;Mujeres;Valor absoluto;2017T3;242,7
De 45 a 49 años;Mujeres;Valor absoluto;2017T2;262,9
De 45 a 49 años;Mujeres;Valor absoluto;2017T1;298,2
De 45 a 49 años;Mujeres;Valor absoluto;2016T4;279,9
De 45 a 49 años;Mujeres;Valor absoluto;2016T3;283,8
De 45 a 49 años;Mujeres;Valor absoluto;2016T2;290,7
De 45 a 49 años;Mujeres;Valor absoluto;2016T1;307,4
De 45 a 49 años;Mujeres;Valor absoluto;2015T4;315,3
De 45 a 49 años;Mujeres;Valor absoluto;2015T3;309,7
De 45 a 49 años;Mujeres;Valor absoluto;2015T2;347,1
De 45 a 49 años;Mujeres;Valor absoluto;2015T1;359,6
De 45 a 49 años;Mujeres;Valor absoluto;2014T4;320,6
De 45 a 49 años;Mujeres;Valor absoluto;2014T3;323,5
De 45 a 49 años;Mujeres;Valor absoluto;2014T2;341,4
De 45 a 49 años;Mujeres;Valor absoluto;2014T1;344,6
De 45 a 49 años;Mujeres;Valor absoluto;2013T4;328,4
De 45 a 49 años;Mujeres;Valor absoluto;2013T3;332,1
De 45 a 49 años;Mujeres;Valor absoluto;2013T2;358,8
De 45 a 49 años;Mujeres;Valor absoluto;2013T1;350,1
De 45 a 49 años;Mujeres;Valor absoluto;2012T4;332,2
De 45 a 49 años;Mujeres;Valor absoluto;2012T3;317,2
De 45 a 49 años;Mujeres;Valor absoluto;2012T2;306,5
De 45 a 49 años;Mujeres;Valor absoluto;2012T1;294,9
De 45 a 49 años;Mujeres;Valor absoluto;2011T4;283,1
De 45 a 49 años;Mujeres;Valor absoluto;2011T3;249,4
De 45 a 49 años;Mujeres;Valor absoluto;2011T2;235,3
De 45 a 49 años;Mujeres;Valor absoluto;2011T1;263,9
De 45 a 49 años;Mujeres;Valor absoluto;2010T4;234,8
De 45 a 49 años;Mujeres;Valor absoluto;2010T3;211,5
De 45 a 49 años;Mujeres;Valor absoluto;2010T2;232,7
De 45 a 49 años;Mujeres;Valor absoluto;2010T1;224,1
De 45 a 49 años;Mujeres;Valor absoluto;2009T4;191,9
De 45 a 49 años;Mujeres;Valor absoluto;2009T3;180,2
De 45 a 49 años;Mujeres;Valor absoluto;2009T2;183,1
De 45 a 49 años;Mujeres;Valor absoluto;2009T1;179,2
De 45 a 49 años;Mujeres;Valor absoluto;2008T4;140,4
De 45 a 49 años;Mujeres;Valor absoluto;2008T3;101,6
De 45 a 49 años;Mujeres;Valor absoluto;2008T2;102,3
De 45 a 49 años;Mujeres;Valor absoluto;2008T1;100,1
De 45 a 49 años;Mujeres;Valor absoluto;2007T4;99,3
De 45 a 49 años;Mujeres;Valor absoluto;2007T3;93,8
De 45 a 49 años;Mujeres;Valor absoluto;2007T2;89,8
De 45 a 49 años;Mujeres;Valor absoluto;2007T1;93
De 45 a 49 años;Mujeres;Valor absoluto;2006T4;89,8
De 45 a 49 años;Mujeres;Valor absoluto;2006T3;85,5
De 45 a 49 años;Mujeres;Valor absoluto;2006T2;78,5
De 45 a 49 años;Mujeres;Valor absoluto;2006T1;89,4
De 45 a 49 años;Mujeres;Valor absoluto;2005T4;92,9
De 45 a 49 años;Mujeres;Valor absoluto;2005T3;80,3
De 45 a 49 años;Mujeres;Valor absoluto;2005T2;92,8
De 45 a 49 años;Mujeres;Valor absoluto;2005T1;93,9
De 45 a 49 años;Mujeres;Valor absoluto;2004T4;102,4
De 45 a 49 años;Mujeres;Valor absoluto;2004T3;96,1
De 45 a 49 años;Mujeres;Valor absoluto;2004T2;101,7
De 45 a 49 años;Mujeres;Valor absoluto;2004T1;102,7
De 45 a 49 años;Mujeres;Valor absoluto;2003T4;105,3
De 45 a 49 años;Mujeres;Valor absoluto;2003T3;96,1
De 45 a 49 años;Mujeres;Valor absoluto;2003T2;102,2
De 45 a 49 años;Mujeres;Valor absoluto;2003T1;117,9
De 45 a 49 años;Mujeres;Valor absoluto;2002T4;104,4
De 45 a 49 años;Mujeres;Valor absoluto;2002T3;106,6
De 45 a 49 años;Mujeres;Valor absoluto;2002T2;99,5
De 45 a 49 años;Mujeres;Valor absoluto;2002T1;83,6
De 45 a 49 años;Mujeres;Porcentaje;2026T1;13,7
De 45 a 49 años;Mujeres;Porcentaje;2025T4;12,5
De 45 a 49 años;Mujeres;Porcentaje;2025T3;11
De 45 a 49 años;Mujeres;Porcentaje;2025T2;11,7
De 45 a 49 años;Mujeres;Porcentaje;2025T1;11,8
De 45 a 49 años;Mujeres;Porcentaje;2024T4;11,4
De 45 a 49 años;Mujeres;Porcentaje;2024T3;10,8
De 45 a 49 años;Mujeres;Porcentaje;2024T2;13,3
De 45 a 49 años;Mujeres;Porcentaje;2024T1;13,8
De 45 a 49 años;Mujeres;Porcentaje;2023T4;12,6
De 45 a 49 años;Mujeres;Porcentaje;2023T3;12,7
De 45 a 49 años;Mujeres;Porcentaje;2023T2;12,5
De 45 a 49 años;Mujeres;Porcentaje;2023T1;13
De 45 a 49 años;Mujeres;Porcentaje;2022T4;13
De 45 a 49 años;Mujeres;Porcentaje;2022T3;11,7
De 45 a 49 años;Mujeres;Porcentaje;2022T2;12,5
De 45 a 49 años;Mujeres;Porcentaje;2022T1;13,3
De 45 a 49 años;Mujeres;Porcentaje;2021T4;13,7
De 45 a 49 años;Mujeres;Porcentaje;2021T3;12,3
De 45 a 49 años;Mujeres;Porcentaje;2021T2;12,8
De 45 a 49 años;Mujeres;Porcentaje;2021T1;12,8
De 45 a 49 años;Mujeres;Porcentaje;2020T4;12,7
De 45 a 49 años;Mujeres;Porcentaje;2020T3;12,7
De 45 a 49 años;Mujeres;Porcentaje;2020T2;11,8
De 45 a 49 años;Mujeres;Porcentaje;2020T1;12,5
De 45 a 49 años;Mujeres;Porcentaje;2019T4;12,7
De 45 a 49 años;Mujeres;Porcentaje;2019T3;11,9
De 45 a 49 años;Mujeres;Porcentaje;2019T2;12,4
De 45 a 49 años;Mujeres;Porcentaje;2019T1;13,2
De 45 a 49 años;Mujeres;Porcentaje;2018T4;12,6
De 45 a 49 años;Mujeres;Porcentaje;2018T3;12,7
De 45 a 49 años;Mujeres;Porcentaje;2018T2;13,4
De 45 a 49 años;Mujeres;Porcentaje;2018T1;12,9
De 45 a 49 años;Mujeres;Porcentaje;2017T4;12,6
De 45 a 49 años;Mujeres;Porcentaje;2017T3;12,6
De 45 a 49 años;Mujeres;Porcentaje;2017T2;13,1
De 45 a 49 años;Mujeres;Porcentaje;2017T1;13,8
De 45 a 49 años;Mujeres;Porcentaje;2016T4;13,1
De 45 a 49 años;Mujeres;Porcentaje;2016T3;12,9
De 45 a 49 años;Mujeres;Porcentaje;2016T2;12,5
De 45 a 49 años;Mujeres;Porcentaje;2016T1;12,7
De 45 a 49 años;Mujeres;Porcentaje;2015T4;13,2
De 45 a 49 años;Mujeres;Porcentaje;2015T3;12,9
De 45 a 49 años;Mujeres;Porcentaje;2015T2;13,6
De 45 a 49 años;Mujeres;Porcentaje;2015T1;13,6
De 45 a 49 años;Mujeres;Porcentaje;2014T4;12,2
De 45 a 49 años;Mujeres;Porcentaje;2014T3;12,3
De 45 a 49 años;Mujeres;Porcentaje;2014T2;12,7
De 45 a 49 años;Mujeres;Porcentaje;2014T1;12,2
De 45 a 49 años;Mujeres;Porcentaje;2013T4;11,6
De 45 a 49 años;Mujeres;Porcentaje;2013T3;11,9
De 45 a 49 años;Mujeres;Porcentaje;2013T2;12,6
De 45 a 49 años;Mujeres;Porcentaje;2013T1;12
De 45 a 49 años;Mujeres;Porcentaje;2012T4;11,8
De 45 a 49 años;Mujeres;Porcentaje;2012T3;11,8
De 45 a 49 años;Mujeres;Porcentaje;2012T2;11,8
De 45 a 49 años;Mujeres;Porcentaje;2012T1;11,3
De 45 a 49 años;Mujeres;Porcentaje;2011T4;11,7
De 45 a 49 años;Mujeres;Porcentaje;2011T3;10,8
De 45 a 49 años;Mujeres;Porcentaje;2011T2;10,6
De 45 a 49 años;Mujeres;Porcentaje;2011T1;11,6
De 45 a 49 años;Mujeres;Porcentaje;2010T4;10,9
De 45 a 49 años;Mujeres;Porcentaje;2010T3;10,1
De 45 a 49 años;Mujeres;Porcentaje;2010T2;11
De 45 a 49 años;Mujeres;Porcentaje;2010T1;10,9
De 45 a 49 años;Mujeres;Porcentaje;2009T4;9,9
De 45 a 49 años;Mujeres;Porcentaje;2009T3;9,8
De 45 a 49 años;Mujeres;Porcentaje;2009T2;9,9
De 45 a 49 años;Mujeres;Porcentaje;2009T1;9,9
De 45 a 49 años;Mujeres;Porcentaje;2008T4;9,3
De 45 a 49 años;Mujeres;Porcentaje;2008T3;8,2
De 45 a 49 años;Mujeres;Porcentaje;2008T2;8,6
De 45 a 49 años;Mujeres;Porcentaje;2008T1;8,6
De 45 a 49 años;Mujeres;Porcentaje;2007T4;9,5
De 45 a 49 años;Mujeres;Porcentaje;2007T3;9,4
De 45 a 49 años;Mujeres;Porcentaje;2007T2;9,2
De 45 a 49 años;Mujeres;Porcentaje;2007T1;8,8
De 45 a 49 años;Mujeres;Porcentaje;2006T4;8,6
De 45 a 49 años;Mujeres;Porcentaje;2006T3;8,6
De 45 a 49 años;Mujeres;Porcentaje;2006T2;7,6
De 45 a 49 años;Mujeres;Porcentaje;2006T1;8,2
De 45 a 49 años;Mujeres;Porcentaje;2005T4;9,1
De 45 a 49 años;Mujeres;Porcentaje;2005T3;8,3
De 45 a 49 años;Mujeres;Porcentaje;2005T2;8,8
De 45 a 49 años;Mujeres;Porcentaje;2005T1;8,1
De 45 a 49 años;Mujeres;Porcentaje;2004T4;8,3
De 45 a 49 años;Mujeres;Porcentaje;2004T3;7,9
De 45 a 49 años;Mujeres;Porcentaje;2004T2;8,1
De 45 a 49 años;Mujeres;Porcentaje;2004T1;8
De 45 a 49 años;Mujeres;Porcentaje;2003T4;8,3
De 45 a 49 años;Mujeres;Porcentaje;2003T3;7,6
De 45 a 49 años;Mujeres;Porcentaje;2003T2;8,2
De 45 a 49 años;Mujeres;Porcentaje;2003T1;9
De 45 a 49 años;Mujeres;Porcentaje;2002T4;8,4
De 45 a 49 años;Mujeres;Porcentaje;2002T3;8,6
De 45 a 49 años;Mujeres;Porcentaje;2002T2;8,2
De 45 a 49 años;Mujeres;Porcentaje;2002T1;6,9
De 50 a 54 años;Ambos sexos;Valor absoluto;2026T1;280,1
De 50 a 54 años;Ambos sexos;Valor absoluto;2025T4;254
De 50 a 54 años;Ambos sexos;Valor absoluto;2025T3;275,5
De 50 a 54 años;Ambos sexos;Valor absoluto;2025T2;282,5
De 50 a 54 años;Ambos sexos;Valor absoluto;2025T1;297,7
De 50 a 54 años;Ambos sexos;Valor absoluto;2024T4;294,4
De 50 a 54 años;Ambos sexos;Valor absoluto;2024T3;302,3
De 50 a 54 años;Ambos sexos;Valor absoluto;2024T2;312,9
De 50 a 54 años;Ambos sexos;Valor absoluto;2024T1;322,6
De 50 a 54 años;Ambos sexos;Valor absoluto;2023T4;304,3
De 50 a 54 años;Ambos sexos;Valor absoluto;2023T3;315,5
De 50 a 54 años;Ambos sexos;Valor absoluto;2023T2;308,9
De 50 a 54 años;Ambos sexos;Valor absoluto;2023T1;365,5
De 50 a 54 años;Ambos sexos;Valor absoluto;2022T4;380
De 50 a 54 años;Ambos sexos;Valor absoluto;2022T3;372,2
De 50 a 54 años;Ambos sexos;Valor absoluto;2022T2;373,8
De 50 a 54 años;Ambos sexos;Valor absoluto;2022T1;406
De 50 a 54 años;Ambos sexos;Valor absoluto;2021T4;367,2
De 50 a 54 años;Ambos sexos;Valor absoluto;2021T3;375
De 50 a 54 años;Ambos sexos;Valor absoluto;2021T2;382,4
De 50 a 54 años;Ambos sexos;Valor absoluto;2021T1;393,4
De 50 a 54 años;Ambos sexos;Valor absoluto;2020T4;394,5
De 50 a 54 años;Ambos sexos;Valor absoluto;2020T3;368
De 50 a 54 años;Ambos sexos;Valor absoluto;2020T2;343,5
De 50 a 54 años;Ambos sexos;Valor absoluto;2020T1;371,5
De 50 a 54 años;Ambos sexos;Valor absoluto;2019T4;358,2
De 50 a 54 años;Ambos sexos;Valor absoluto;2019T3;367,9
De 50 a 54 años;Ambos sexos;Valor absoluto;2019T2;388,1
De 50 a 54 años;Ambos sexos;Valor absoluto;2019T1;398
De 50 a 54 años;Ambos sexos;Valor absoluto;2018T4;382,1
De 50 a 54 años;Ambos sexos;Valor absoluto;2018T3;375,9
De 50 a 54 años;Ambos sexos;Valor absoluto;2018T2;397,8
De 50 a 54 años;Ambos sexos;Valor absoluto;2018T1;446,1
De 50 a 54 años;Ambos sexos;Valor absoluto;2017T4;424,7
De 50 a 54 años;Ambos sexos;Valor absoluto;2017T3;410,3
De 50 a 54 años;Ambos sexos;Valor absoluto;2017T2;443,9
De 50 a 54 años;Ambos sexos;Valor absoluto;2017T1;482,6
De 50 a 54 años;Ambos sexos;Valor absoluto;2016T4;470,3
De 50 a 54 años;Ambos sexos;Valor absoluto;2016T3;474,2
De 50 a 54 años;Ambos sexos;Valor absoluto;2016T2;513,5
De 50 a 54 años;Ambos sexos;Valor absoluto;2016T1;510,2
De 50 a 54 años;Ambos sexos;Valor absoluto;2015T4;497
De 50 a 54 años;Ambos sexos;Valor absoluto;2015T3;512,7
De 50 a 54 años;Ambos sexos;Valor absoluto;2015T2;537,7
De 50 a 54 años;Ambos sexos;Valor absoluto;2015T1;557,7
De 50 a 54 años;Ambos sexos;Valor absoluto;2014T4;553,2
De 50 a 54 años;Ambos sexos;Valor absoluto;2014T3;539,6
De 50 a 54 años;Ambos sexos;Valor absoluto;2014T2;561,5
De 50 a 54 años;Ambos sexos;Valor absoluto;2014T1;577,2
De 50 a 54 años;Ambos sexos;Valor absoluto;2013T4;584,8
De 50 a 54 años;Ambos sexos;Valor absoluto;2013T3;564,9
De 50 a 54 años;Ambos sexos;Valor absoluto;2013T2;546,2
De 50 a 54 años;Ambos sexos;Valor absoluto;2013T1;553,7
De 50 a 54 años;Ambos sexos;Valor absoluto;2012T4;520,3
De 50 a 54 años;Ambos sexos;Valor absoluto;2012T3;521,9
De 50 a 54 años;Ambos sexos;Valor absoluto;2012T2;498,9
De 50 a 54 años;Ambos sexos;Valor absoluto;2012T1;492,8
De 50 a 54 años;Ambos sexos;Valor absoluto;2011T4;433,5
De 50 a 54 años;Ambos sexos;Valor absoluto;2011T3;411,9
De 50 a 54 años;Ambos sexos;Valor absoluto;2011T2;386,3
De 50 a 54 años;Ambos sexos;Valor absoluto;2011T1;385,9
De 50 a 54 años;Ambos sexos;Valor absoluto;2010T4;377,3
De 50 a 54 años;Ambos sexos;Valor absoluto;2010T3;332,9
De 50 a 54 años;Ambos sexos;Valor absoluto;2010T2;358,5
De 50 a 54 años;Ambos sexos;Valor absoluto;2010T1;338,2
De 50 a 54 años;Ambos sexos;Valor absoluto;2009T4;310,1
De 50 a 54 años;Ambos sexos;Valor absoluto;2009T3;279,8
De 50 a 54 años;Ambos sexos;Valor absoluto;2009T2;285
De 50 a 54 años;Ambos sexos;Valor absoluto;2009T1;267,4
De 50 a 54 años;Ambos sexos;Valor absoluto;2008T4;209,7
De 50 a 54 años;Ambos sexos;Valor absoluto;2008T3;170,5
De 50 a 54 años;Ambos sexos;Valor absoluto;2008T2;164,8
De 50 a 54 años;Ambos sexos;Valor absoluto;2008T1;158,4
De 50 a 54 años;Ambos sexos;Valor absoluto;2007T4;139,1
De 50 a 54 años;Ambos sexos;Valor absoluto;2007T3;121,4
De 50 a 54 años;Ambos sexos;Valor absoluto;2007T2;128,4
De 50 a 54 años;Ambos sexos;Valor absoluto;2007T1;130,2
De 50 a 54 años;Ambos sexos;Valor absoluto;2006T4;119,6
De 50 a 54 años;Ambos sexos;Valor absoluto;2006T3;111,4
De 50 a 54 años;Ambos sexos;Valor absoluto;2006T2;115,7
De 50 a 54 años;Ambos sexos;Valor absoluto;2006T1;122,3
De 50 a 54 años;Ambos sexos;Valor absoluto;2005T4;104,1
De 50 a 54 años;Ambos sexos;Valor absoluto;2005T3;103
De 50 a 54 años;Ambos sexos;Valor absoluto;2005T2;112,7
De 50 a 54 años;Ambos sexos;Valor absoluto;2005T1;118,5
De 50 a 54 años;Ambos sexos;Valor absoluto;2004T4;129,5
De 50 a 54 años;Ambos sexos;Valor absoluto;2004T3;123,4
De 50 a 54 años;Ambos sexos;Valor absoluto;2004T2;128,3
De 50 a 54 años;Ambos sexos;Valor absoluto;2004T1;127,1
De 50 a 54 años;Ambos sexos;Valor absoluto;2003T4;124,5
De 50 a 54 años;Ambos sexos;Valor absoluto;2003T3;116,9
De 50 a 54 años;Ambos sexos;Valor absoluto;2003T2;118,6
De 50 a 54 años;Ambos sexos;Valor absoluto;2003T1;134,4
De 50 a 54 años;Ambos sexos;Valor absoluto;2002T4;121,6
De 50 a 54 años;Ambos sexos;Valor absoluto;2002T3;123,8
De 50 a 54 años;Ambos sexos;Valor absoluto;2002T2;126,9
De 50 a 54 años;Ambos sexos;Valor absoluto;2002T1;121,7
De 50 a 54 años;Ambos sexos;Porcentaje;2026T1;10,3
De 50 a 54 años;Ambos sexos;Porcentaje;2025T4;10,3
De 50 a 54 años;Ambos sexos;Porcentaje;2025T3;10,5
De 50 a 54 años;Ambos sexos;Porcentaje;2025T2;11,1
De 50 a 54 años;Ambos sexos;Porcentaje;2025T1;10,7
De 50 a 54 años;Ambos sexos;Porcentaje;2024T4;11,3
De 50 a 54 años;Ambos sexos;Porcentaje;2024T3;11
De 50 a 54 años;Ambos sexos;Porcentaje;2024T2;11,4
De 50 a 54 años;Ambos sexos;Porcentaje;2024T1;10,8
De 50 a 54 años;Ambos sexos;Porcentaje;2023T4;10,6
De 50 a 54 años;Ambos sexos;Porcentaje;2023T3;10,9
De 50 a 54 años;Ambos sexos;Porcentaje;2023T2;11
De 50 a 54 años;Ambos sexos;Porcentaje;2023T1;11,5
De 50 a 54 años;Ambos sexos;Porcentaje;2022T4;12,3
De 50 a 54 años;Ambos sexos;Porcentaje;2022T3;12,3
De 50 a 54 años;Ambos sexos;Porcentaje;2022T2;12,5
De 50 a 54 años;Ambos sexos;Porcentaje;2022T1;12,6
De 50 a 54 años;Ambos sexos;Porcentaje;2021T4;11,7
De 50 a 54 años;Ambos sexos;Porcentaje;2021T3;10,8
De 50 a 54 años;Ambos sexos;Porcentaje;2021T2;10,7
De 50 a 54 años;Ambos sexos;Porcentaje;2021T1;10,6
De 50 a 54 años;Ambos sexos;Porcentaje;2020T4;10,6
De 50 a 54 años;Ambos sexos;Porcentaje;2020T3;9,9
De 50 a 54 años;Ambos sexos;Porcentaje;2020T2;10,2
De 50 a 54 años;Ambos sexos;Porcentaje;2020T1;11,2
De 50 a 54 años;Ambos sexos;Porcentaje;2019T4;11,2
De 50 a 54 años;Ambos sexos;Porcentaje;2019T3;11,4
De 50 a 54 años;Ambos sexos;Porcentaje;2019T2;12
De 50 a 54 años;Ambos sexos;Porcentaje;2019T1;11,9
De 50 a 54 años;Ambos sexos;Porcentaje;2018T4;11,6
De 50 a 54 años;Ambos sexos;Porcentaje;2018T3;11,3
De 50 a 54 años;Ambos sexos;Porcentaje;2018T2;11,4
De 50 a 54 años;Ambos sexos;Porcentaje;2018T1;11,8
De 50 a 54 años;Ambos sexos;Porcentaje;2017T4;11,3
De 50 a 54 años;Ambos sexos;Porcentaje;2017T3;11
De 50 a 54 años;Ambos sexos;Porcentaje;2017T2;11,3
De 50 a 54 años;Ambos sexos;Porcentaje;2017T1;11,3
De 50 a 54 años;Ambos sexos;Porcentaje;2016T4;11,1
De 50 a 54 años;Ambos sexos;Porcentaje;2016T3;11
De 50 a 54 años;Ambos sexos;Porcentaje;2016T2;11,2
De 50 a 54 años;Ambos sexos;Porcentaje;2016T1;10,6
De 50 a 54 años;Ambos sexos;Porcentaje;2015T4;10,4
De 50 a 54 años;Ambos sexos;Porcentaje;2015T3;10,6
De 50 a 54 años;Ambos sexos;Porcentaje;2015T2;10,4
De 50 a 54 años;Ambos sexos;Porcentaje;2015T1;10,2
De 50 a 54 años;Ambos sexos;Porcentaje;2014T4;10,1
De 50 a 54 años;Ambos sexos;Porcentaje;2014T3;9,9
De 50 a 54 años;Ambos sexos;Porcentaje;2014T2;10
De 50 a 54 años;Ambos sexos;Porcentaje;2014T1;9,7
De 50 a 54 años;Ambos sexos;Porcentaje;2013T4;9,9
De 50 a 54 años;Ambos sexos;Porcentaje;2013T3;9,5
De 50 a 54 años;Ambos sexos;Porcentaje;2013T2;9
De 50 a 54 años;Ambos sexos;Porcentaje;2013T1;8,8
De 50 a 54 años;Ambos sexos;Porcentaje;2012T4;8,6
De 50 a 54 años;Ambos sexos;Porcentaje;2012T3;9
De 50 a 54 años;Ambos sexos;Porcentaje;2012T2;8,7
De 50 a 54 años;Ambos sexos;Porcentaje;2012T1;8,7
De 50 a 54 años;Ambos sexos;Porcentaje;2011T4;8,2
De 50 a 54 años;Ambos sexos;Porcentaje;2011T3;8,2
De 50 a 54 años;Ambos sexos;Porcentaje;2011T2;8
De 50 a 54 años;Ambos sexos;Porcentaje;2011T1;7,8
De 50 a 54 años;Ambos sexos;Porcentaje;2010T4;8
De 50 a 54 años;Ambos sexos;Porcentaje;2010T3;7,3
De 50 a 54 años;Ambos sexos;Porcentaje;2010T2;7,7
De 50 a 54 años;Ambos sexos;Porcentaje;2010T1;7,3
De 50 a 54 años;Ambos sexos;Porcentaje;2009T4;7,2
De 50 a 54 años;Ambos sexos;Porcentaje;2009T3;6,8
De 50 a 54 años;Ambos sexos;Porcentaje;2009T2;6,9
De 50 a 54 años;Ambos sexos;Porcentaje;2009T1;6,7
De 50 a 54 años;Ambos sexos;Porcentaje;2008T4;6,5
De 50 a 54 años;Ambos sexos;Porcentaje;2008T3;6,6
De 50 a 54 años;Ambos sexos;Porcentaje;2008T2;6,9
De 50 a 54 años;Ambos sexos;Porcentaje;2008T1;7,2
De 50 a 54 años;Ambos sexos;Porcentaje;2007T4;7,2
De 50 a 54 años;Ambos sexos;Porcentaje;2007T3;6,7
De 50 a 54 años;Ambos sexos;Porcentaje;2007T2;7,2
De 50 a 54 años;Ambos sexos;Porcentaje;2007T1;7
De 50 a 54 años;Ambos sexos;Porcentaje;2006T4;6,6
De 50 a 54 años;Ambos sexos;Porcentaje;2006T3;6,3
De 50 a 54 años;Ambos sexos;Porcentaje;2006T2;6,3
De 50 a 54 años;Ambos sexos;Porcentaje;2006T1;6,3
De 50 a 54 años;Ambos sexos;Porcentaje;2005T4;5,6
De 50 a 54 años;Ambos sexos;Porcentaje;2005T3;5,8
De 50 a 54 años;Ambos sexos;Porcentaje;2005T2;5,7
De 50 a 54 años;Ambos sexos;Porcentaje;2005T1;5,6
De 50 a 54 años;Ambos sexos;Porcentaje;2004T4;5,9
De 50 a 54 años;Ambos sexos;Porcentaje;2004T3;5,6
De 50 a 54 años;Ambos sexos;Porcentaje;2004T2;5,7
De 50 a 54 años;Ambos sexos;Porcentaje;2004T1;5,5
De 50 a 54 años;Ambos sexos;Porcentaje;2003T4;5,5
De 50 a 54 años;Ambos sexos;Porcentaje;2003T3;5,2
De 50 a 54 años;Ambos sexos;Porcentaje;2003T2;5,3
De 50 a 54 años;Ambos sexos;Porcentaje;2003T1;5,8
De 50 a 54 años;Ambos sexos;Porcentaje;2002T4;5,4
De 50 a 54 años;Ambos sexos;Porcentaje;2002T3;5,6
De 50 a 54 años;Ambos sexos;Porcentaje;2002T2;6
De 50 a 54 años;Ambos sexos;Porcentaje;2002T1;5,7
De 50 a 54 años;Hombres;Valor absoluto;2026T1;107,6
De 50 a 54 años;Hombres;Valor absoluto;2025T4;90,8
De 50 a 54 años;Hombres;Valor absoluto;2025T3;96,5
De 50 a 54 años;Hombres;Valor absoluto;2025T2;118,8
De 50 a 54 años;Hombres;Valor absoluto;2025T1;124,9
De 50 a 54 años;Hombres;Valor absoluto;2024T4;128,4
De 50 a 54 años;Hombres;Valor absoluto;2024T3;131,9
De 50 a 54 años;Hombres;Valor absoluto;2024T2;135,5
De 50 a 54 años;Hombres;Valor absoluto;2024T1;141,7
De 50 a 54 años;Hombres;Valor absoluto;2023T4;138,2
De 50 a 54 años;Hombres;Valor absoluto;2023T3;132,9
De 50 a 54 años;Hombres;Valor absoluto;2023T2;134,5
De 50 a 54 años;Hombres;Valor absoluto;2023T1;147,4
De 50 a 54 años;Hombres;Valor absoluto;2022T4;162,9
De 50 a 54 años;Hombres;Valor absoluto;2022T3;165
De 50 a 54 años;Hombres;Valor absoluto;2022T2;163
De 50 a 54 años;Hombres;Valor absoluto;2022T1;186,9
De 50 a 54 años;Hombres;Valor absoluto;2021T4;164,3
De 50 a 54 años;Hombres;Valor absoluto;2021T3;154,8
De 50 a 54 años;Hombres;Valor absoluto;2021T2;167,4
De 50 a 54 años;Hombres;Valor absoluto;2021T1;181,1
De 50 a 54 años;Hombres;Valor absoluto;2020T4;175,6
De 50 a 54 años;Hombres;Valor absoluto;2020T3;173,3
De 50 a 54 años;Hombres;Valor absoluto;2020T2;167
De 50 a 54 años;Hombres;Valor absoluto;2020T1;175,2
De 50 a 54 años;Hombres;Valor absoluto;2019T4;158,2
De 50 a 54 años;Hombres;Valor absoluto;2019T3;160
De 50 a 54 años;Hombres;Valor absoluto;2019T2;179,3
De 50 a 54 años;Hombres;Valor absoluto;2019T1;179,1
De 50 a 54 años;Hombres;Valor absoluto;2018T4;177,5
De 50 a 54 años;Hombres;Valor absoluto;2018T3;178,7
De 50 a 54 años;Hombres;Valor absoluto;2018T2;184,9
De 50 a 54 años;Hombres;Valor absoluto;2018T1;216,7
De 50 a 54 años;Hombres;Valor absoluto;2017T4;201,2
De 50 a 54 años;Hombres;Valor absoluto;2017T3;195,7
De 50 a 54 años;Hombres;Valor absoluto;2017T2;211,7
De 50 a 54 años;Hombres;Valor absoluto;2017T1;236,7
De 50 a 54 años;Hombres;Valor absoluto;2016T4;226,4
De 50 a 54 años;Hombres;Valor absoluto;2016T3;228,4
De 50 a 54 años;Hombres;Valor absoluto;2016T2;255,8
De 50 a 54 años;Hombres;Valor absoluto;2016T1;258,2
De 50 a 54 años;Hombres;Valor absoluto;2015T4;251,1
De 50 a 54 años;Hombres;Valor absoluto;2015T3;272,1
De 50 a 54 años;Hombres;Valor absoluto;2015T2;277,7
De 50 a 54 años;Hombres;Valor absoluto;2015T1;295,2
De 50 a 54 años;Hombres;Valor absoluto;2014T4;291,7
De 50 a 54 años;Hombres;Valor absoluto;2014T3;275,6
De 50 a 54 años;Hombres;Valor absoluto;2014T2;295,1
De 50 a 54 años;Hombres;Valor absoluto;2014T1;313,9
De 50 a 54 años;Hombres;Valor absoluto;2013T4;310,6
De 50 a 54 años;Hombres;Valor absoluto;2013T3;298,2
De 50 a 54 años;Hombres;Valor absoluto;2013T2;293,5
De 50 a 54 años;Hombres;Valor absoluto;2013T1;308,5
De 50 a 54 años;Hombres;Valor absoluto;2012T4;280,3
De 50 a 54 años;Hombres;Valor absoluto;2012T3;288,9
De 50 a 54 años;Hombres;Valor absoluto;2012T2;280,7
De 50 a 54 años;Hombres;Valor absoluto;2012T1;267,6
De 50 a 54 años;Hombres;Valor absoluto;2011T4;244
De 50 a 54 años;Hombres;Valor absoluto;2011T3;222,9
De 50 a 54 años;Hombres;Valor absoluto;2011T2;215,8
De 50 a 54 años;Hombres;Valor absoluto;2011T1;215,2
De 50 a 54 años;Hombres;Valor absoluto;2010T4;210
De 50 a 54 años;Hombres;Valor absoluto;2010T3;185,5
De 50 a 54 años;Hombres;Valor absoluto;2010T2;196,2
De 50 a 54 años;Hombres;Valor absoluto;2010T1;193,3
De 50 a 54 años;Hombres;Valor absoluto;2009T4;175,1
De 50 a 54 años;Hombres;Valor absoluto;2009T3;156,2
De 50 a 54 años;Hombres;Valor absoluto;2009T2;146,9
De 50 a 54 años;Hombres;Valor absoluto;2009T1;133,4
De 50 a 54 años;Hombres;Valor absoluto;2008T4;105,7
De 50 a 54 años;Hombres;Valor absoluto;2008T3;85,4
De 50 a 54 años;Hombres;Valor absoluto;2008T2;78,1
De 50 a 54 años;Hombres;Valor absoluto;2008T1;74,1
De 50 a 54 años;Hombres;Valor absoluto;2007T4;67,4
De 50 a 54 años;Hombres;Valor absoluto;2007T3;52,2
De 50 a 54 años;Hombres;Valor absoluto;2007T2;55
De 50 a 54 años;Hombres;Valor absoluto;2007T1;57,8
De 50 a 54 años;Hombres;Valor absoluto;2006T4;47,8
De 50 a 54 años;Hombres;Valor absoluto;2006T3;41,3
De 50 a 54 años;Hombres;Valor absoluto;2006T2;46,5
De 50 a 54 años;Hombres;Valor absoluto;2006T1;52
De 50 a 54 años;Hombres;Valor absoluto;2005T4;50,1
De 50 a 54 años;Hombres;Valor absoluto;2005T3;47,9
De 50 a 54 años;Hombres;Valor absoluto;2005T2;61,5
De 50 a 54 años;Hombres;Valor absoluto;2005T1;55,9
De 50 a 54 años;Hombres;Valor absoluto;2004T4;63
De 50 a 54 años;Hombres;Valor absoluto;2004T3;58,9
De 50 a 54 años;Hombres;Valor absoluto;2004T2;59,1
De 50 a 54 años;Hombres;Valor absoluto;2004T1;60,5
De 50 a 54 años;Hombres;Valor absoluto;2003T4;64,4
De 50 a 54 años;Hombres;Valor absoluto;2003T3;56,3
De 50 a 54 años;Hombres;Valor absoluto;2003T2;57,9
De 50 a 54 años;Hombres;Valor absoluto;2003T1;62,1
De 50 a 54 años;Hombres;Valor absoluto;2002T4;60,4
De 50 a 54 años;Hombres;Valor absoluto;2002T3;56
De 50 a 54 años;Hombres;Valor absoluto;2002T2;60,1
De 50 a 54 años;Hombres;Valor absoluto;2002T1;55,5
De 50 a 54 años;Hombres;Porcentaje;2026T1;8,6
De 50 a 54 años;Hombres;Porcentaje;2025T4;7,9
De 50 a 54 años;Hombres;Porcentaje;2025T3;8,2
De 50 a 54 años;Hombres;Porcentaje;2025T2;9,9
De 50 a 54 años;Hombres;Porcentaje;2025T1;9,5
De 50 a 54 años;Hombres;Porcentaje;2024T4;10,4
De 50 a 54 años;Hombres;Porcentaje;2024T3;10,1
De 50 a 54 años;Hombres;Porcentaje;2024T2;10,4
De 50 a 54 años;Hombres;Porcentaje;2024T1;10,1
De 50 a 54 años;Hombres;Porcentaje;2023T4;10,4
De 50 a 54 años;Hombres;Porcentaje;2023T3;10
De 50 a 54 años;Hombres;Porcentaje;2023T2;10,3
De 50 a 54 años;Hombres;Porcentaje;2023T1;10,1
De 50 a 54 años;Hombres;Porcentaje;2022T4;11,3
De 50 a 54 años;Hombres;Porcentaje;2022T3;12,1
De 50 a 54 años;Hombres;Porcentaje;2022T2;11,6
De 50 a 54 años;Hombres;Porcentaje;2022T1;12,4
De 50 a 54 años;Hombres;Porcentaje;2021T4;11,1
De 50 a 54 años;Hombres;Porcentaje;2021T3;9,4
De 50 a 54 años;Hombres;Porcentaje;2021T2;10
De 50 a 54 años;Hombres;Porcentaje;2021T1;10,4
De 50 a 54 años;Hombres;Porcentaje;2020T4;10,2
De 50 a 54 años;Hombres;Porcentaje;2020T3;9,9
De 50 a 54 años;Hombres;Porcentaje;2020T2;10
De 50 a 54 años;Hombres;Porcentaje;2020T1;11,2
De 50 a 54 años;Hombres;Porcentaje;2019T4;10,5
De 50 a 54 años;Hombres;Porcentaje;2019T3;10,7
De 50 a 54 años;Hombres;Porcentaje;2019T2;11,7
De 50 a 54 años;Hombres;Porcentaje;2019T1;11,4
De 50 a 54 años;Hombres;Porcentaje;2018T4;11,3
De 50 a 54 años;Hombres;Porcentaje;2018T3;11,1
De 50 a 54 años;Hombres;Porcentaje;2018T2;11
De 50 a 54 años;Hombres;Porcentaje;2018T1;11,8
De 50 a 54 años;Hombres;Porcentaje;2017T4;11,1
De 50 a 54 años;Hombres;Porcentaje;2017T3;10,8
De 50 a 54 años;Hombres;Porcentaje;2017T2;11,1
De 50 a 54 años;Hombres;Porcentaje;2017T1;11,3
De 50 a 54 años;Hombres;Porcentaje;2016T4;10,8
De 50 a 54 años;Hombres;Porcentaje;2016T3;10,7
De 50 a 54 años;Hombres;Porcentaje;2016T2;11,4
De 50 a 54 años;Hombres;Porcentaje;2016T1;10,9
De 50 a 54 años;Hombres;Porcentaje;2015T4;10,5
De 50 a 54 años;Hombres;Porcentaje;2015T3;11,1
De 50 a 54 años;Hombres;Porcentaje;2015T2;10,7
De 50 a 54 años;Hombres;Porcentaje;2015T1;10,5
De 50 a 54 años;Hombres;Porcentaje;2014T4;10,3
De 50 a 54 años;Hombres;Porcentaje;2014T3;9,9
De 50 a 54 años;Hombres;Porcentaje;2014T2;10,1
De 50 a 54 años;Hombres;Porcentaje;2014T1;10,1
De 50 a 54 años;Hombres;Porcentaje;2013T4;10
De 50 a 54 años;Hombres;Porcentaje;2013T3;9,4
De 50 a 54 años;Hombres;Porcentaje;2013T2;9,2
De 50 a 54 años;Hombres;Porcentaje;2013T1;9,2
De 50 a 54 años;Hombres;Porcentaje;2012T4;8,7
De 50 a 54 años;Hombres;Porcentaje;2012T3;9,2
De 50 a 54 años;Hombres;Porcentaje;2012T2;9
De 50 a 54 años;Hombres;Porcentaje;2012T1;8,8
De 50 a 54 años;Hombres;Porcentaje;2011T4;8,5
De 50 a 54 años;Hombres;Porcentaje;2011T3;8,3
De 50 a 54 años;Hombres;Porcentaje;2011T2;8,2
De 50 a 54 años;Hombres;Porcentaje;2011T1;8,1
De 50 a 54 años;Hombres;Porcentaje;2010T4;8,2
De 50 a 54 años;Hombres;Porcentaje;2010T3;7,5
De 50 a 54 años;Hombres;Porcentaje;2010T2;7,7
De 50 a 54 años;Hombres;Porcentaje;2010T1;7,6
De 50 a 54 años;Hombres;Porcentaje;2009T4;7,3
De 50 a 54 años;Hombres;Porcentaje;2009T3;6,8
De 50 a 54 años;Hombres;Porcentaje;2009T2;6,4
De 50 a 54 años;Hombres;Porcentaje;2009T1;6
De 50 a 54 años;Hombres;Porcentaje;2008T4;6,2
De 50 a 54 años;Hombres;Porcentaje;2008T3;6,3
De 50 a 54 años;Hombres;Porcentaje;2008T2;6,6
De 50 a 54 años;Hombres;Porcentaje;2008T1;7,2
De 50 a 54 años;Hombres;Porcentaje;2007T4;7,5
De 50 a 54 años;Hombres;Porcentaje;2007T3;6,4
De 50 a 54 años;Hombres;Porcentaje;2007T2;6,9
De 50 a 54 años;Hombres;Porcentaje;2007T1;7,2
De 50 a 54 años;Hombres;Porcentaje;2006T4;6,2
De 50 a 54 años;Hombres;Porcentaje;2006T3;5,4
De 50 a 54 años;Hombres;Porcentaje;2006T2;5,8
De 50 a 54 años;Hombres;Porcentaje;2006T1;6,1
De 50 a 54 años;Hombres;Porcentaje;2005T4;6
De 50 a 54 años;Hombres;Porcentaje;2005T3;5,9
De 50 a 54 años;Hombres;Porcentaje;2005T2;6,7
De 50 a 54 años;Hombres;Porcentaje;2005T1;5,8
De 50 a 54 años;Hombres;Porcentaje;2004T4;6,6
De 50 a 54 años;Hombres;Porcentaje;2004T3;6
De 50 a 54 años;Hombres;Porcentaje;2004T2;6
De 50 a 54 años;Hombres;Porcentaje;2004T1;5,9
De 50 a 54 años;Hombres;Porcentaje;2003T4;6,3
De 50 a 54 años;Hombres;Porcentaje;2003T3;5,7
De 50 a 54 años;Hombres;Porcentaje;2003T2;6
De 50 a 54 años;Hombres;Porcentaje;2003T1;6,1
De 50 a 54 años;Hombres;Porcentaje;2002T4;6,1
De 50 a 54 años;Hombres;Porcentaje;2002T3;5,9
De 50 a 54 años;Hombres;Porcentaje;2002T2;6,8
De 50 a 54 años;Hombres;Porcentaje;2002T1;5,9
De 50 a 54 años;Mujeres;Valor absoluto;2026T1;172,5
De 50 a 54 años;Mujeres;Valor absoluto;2025T4;163,2
De 50 a 54 años;Mujeres;Valor absoluto;2025T3;179
De 50 a 54 años;Mujeres;Valor absoluto;2025T2;163,7
De 50 a 54 años;Mujeres;Valor absoluto;2025T1;172,8
De 50 a 54 años;Mujeres;Valor absoluto;2024T4;166
De 50 a 54 años;Mujeres;Valor absoluto;2024T3;170,4
De 50 a 54 años;Mujeres;Valor absoluto;2024T2;177,3
De 50 a 54 años;Mujeres;Valor absoluto;2024T1;180,9
De 50 a 54 años;Mujeres;Valor absoluto;2023T4;166,2
De 50 a 54 años;Mujeres;Valor absoluto;2023T3;182,6
De 50 a 54 años;Mujeres;Valor absoluto;2023T2;174,4
De 50 a 54 años;Mujeres;Valor absoluto;2023T1;218
De 50 a 54 años;Mujeres;Valor absoluto;2022T4;217,1
De 50 a 54 años;Mujeres;Valor absoluto;2022T3;207,2
De 50 a 54 años;Mujeres;Valor absoluto;2022T2;210,8
De 50 a 54 años;Mujeres;Valor absoluto;2022T1;219,1
De 50 a 54 años;Mujeres;Valor absoluto;2021T4;202,9
De 50 a 54 años;Mujeres;Valor absoluto;2021T3;220,2
De 50 a 54 años;Mujeres;Valor absoluto;2021T2;215
De 50 a 54 años;Mujeres;Valor absoluto;2021T1;212,2
De 50 a 54 años;Mujeres;Valor absoluto;2020T4;218,9
De 50 a 54 años;Mujeres;Valor absoluto;2020T3;194,7
De 50 a 54 años;Mujeres;Valor absoluto;2020T2;176,5
De 50 a 54 años;Mujeres;Valor absoluto;2020T1;196,3
De 50 a 54 años;Mujeres;Valor absoluto;2019T4;200
De 50 a 54 años;Mujeres;Valor absoluto;2019T3;207,9
De 50 a 54 años;Mujeres;Valor absoluto;2019T2;208,8
De 50 a 54 años;Mujeres;Valor absoluto;2019T1;218,9
De 50 a 54 años;Mujeres;Valor absoluto;2018T4;204,7
De 50 a 54 años;Mujeres;Valor absoluto;2018T3;197,3
De 50 a 54 años;Mujeres;Valor absoluto;2018T2;212,9
De 50 a 54 años;Mujeres;Valor absoluto;2018T1;229,3
De 50 a 54 años;Mujeres;Valor absoluto;2017T4;223,5
De 50 a 54 años;Mujeres;Valor absoluto;2017T3;214,6
De 50 a 54 años;Mujeres;Valor absoluto;2017T2;232,2
De 50 a 54 años;Mujeres;Valor absoluto;2017T1;245,8
De 50 a 54 años;Mujeres;Valor absoluto;2016T4;243,9
De 50 a 54 años;Mujeres;Valor absoluto;2016T3;245,8
De 50 a 54 años;Mujeres;Valor absoluto;2016T2;257,7
De 50 a 54 años;Mujeres;Valor absoluto;2016T1;252
De 50 a 54 años;Mujeres;Valor absoluto;2015T4;245,9
De 50 a 54 años;Mujeres;Valor absoluto;2015T3;240,5
De 50 a 54 años;Mujeres;Valor absoluto;2015T2;260
De 50 a 54 años;Mujeres;Valor absoluto;2015T1;262,5
De 50 a 54 años;Mujeres;Valor absoluto;2014T4;261,5
De 50 a 54 años;Mujeres;Valor absoluto;2014T3;264
De 50 a 54 años;Mujeres;Valor absoluto;2014T2;266,4
De 50 a 54 años;Mujeres;Valor absoluto;2014T1;263,4
De 50 a 54 años;Mujeres;Valor absoluto;2013T4;274,2
De 50 a 54 años;Mujeres;Valor absoluto;2013T3;266,7
De 50 a 54 años;Mujeres;Valor absoluto;2013T2;252,7
De 50 a 54 años;Mujeres;Valor absoluto;2013T1;245,2
De 50 a 54 años;Mujeres;Valor absoluto;2012T4;240,1
De 50 a 54 años;Mujeres;Valor absoluto;2012T3;233
De 50 a 54 años;Mujeres;Valor absoluto;2012T2;218,3
De 50 a 54 años;Mujeres;Valor absoluto;2012T1;225,3
De 50 a 54 años;Mujeres;Valor absoluto;2011T4;189,4
De 50 a 54 años;Mujeres;Valor absoluto;2011T3;189
De 50 a 54 años;Mujeres;Valor absoluto;2011T2;170,5
De 50 a 54 años;Mujeres;Valor absoluto;2011T1;170,7
De 50 a 54 años;Mujeres;Valor absoluto;2010T4;167,3
De 50 a 54 años;Mujeres;Valor absoluto;2010T3;147,4
De 50 a 54 años;Mujeres;Valor absoluto;2010T2;162,2
De 50 a 54 años;Mujeres;Valor absoluto;2010T1;144,9
De 50 a 54 años;Mujeres;Valor absoluto;2009T4;134,9
De 50 a 54 años;Mujeres;Valor absoluto;2009T3;123,6
De 50 a 54 años;Mujeres;Valor absoluto;2009T2;138,2
De 50 a 54 años;Mujeres;Valor absoluto;2009T1;134
De 50 a 54 años;Mujeres;Valor absoluto;2008T4;104
De 50 a 54 años;Mujeres;Valor absoluto;2008T3;85
De 50 a 54 años;Mujeres;Valor absoluto;2008T2;86,7
De 50 a 54 años;Mujeres;Valor absoluto;2008T1;84,2
De 50 a 54 años;Mujeres;Valor absoluto;2007T4;71,7
De 50 a 54 años;Mujeres;Valor absoluto;2007T3;69,2
De 50 a 54 años;Mujeres;Valor absoluto;2007T2;73,3
De 50 a 54 años;Mujeres;Valor absoluto;2007T1;72,4
De 50 a 54 años;Mujeres;Valor absoluto;2006T4;71,7
De 50 a 54 años;Mujeres;Valor absoluto;2006T3;70,1
De 50 a 54 años;Mujeres;Valor absoluto;2006T2;69,2
De 50 a 54 años;Mujeres;Valor absoluto;2006T1;70,3
De 50 a 54 años;Mujeres;Valor absoluto;2005T4;54
De 50 a 54 años;Mujeres;Valor absoluto;2005T3;55,1
De 50 a 54 años;Mujeres;Valor absoluto;2005T2;51,2
De 50 a 54 años;Mujeres;Valor absoluto;2005T1;62,6
De 50 a 54 años;Mujeres;Valor absoluto;2004T4;66,4
De 50 a 54 años;Mujeres;Valor absoluto;2004T3;64,6
De 50 a 54 años;Mujeres;Valor absoluto;2004T2;69,2
De 50 a 54 años;Mujeres;Valor absoluto;2004T1;66,6
De 50 a 54 años;Mujeres;Valor absoluto;2003T4;60,1
De 50 a 54 años;Mujeres;Valor absoluto;2003T3;60,6
De 50 a 54 años;Mujeres;Valor absoluto;2003T2;60,6
De 50 a 54 años;Mujeres;Valor absoluto;2003T1;72,4
De 50 a 54 años;Mujeres;Valor absoluto;2002T4;61,1
De 50 a 54 años;Mujeres;Valor absoluto;2002T3;67,8
De 50 a 54 años;Mujeres;Valor absoluto;2002T2;66,9
De 50 a 54 años;Mujeres;Valor absoluto;2002T1;66,2
De 50 a 54 años;Mujeres;Porcentaje;2026T1;11,8
De 50 a 54 años;Mujeres;Porcentaje;2025T4;12,3
De 50 a 54 años;Mujeres;Porcentaje;2025T3;12,5
De 50 a 54 años;Mujeres;Porcentaje;2025T2;12,1
De 50 a 54 años;Mujeres;Porcentaje;2025T1;11,7
De 50 a 54 años;Mujeres;Porcentaje;2024T4;12,2
De 50 a 54 años;Mujeres;Porcentaje;2024T3;11,8
De 50 a 54 años;Mujeres;Porcentaje;2024T2;12,2
De 50 a 54 años;Mujeres;Porcentaje;2024T1;11,5
De 50 a 54 años;Mujeres;Porcentaje;2023T4;10,9
De 50 a 54 años;Mujeres;Porcentaje;2023T3;11,7
De 50 a 54 años;Mujeres;Porcentaje;2023T2;11,6
De 50 a 54 años;Mujeres;Porcentaje;2023T1;12,7
De 50 a 54 años;Mujeres;Porcentaje;2022T4;13,2
De 50 a 54 años;Mujeres;Porcentaje;2022T3;12,5
De 50 a 54 años;Mujeres;Porcentaje;2022T2;13,2
De 50 a 54 años;Mujeres;Porcentaje;2022T1;12,9
De 50 a 54 años;Mujeres;Porcentaje;2021T4;12,2
De 50 a 54 años;Mujeres;Porcentaje;2021T3;12,1
De 50 a 54 años;Mujeres;Porcentaje;2021T2;11,3
De 50 a 54 años;Mujeres;Porcentaje;2021T1;10,8
De 50 a 54 años;Mujeres;Porcentaje;2020T4;11
De 50 a 54 años;Mujeres;Porcentaje;2020T3;9,9
De 50 a 54 años;Mujeres;Porcentaje;2020T2;10,4
De 50 a 54 años;Mujeres;Porcentaje;2020T1;11,2
De 50 a 54 años;Mujeres;Porcentaje;2019T4;11,9
De 50 a 54 años;Mujeres;Porcentaje;2019T3;12,1
De 50 a 54 años;Mujeres;Porcentaje;2019T2;12,3
De 50 a 54 años;Mujeres;Porcentaje;2019T1;12,3
De 50 a 54 años;Mujeres;Porcentaje;2018T4;11,8
De 50 a 54 años;Mujeres;Porcentaje;2018T3;11,5
De 50 a 54 años;Mujeres;Porcentaje;2018T2;11,7
De 50 a 54 años;Mujeres;Porcentaje;2018T1;11,7
De 50 a 54 años;Mujeres;Porcentaje;2017T4;11,5
De 50 a 54 años;Mujeres;Porcentaje;2017T3;11,2
De 50 a 54 años;Mujeres;Porcentaje;2017T2;11,5
De 50 a 54 años;Mujeres;Porcentaje;2017T1;11,4
De 50 a 54 años;Mujeres;Porcentaje;2016T4;11,4
De 50 a 54 años;Mujeres;Porcentaje;2016T3;11,2
De 50 a 54 años;Mujeres;Porcentaje;2016T2;11,1
De 50 a 54 años;Mujeres;Porcentaje;2016T1;10,4
De 50 a 54 años;Mujeres;Porcentaje;2015T4;10,3
De 50 a 54 años;Mujeres;Porcentaje;2015T3;10,1
De 50 a 54 años;Mujeres;Porcentaje;2015T2;10,2
De 50 a 54 años;Mujeres;Porcentaje;2015T1;9,9
De 50 a 54 años;Mujeres;Porcentaje;2014T4;9,9
De 50 a 54 años;Mujeres;Porcentaje;2014T3;10
De 50 a 54 años;Mujeres;Porcentaje;2014T2;9,9
De 50 a 54 años;Mujeres;Porcentaje;2014T1;9,4
De 50 a 54 años;Mujeres;Porcentaje;2013T4;9,7
De 50 a 54 años;Mujeres;Porcentaje;2013T3;9,6
De 50 a 54 años;Mujeres;Porcentaje;2013T2;8,9
De 50 a 54 años;Mujeres;Porcentaje;2013T1;8,4
De 50 a 54 años;Mujeres;Porcentaje;2012T4;8,5
De 50 a 54 años;Mujeres;Porcentaje;2012T3;8,7
De 50 a 54 años;Mujeres;Porcentaje;2012T2;8,4
De 50 a 54 años;Mujeres;Porcentaje;2012T1;8,6
De 50 a 54 años;Mujeres;Porcentaje;2011T4;7,8
De 50 a 54 años;Mujeres;Porcentaje;2011T3;8,2
De 50 a 54 años;Mujeres;Porcentaje;2011T2;7,7
De 50 a 54 años;Mujeres;Porcentaje;2011T1;7,5
De 50 a 54 años;Mujeres;Porcentaje;2010T4;7,8
De 50 a 54 años;Mujeres;Porcentaje;2010T3;7
De 50 a 54 años;Mujeres;Porcentaje;2010T2;7,7
De 50 a 54 años;Mujeres;Porcentaje;2010T1;7
De 50 a 54 años;Mujeres;Porcentaje;2009T4;7
De 50 a 54 años;Mujeres;Porcentaje;2009T3;6,8
De 50 a 54 años;Mujeres;Porcentaje;2009T2;7,5
De 50 a 54 años;Mujeres;Porcentaje;2009T1;7,4
De 50 a 54 años;Mujeres;Porcentaje;2008T4;6,9
De 50 a 54 años;Mujeres;Porcentaje;2008T3;6,8
De 50 a 54 años;Mujeres;Porcentaje;2008T2;7,3
De 50 a 54 años;Mujeres;Porcentaje;2008T1;7,3
De 50 a 54 años;Mujeres;Porcentaje;2007T4;6,8
De 50 a 54 años;Mujeres;Porcentaje;2007T3;7
De 50 a 54 años;Mujeres;Porcentaje;2007T2;7,5
De 50 a 54 años;Mujeres;Porcentaje;2007T1;6,9
De 50 a 54 años;Mujeres;Porcentaje;2006T4;6,9
De 50 a 54 años;Mujeres;Porcentaje;2006T3;7
De 50 a 54 años;Mujeres;Porcentaje;2006T2;6,7
De 50 a 54 años;Mujeres;Porcentaje;2006T1;6,5
De 50 a 54 años;Mujeres;Porcentaje;2005T4;5,3
De 50 a 54 años;Mujeres;Porcentaje;2005T3;5,7
De 50 a 54 años;Mujeres;Porcentaje;2005T2;4,9
De 50 a 54 años;Mujeres;Porcentaje;2005T1;5,4
De 50 a 54 años;Mujeres;Porcentaje;2004T4;5,4
De 50 a 54 años;Mujeres;Porcentaje;2004T3;5,3
De 50 a 54 años;Mujeres;Porcentaje;2004T2;5,5
De 50 a 54 años;Mujeres;Porcentaje;2004T1;5,2
De 50 a 54 años;Mujeres;Porcentaje;2003T4;4,8
De 50 a 54 años;Mujeres;Porcentaje;2003T3;4,8
De 50 a 54 años;Mujeres;Porcentaje;2003T2;4,8
De 50 a 54 años;Mujeres;Porcentaje;2003T1;5,5
De 50 a 54 años;Mujeres;Porcentaje;2002T4;4,9
De 50 a 54 años;Mujeres;Porcentaje;2002T3;5,5
De 50 a 54 años;Mujeres;Porcentaje;2002T2;5,5
De 50 a 54 años;Mujeres;Porcentaje;2002T1;5,4
De 55 a 59 años;Ambos sexos;Valor absoluto;2026T1;290,7
De 55 a 59 años;Ambos sexos;Valor absoluto;2025T4;264,4
De 55 a 59 años;Ambos sexos;Valor absoluto;2025T3;277,3
De 55 a 59 años;Ambos sexos;Valor absoluto;2025T2;282,5
De 55 a 59 años;Ambos sexos;Valor absoluto;2025T1;292
De 55 a 59 años;Ambos sexos;Valor absoluto;2024T4;270,1
De 55 a 59 años;Ambos sexos;Valor absoluto;2024T3;290,7
De 55 a 59 años;Ambos sexos;Valor absoluto;2024T2;281,8
De 55 a 59 años;Ambos sexos;Valor absoluto;2024T1;303,8
De 55 a 59 años;Ambos sexos;Valor absoluto;2023T4;315,6
De 55 a 59 años;Ambos sexos;Valor absoluto;2023T3;301,5
De 55 a 59 años;Ambos sexos;Valor absoluto;2023T2;310,1
De 55 a 59 años;Ambos sexos;Valor absoluto;2023T1;326,4
De 55 a 59 años;Ambos sexos;Valor absoluto;2022T4;293,7
De 55 a 59 años;Ambos sexos;Valor absoluto;2022T3;282,5
De 55 a 59 años;Ambos sexos;Valor absoluto;2022T2;310,7
De 55 a 59 años;Ambos sexos;Valor absoluto;2022T1;325,3
De 55 a 59 años;Ambos sexos;Valor absoluto;2021T4;332
De 55 a 59 años;Ambos sexos;Valor absoluto;2021T3;369
De 55 a 59 años;Ambos sexos;Valor absoluto;2021T2;342,3
De 55 a 59 años;Ambos sexos;Valor absoluto;2021T1;352,5
De 55 a 59 años;Ambos sexos;Valor absoluto;2020T4;333,8
De 55 a 59 años;Ambos sexos;Valor absoluto;2020T3;311,8
De 55 a 59 años;Ambos sexos;Valor absoluto;2020T2;289,1
De 55 a 59 años;Ambos sexos;Valor absoluto;2020T1;318,8
De 55 a 59 años;Ambos sexos;Valor absoluto;2019T4;318,2
De 55 a 59 años;Ambos sexos;Valor absoluto;2019T3;298,7
De 55 a 59 años;Ambos sexos;Valor absoluto;2019T2;305,5
De 55 a 59 años;Ambos sexos;Valor absoluto;2019T1;317,5
De 55 a 59 años;Ambos sexos;Valor absoluto;2018T4;312,7
De 55 a 59 años;Ambos sexos;Valor absoluto;2018T3;299,6
De 55 a 59 años;Ambos sexos;Valor absoluto;2018T2;333,9
De 55 a 59 años;Ambos sexos;Valor absoluto;2018T1;360,5
De 55 a 59 años;Ambos sexos;Valor absoluto;2017T4;354
De 55 a 59 años;Ambos sexos;Valor absoluto;2017T3;344,4
De 55 a 59 años;Ambos sexos;Valor absoluto;2017T2;359,1
De 55 a 59 años;Ambos sexos;Valor absoluto;2017T1;376,1
De 55 a 59 años;Ambos sexos;Valor absoluto;2016T4;382,5
De 55 a 59 años;Ambos sexos;Valor absoluto;2016T3;377,5
De 55 a 59 años;Ambos sexos;Valor absoluto;2016T2;391,5
De 55 a 59 años;Ambos sexos;Valor absoluto;2016T1;410,1
De 55 a 59 años;Ambos sexos;Valor absoluto;2015T4;415,8
De 55 a 59 años;Ambos sexos;Valor absoluto;2015T3;414
De 55 a 59 años;Ambos sexos;Valor absoluto;2015T2;411,6
De 55 a 59 años;Ambos sexos;Valor absoluto;2015T1;419,1
De 55 a 59 años;Ambos sexos;Valor absoluto;2014T4;440,7
De 55 a 59 años;Ambos sexos;Valor absoluto;2014T3;424,8
De 55 a 59 años;Ambos sexos;Valor absoluto;2014T2;435,4
De 55 a 59 años;Ambos sexos;Valor absoluto;2014T1;420,3
De 55 a 59 años;Ambos sexos;Valor absoluto;2013T4;409,3
De 55 a 59 años;Ambos sexos;Valor absoluto;2013T3;384,9
De 55 a 59 años;Ambos sexos;Valor absoluto;2013T2;402,5
De 55 a 59 años;Ambos sexos;Valor absoluto;2013T1;399,6
De 55 a 59 años;Ambos sexos;Valor absoluto;2012T4;373,2
De 55 a 59 años;Ambos sexos;Valor absoluto;2012T3;354,2
De 55 a 59 años;Ambos sexos;Valor absoluto;2012T2;342,7
De 55 a 59 años;Ambos sexos;Valor absoluto;2012T1;336,5
De 55 a 59 años;Ambos sexos;Valor absoluto;2011T4;317,1
De 55 a 59 años;Ambos sexos;Valor absoluto;2011T3;278,3
De 55 a 59 años;Ambos sexos;Valor absoluto;2011T2;264,1
De 55 a 59 años;Ambos sexos;Valor absoluto;2011T1;266,1
De 55 a 59 años;Ambos sexos;Valor absoluto;2010T4;259,7
De 55 a 59 años;Ambos sexos;Valor absoluto;2010T3;256,2
De 55 a 59 años;Ambos sexos;Valor absoluto;2010T2;241,3
De 55 a 59 años;Ambos sexos;Valor absoluto;2010T1;244,6
De 55 a 59 años;Ambos sexos;Valor absoluto;2009T4;217,8
De 55 a 59 años;Ambos sexos;Valor absoluto;2009T3;201,6
De 55 a 59 años;Ambos sexos;Valor absoluto;2009T2;208,9
De 55 a 59 años;Ambos sexos;Valor absoluto;2009T1;185,8
De 55 a 59 años;Ambos sexos;Valor absoluto;2008T4;146,1
De 55 a 59 años;Ambos sexos;Valor absoluto;2008T3;113,1
De 55 a 59 años;Ambos sexos;Valor absoluto;2008T2;111,3
De 55 a 59 años;Ambos sexos;Valor absoluto;2008T1;103,2
De 55 a 59 años;Ambos sexos;Valor absoluto;2007T4;97,3
De 55 a 59 años;Ambos sexos;Valor absoluto;2007T3;89,5
De 55 a 59 años;Ambos sexos;Valor absoluto;2007T2;88,5
De 55 a 59 años;Ambos sexos;Valor absoluto;2007T1;89,4
De 55 a 59 años;Ambos sexos;Valor absoluto;2006T4;83,4
De 55 a 59 años;Ambos sexos;Valor absoluto;2006T3;85,6
De 55 a 59 años;Ambos sexos;Valor absoluto;2006T2;85,4
De 55 a 59 años;Ambos sexos;Valor absoluto;2006T1;97,4
De 55 a 59 años;Ambos sexos;Valor absoluto;2005T4;87,1
De 55 a 59 años;Ambos sexos;Valor absoluto;2005T3;74,7
De 55 a 59 años;Ambos sexos;Valor absoluto;2005T2;99,9
De 55 a 59 años;Ambos sexos;Valor absoluto;2005T1;98
De 55 a 59 años;Ambos sexos;Valor absoluto;2004T4;95,1
De 55 a 59 años;Ambos sexos;Valor absoluto;2004T3;93,7
De 55 a 59 años;Ambos sexos;Valor absoluto;2004T2;95,4
De 55 a 59 años;Ambos sexos;Valor absoluto;2004T1;90,5
De 55 a 59 años;Ambos sexos;Valor absoluto;2003T4;86,7
De 55 a 59 años;Ambos sexos;Valor absoluto;2003T3;99,3
De 55 a 59 años;Ambos sexos;Valor absoluto;2003T2;91,1
De 55 a 59 años;Ambos sexos;Valor absoluto;2003T1;91
De 55 a 59 años;Ambos sexos;Valor absoluto;2002T4;95,5
De 55 a 59 años;Ambos sexos;Valor absoluto;2002T3;94,4
De 55 a 59 años;Ambos sexos;Valor absoluto;2002T2;86,9
De 55 a 59 años;Ambos sexos;Valor absoluto;2002T1;88,4
De 55 a 59 años;Ambos sexos;Porcentaje;2026T1;10,7
De 55 a 59 años;Ambos sexos;Porcentaje;2025T4;10,7
De 55 a 59 años;Ambos sexos;Porcentaje;2025T3;10,6
De 55 a 59 años;Ambos sexos;Porcentaje;2025T2;11,1
De 55 a 59 años;Ambos sexos;Porcentaje;2025T1;10,5
De 55 a 59 años;Ambos sexos;Porcentaje;2024T4;10,4
De 55 a 59 años;Ambos sexos;Porcentaje;2024T3;10,6
De 55 a 59 años;Ambos sexos;Porcentaje;2024T2;10,2
De 55 a 59 años;Ambos sexos;Porcentaje;2024T1;10,2
De 55 a 59 años;Ambos sexos;Porcentaje;2023T4;11
De 55 a 59 años;Ambos sexos;Porcentaje;2023T3;10,4
De 55 a 59 años;Ambos sexos;Porcentaje;2023T2;11
De 55 a 59 años;Ambos sexos;Porcentaje;2023T1;10,2
De 55 a 59 años;Ambos sexos;Porcentaje;2022T4;9,5
De 55 a 59 años;Ambos sexos;Porcentaje;2022T3;9,3
De 55 a 59 años;Ambos sexos;Porcentaje;2022T2;10,4
De 55 a 59 años;Ambos sexos;Porcentaje;2022T1;10,1
De 55 a 59 años;Ambos sexos;Porcentaje;2021T4;10,5
De 55 a 59 años;Ambos sexos;Porcentaje;2021T3;10,6
De 55 a 59 años;Ambos sexos;Porcentaje;2021T2;9,5
De 55 a 59 años;Ambos sexos;Porcentaje;2021T1;9,5
De 55 a 59 años;Ambos sexos;Porcentaje;2020T4;9
De 55 a 59 años;Ambos sexos;Porcentaje;2020T3;8,4
De 55 a 59 años;Ambos sexos;Porcentaje;2020T2;8,6
De 55 a 59 años;Ambos sexos;Porcentaje;2020T1;9,6
De 55 a 59 años;Ambos sexos;Porcentaje;2019T4;10
De 55 a 59 años;Ambos sexos;Porcentaje;2019T3;9,3
De 55 a 59 años;Ambos sexos;Porcentaje;2019T2;9,5
De 55 a 59 años;Ambos sexos;Porcentaje;2019T1;9,5
De 55 a 59 años;Ambos sexos;Porcentaje;2018T4;9,5
De 55 a 59 años;Ambos sexos;Porcentaje;2018T3;9
De 55 a 59 años;Ambos sexos;Porcentaje;2018T2;9,6
De 55 a 59 años;Ambos sexos;Porcentaje;2018T1;9,5
De 55 a 59 años;Ambos sexos;Porcentaje;2017T4;9,4
De 55 a 59 años;Ambos sexos;Porcentaje;2017T3;9,2
De 55 a 59 años;Ambos sexos;Porcentaje;2017T2;9,2
De 55 a 59 años;Ambos sexos;Porcentaje;2017T1;8,8
De 55 a 59 años;Ambos sexos;Porcentaje;2016T4;9
De 55 a 59 años;Ambos sexos;Porcentaje;2016T3;8,7
De 55 a 59 años;Ambos sexos;Porcentaje;2016T2;8,6
De 55 a 59 años;Ambos sexos;Porcentaje;2016T1;8,6
De 55 a 59 años;Ambos sexos;Porcentaje;2015T4;8,7
De 55 a 59 años;Ambos sexos;Porcentaje;2015T3;8,5
De 55 a 59 años;Ambos sexos;Porcentaje;2015T2;8
De 55 a 59 años;Ambos sexos;Porcentaje;2015T1;7,7
De 55 a 59 años;Ambos sexos;Porcentaje;2014T4;8,1
De 55 a 59 años;Ambos sexos;Porcentaje;2014T3;7,8
De 55 a 59 años;Ambos sexos;Porcentaje;2014T2;7,7
De 55 a 59 años;Ambos sexos;Porcentaje;2014T1;7,1
De 55 a 59 años;Ambos sexos;Porcentaje;2013T4;6,9
De 55 a 59 años;Ambos sexos;Porcentaje;2013T3;6,5
De 55 a 59 años;Ambos sexos;Porcentaje;2013T2;6,7
De 55 a 59 años;Ambos sexos;Porcentaje;2013T1;6,4
De 55 a 59 años;Ambos sexos;Porcentaje;2012T4;6,2
De 55 a 59 años;Ambos sexos;Porcentaje;2012T3;6,1
De 55 a 59 años;Ambos sexos;Porcentaje;2012T2;6
De 55 a 59 años;Ambos sexos;Porcentaje;2012T1;5,9
De 55 a 59 años;Ambos sexos;Porcentaje;2011T4;6
De 55 a 59 años;Ambos sexos;Porcentaje;2011T3;5,6
De 55 a 59 años;Ambos sexos;Porcentaje;2011T2;5,5
De 55 a 59 años;Ambos sexos;Porcentaje;2011T1;5,4
De 55 a 59 años;Ambos sexos;Porcentaje;2010T4;5,5
De 55 a 59 años;Ambos sexos;Porcentaje;2010T3;5,6
De 55 a 59 años;Ambos sexos;Porcentaje;2010T2;5,2
De 55 a 59 años;Ambos sexos;Porcentaje;2010T1;5,3
De 55 a 59 años;Ambos sexos;Porcentaje;2009T4;5
De 55 a 59 años;Ambos sexos;Porcentaje;2009T3;4,9
De 55 a 59 años;Ambos sexos;Porcentaje;2009T2;5
De 55 a 59 años;Ambos sexos;Porcentaje;2009T1;4,6
De 55 a 59 años;Ambos sexos;Porcentaje;2008T4;4,6
De 55 a 59 años;Ambos sexos;Porcentaje;2008T3;4,3
De 55 a 59 años;Ambos sexos;Porcentaje;2008T2;4,7
De 55 a 59 años;Ambos sexos;Porcentaje;2008T1;4,7
De 55 a 59 años;Ambos sexos;Porcentaje;2007T4;5
De 55 a 59 años;Ambos sexos;Porcentaje;2007T3;5
De 55 a 59 años;Ambos sexos;Porcentaje;2007T2;5
De 55 a 59 años;Ambos sexos;Porcentaje;2007T1;4,8
De 55 a 59 años;Ambos sexos;Porcentaje;2006T4;4,6
De 55 a 59 años;Ambos sexos;Porcentaje;2006T3;4,8
De 55 a 59 años;Ambos sexos;Porcentaje;2006T2;4,7
De 55 a 59 años;Ambos sexos;Porcentaje;2006T1;5
De 55 a 59 años;Ambos sexos;Porcentaje;2005T4;4,7
De 55 a 59 años;Ambos sexos;Porcentaje;2005T3;4,2
De 55 a 59 años;Ambos sexos;Porcentaje;2005T2;5,1
De 55 a 59 años;Ambos sexos;Porcentaje;2005T1;4,6
De 55 a 59 años;Ambos sexos;Porcentaje;2004T4;4,4
De 55 a 59 años;Ambos sexos;Porcentaje;2004T3;4,3
De 55 a 59 años;Ambos sexos;Porcentaje;2004T2;4,2
De 55 a 59 años;Ambos sexos;Porcentaje;2004T1;3,9
De 55 a 59 años;Ambos sexos;Porcentaje;2003T4;3,8
De 55 a 59 años;Ambos sexos;Porcentaje;2003T3;4,4
De 55 a 59 años;Ambos sexos;Porcentaje;2003T2;4,1
De 55 a 59 años;Ambos sexos;Porcentaje;2003T1;3,9
De 55 a 59 años;Ambos sexos;Porcentaje;2002T4;4,3
De 55 a 59 años;Ambos sexos;Porcentaje;2002T3;4,3
De 55 a 59 años;Ambos sexos;Porcentaje;2002T2;4,1
De 55 a 59 años;Ambos sexos;Porcentaje;2002T1;4,1
De 55 a 59 años;Hombres;Valor absoluto;2026T1;121
De 55 a 59 años;Hombres;Valor absoluto;2025T4;119,2
De 55 a 59 años;Hombres;Valor absoluto;2025T3;119,9
De 55 a 59 años;Hombres;Valor absoluto;2025T2;118,2
De 55 a 59 años;Hombres;Valor absoluto;2025T1;137,7
De 55 a 59 años;Hombres;Valor absoluto;2024T4;124,5
De 55 a 59 años;Hombres;Valor absoluto;2024T3;129,6
De 55 a 59 años;Hombres;Valor absoluto;2024T2;130,3
De 55 a 59 años;Hombres;Valor absoluto;2024T1;140
De 55 a 59 años;Hombres;Valor absoluto;2023T4;146,8
De 55 a 59 años;Hombres;Valor absoluto;2023T3;126,8
De 55 a 59 años;Hombres;Valor absoluto;2023T2;134,5
De 55 a 59 años;Hombres;Valor absoluto;2023T1;149,4
De 55 a 59 años;Hombres;Valor absoluto;2022T4;137,4
De 55 a 59 años;Hombres;Valor absoluto;2022T3;129,5
De 55 a 59 años;Hombres;Valor absoluto;2022T2;147,5
De 55 a 59 años;Hombres;Valor absoluto;2022T1;158,4
De 55 a 59 años;Hombres;Valor absoluto;2021T4;143,5
De 55 a 59 años;Hombres;Valor absoluto;2021T3;160,8
De 55 a 59 años;Hombres;Valor absoluto;2021T2;159
De 55 a 59 años;Hombres;Valor absoluto;2021T1;166,2
De 55 a 59 años;Hombres;Valor absoluto;2020T4;153,5
De 55 a 59 años;Hombres;Valor absoluto;2020T3;149,2
De 55 a 59 años;Hombres;Valor absoluto;2020T2;145,5
De 55 a 59 años;Hombres;Valor absoluto;2020T1;149,8
De 55 a 59 años;Hombres;Valor absoluto;2019T4;154,3
De 55 a 59 años;Hombres;Valor absoluto;2019T3;149,6
De 55 a 59 años;Hombres;Valor absoluto;2019T2;161,6
De 55 a 59 años;Hombres;Valor absoluto;2019T1;162
De 55 a 59 años;Hombres;Valor absoluto;2018T4;156,5
De 55 a 59 años;Hombres;Valor absoluto;2018T3;150,7
De 55 a 59 años;Hombres;Valor absoluto;2018T2;172
De 55 a 59 años;Hombres;Valor absoluto;2018T1;185
De 55 a 59 años;Hombres;Valor absoluto;2017T4;192,5
De 55 a 59 años;Hombres;Valor absoluto;2017T3;177,3
De 55 a 59 años;Hombres;Valor absoluto;2017T2;184,3
De 55 a 59 años;Hombres;Valor absoluto;2017T1;207,3
De 55 a 59 años;Hombres;Valor absoluto;2016T4;208,6
De 55 a 59 años;Hombres;Valor absoluto;2016T3;204,3
De 55 a 59 años;Hombres;Valor absoluto;2016T2;215,4
De 55 a 59 años;Hombres;Valor absoluto;2016T1;228,9
De 55 a 59 años;Hombres;Valor absoluto;2015T4;232,3
De 55 a 59 años;Hombres;Valor absoluto;2015T3;225,1
De 55 a 59 años;Hombres;Valor absoluto;2015T2;231,4
De 55 a 59 años;Hombres;Valor absoluto;2015T1;245,4
De 55 a 59 años;Hombres;Valor absoluto;2014T4;263,4
De 55 a 59 años;Hombres;Valor absoluto;2014T3;245,1
De 55 a 59 años;Hombres;Valor absoluto;2014T2;247,7
De 55 a 59 años;Hombres;Valor absoluto;2014T1;242,3
De 55 a 59 años;Hombres;Valor absoluto;2013T4;235,4
De 55 a 59 años;Hombres;Valor absoluto;2013T3;229,3
De 55 a 59 años;Hombres;Valor absoluto;2013T2;233,7
De 55 a 59 años;Hombres;Valor absoluto;2013T1;230,8
De 55 a 59 años;Hombres;Valor absoluto;2012T4;215
De 55 a 59 años;Hombres;Valor absoluto;2012T3;204,4
De 55 a 59 años;Hombres;Valor absoluto;2012T2;196,3
De 55 a 59 años;Hombres;Valor absoluto;2012T1;197,7
De 55 a 59 años;Hombres;Valor absoluto;2011T4;188,2
De 55 a 59 años;Hombres;Valor absoluto;2011T3;163,8
De 55 a 59 años;Hombres;Valor absoluto;2011T2;155
De 55 a 59 años;Hombres;Valor absoluto;2011T1;151,5
De 55 a 59 años;Hombres;Valor absoluto;2010T4;158,9
De 55 a 59 años;Hombres;Valor absoluto;2010T3;157,1
De 55 a 59 años;Hombres;Valor absoluto;2010T2;150,4
De 55 a 59 años;Hombres;Valor absoluto;2010T1;144,7
De 55 a 59 años;Hombres;Valor absoluto;2009T4;124,6
De 55 a 59 años;Hombres;Valor absoluto;2009T3;116,2
De 55 a 59 años;Hombres;Valor absoluto;2009T2;114,6
De 55 a 59 años;Hombres;Valor absoluto;2009T1;101,2
De 55 a 59 años;Hombres;Valor absoluto;2008T4;77,9
De 55 a 59 años;Hombres;Valor absoluto;2008T3;61,2
De 55 a 59 años;Hombres;Valor absoluto;2008T2;65,6
De 55 a 59 años;Hombres;Valor absoluto;2008T1;55,3
De 55 a 59 años;Hombres;Valor absoluto;2007T4;52,2
De 55 a 59 años;Hombres;Valor absoluto;2007T3;48,7
De 55 a 59 años;Hombres;Valor absoluto;2007T2;45,9
De 55 a 59 años;Hombres;Valor absoluto;2007T1;43,5
De 55 a 59 años;Hombres;Valor absoluto;2006T4;42
De 55 a 59 años;Hombres;Valor absoluto;2006T3;45,6
De 55 a 59 años;Hombres;Valor absoluto;2006T2;45,5
De 55 a 59 años;Hombres;Valor absoluto;2006T1;54,8
De 55 a 59 años;Hombres;Valor absoluto;2005T4;50,1
De 55 a 59 años;Hombres;Valor absoluto;2005T3;45
De 55 a 59 años;Hombres;Valor absoluto;2005T2;58,4
De 55 a 59 años;Hombres;Valor absoluto;2005T1;52,8
De 55 a 59 años;Hombres;Valor absoluto;2004T4;56,3
De 55 a 59 años;Hombres;Valor absoluto;2004T3;50,4
De 55 a 59 años;Hombres;Valor absoluto;2004T2;52,7
De 55 a 59 años;Hombres;Valor absoluto;2004T1;50,3
De 55 a 59 años;Hombres;Valor absoluto;2003T4;46,9
De 55 a 59 años;Hombres;Valor absoluto;2003T3;57,1
De 55 a 59 años;Hombres;Valor absoluto;2003T2;49,9
De 55 a 59 años;Hombres;Valor absoluto;2003T1;53,6
De 55 a 59 años;Hombres;Valor absoluto;2002T4;55,4
De 55 a 59 años;Hombres;Valor absoluto;2002T3;52,6
De 55 a 59 años;Hombres;Valor absoluto;2002T2;51
De 55 a 59 años;Hombres;Valor absoluto;2002T1;51,4
De 55 a 59 años;Hombres;Porcentaje;2026T1;9,7
De 55 a 59 años;Hombres;Porcentaje;2025T4;10,3
De 55 a 59 años;Hombres;Porcentaje;2025T3;10,2
De 55 a 59 años;Hombres;Porcentaje;2025T2;9,8
De 55 a 59 años;Hombres;Porcentaje;2025T1;10,5
De 55 a 59 años;Hombres;Porcentaje;2024T4;10,1
De 55 a 59 años;Hombres;Porcentaje;2024T3;9,9
De 55 a 59 años;Hombres;Porcentaje;2024T2;10
De 55 a 59 años;Hombres;Porcentaje;2024T1;9,9
De 55 a 59 años;Hombres;Porcentaje;2023T4;11
De 55 a 59 años;Hombres;Porcentaje;2023T3;9,5
De 55 a 59 años;Hombres;Porcentaje;2023T2;10,3
De 55 a 59 años;Hombres;Porcentaje;2023T1;10,2
De 55 a 59 años;Hombres;Porcentaje;2022T4;9,5
De 55 a 59 años;Hombres;Porcentaje;2022T3;9,5
De 55 a 59 años;Hombres;Porcentaje;2022T2;10,5
De 55 a 59 años;Hombres;Porcentaje;2022T1;10,5
De 55 a 59 años;Hombres;Porcentaje;2021T4;9,7
De 55 a 59 años;Hombres;Porcentaje;2021T3;9,8
De 55 a 59 años;Hombres;Porcentaje;2021T2;9,5
De 55 a 59 años;Hombres;Porcentaje;2021T1;9,6
De 55 a 59 años;Hombres;Porcentaje;2020T4;8,9
De 55 a 59 años;Hombres;Porcentaje;2020T3;8,5
De 55 a 59 años;Hombres;Porcentaje;2020T2;8,7
De 55 a 59 años;Hombres;Porcentaje;2020T1;9,6
De 55 a 59 años;Hombres;Porcentaje;2019T4;10,2
De 55 a 59 años;Hombres;Porcentaje;2019T3;10
De 55 a 59 años;Hombres;Porcentaje;2019T2;10,5
De 55 a 59 años;Hombres;Porcentaje;2019T1;10,3
De 55 a 59 años;Hombres;Porcentaje;2018T4;9,9
De 55 a 59 años;Hombres;Porcentaje;2018T3;9,4
De 55 a 59 años;Hombres;Porcentaje;2018T2;10,3
De 55 a 59 años;Hombres;Porcentaje;2018T1;10
De 55 a 59 años;Hombres;Porcentaje;2017T4;10,6
De 55 a 59 años;Hombres;Porcentaje;2017T3;9,8
De 55 a 59 años;Hombres;Porcentaje;2017T2;9,7
De 55 a 59 años;Hombres;Porcentaje;2017T1;9,9
De 55 a 59 años;Hombres;Porcentaje;2016T4;10
De 55 a 59 años;Hombres;Porcentaje;2016T3;9,6
De 55 a 59 años;Hombres;Porcentaje;2016T2;9,6
De 55 a 59 años;Hombres;Porcentaje;2016T1;9,6
De 55 a 59 años;Hombres;Porcentaje;2015T4;9,7
De 55 a 59 años;Hombres;Porcentaje;2015T3;9,2
De 55 a 59 años;Hombres;Porcentaje;2015T2;8,9
De 55 a 59 años;Hombres;Porcentaje;2015T1;8,8
De 55 a 59 años;Hombres;Porcentaje;2014T4;9,3
De 55 a 59 años;Hombres;Porcentaje;2014T3;8,8
De 55 a 59 años;Hombres;Porcentaje;2014T2;8,4
De 55 a 59 años;Hombres;Porcentaje;2014T1;7,8
De 55 a 59 años;Hombres;Porcentaje;2013T4;7,6
De 55 a 59 años;Hombres;Porcentaje;2013T3;7,3
De 55 a 59 años;Hombres;Porcentaje;2013T2;7,3
De 55 a 59 años;Hombres;Porcentaje;2013T1;6,9
De 55 a 59 años;Hombres;Porcentaje;2012T4;6,7
De 55 a 59 años;Hombres;Porcentaje;2012T3;6,5
De 55 a 59 años;Hombres;Porcentaje;2012T2;6,3
De 55 a 59 años;Hombres;Porcentaje;2012T1;6,5
De 55 a 59 años;Hombres;Porcentaje;2011T4;6,6
De 55 a 59 años;Hombres;Porcentaje;2011T3;6,1
De 55 a 59 años;Hombres;Porcentaje;2011T2;5,9
De 55 a 59 años;Hombres;Porcentaje;2011T1;5,7
De 55 a 59 años;Hombres;Porcentaje;2010T4;6,2
De 55 a 59 años;Hombres;Porcentaje;2010T3;6,3
De 55 a 59 años;Hombres;Porcentaje;2010T2;5,9
De 55 a 59 años;Hombres;Porcentaje;2010T1;5,7
De 55 a 59 años;Hombres;Porcentaje;2009T4;5,2
De 55 a 59 años;Hombres;Porcentaje;2009T3;5,1
De 55 a 59 años;Hombres;Porcentaje;2009T2;5
De 55 a 59 años;Hombres;Porcentaje;2009T1;4,6
De 55 a 59 años;Hombres;Porcentaje;2008T4;4,6
De 55 a 59 años;Hombres;Porcentaje;2008T3;4,5
De 55 a 59 años;Hombres;Porcentaje;2008T2;5,5
De 55 a 59 años;Hombres;Porcentaje;2008T1;5,4
De 55 a 59 años;Hombres;Porcentaje;2007T4;5,8
De 55 a 59 años;Hombres;Porcentaje;2007T3;6
De 55 a 59 años;Hombres;Porcentaje;2007T2;5,8
De 55 a 59 años;Hombres;Porcentaje;2007T1;5,4
De 55 a 59 años;Hombres;Porcentaje;2006T4;5,4
De 55 a 59 años;Hombres;Porcentaje;2006T3;5,9
De 55 a 59 años;Hombres;Porcentaje;2006T2;5,7
De 55 a 59 años;Hombres;Porcentaje;2006T1;6,4
De 55 a 59 años;Hombres;Porcentaje;2005T4;6
De 55 a 59 años;Hombres;Porcentaje;2005T3;5,5
De 55 a 59 años;Hombres;Porcentaje;2005T2;6,4
De 55 a 59 años;Hombres;Porcentaje;2005T1;5,5
De 55 a 59 años;Hombres;Porcentaje;2004T4;5,9
De 55 a 59 años;Hombres;Porcentaje;2004T3;5,1
De 55 a 59 años;Hombres;Porcentaje;2004T2;5,3
De 55 a 59 años;Hombres;Porcentaje;2004T1;4,9
De 55 a 59 años;Hombres;Porcentaje;2003T4;4,6
De 55 a 59 años;Hombres;Porcentaje;2003T3;5,8
De 55 a 59 años;Hombres;Porcentaje;2003T2;5,2
De 55 a 59 años;Hombres;Porcentaje;2003T1;5,3
De 55 a 59 años;Hombres;Porcentaje;2002T4;5,6
De 55 a 59 años;Hombres;Porcentaje;2002T3;5,5
De 55 a 59 años;Hombres;Porcentaje;2002T2;5,8
De 55 a 59 años;Hombres;Porcentaje;2002T1;5,5
De 55 a 59 años;Mujeres;Valor absoluto;2026T1;169,7
De 55 a 59 años;Mujeres;Valor absoluto;2025T4;145,2
De 55 a 59 años;Mujeres;Valor absoluto;2025T3;157,3
De 55 a 59 años;Mujeres;Valor absoluto;2025T2;164,3
De 55 a 59 años;Mujeres;Valor absoluto;2025T1;154,3
De 55 a 59 años;Mujeres;Valor absoluto;2024T4;145,6
De 55 a 59 años;Mujeres;Valor absoluto;2024T3;161,1
De 55 a 59 años;Mujeres;Valor absoluto;2024T2;151,4
De 55 a 59 años;Mujeres;Valor absoluto;2024T1;163,9
De 55 a 59 años;Mujeres;Valor absoluto;2023T4;168,7
De 55 a 59 años;Mujeres;Valor absoluto;2023T3;174,7
De 55 a 59 años;Mujeres;Valor absoluto;2023T2;175,6
De 55 a 59 años;Mujeres;Valor absoluto;2023T1;176,9
De 55 a 59 años;Mujeres;Valor absoluto;2022T4;156,3
De 55 a 59 años;Mujeres;Valor absoluto;2022T3;153
De 55 a 59 años;Mujeres;Valor absoluto;2022T2;163,1
De 55 a 59 años;Mujeres;Valor absoluto;2022T1;166,9
De 55 a 59 años;Mujeres;Valor absoluto;2021T4;188,5
De 55 a 59 años;Mujeres;Valor absoluto;2021T3;208,2
De 55 a 59 años;Mujeres;Valor absoluto;2021T2;183,3
De 55 a 59 años;Mujeres;Valor absoluto;2021T1;186,4
De 55 a 59 años;Mujeres;Valor absoluto;2020T4;180,3
De 55 a 59 años;Mujeres;Valor absoluto;2020T3;162,6
De 55 a 59 años;Mujeres;Valor absoluto;2020T2;143,5
De 55 a 59 años;Mujeres;Valor absoluto;2020T1;169
De 55 a 59 años;Mujeres;Valor absoluto;2019T4;163,9
De 55 a 59 años;Mujeres;Valor absoluto;2019T3;149,1
De 55 a 59 años;Mujeres;Valor absoluto;2019T2;143,8
De 55 a 59 años;Mujeres;Valor absoluto;2019T1;155,6
De 55 a 59 años;Mujeres;Valor absoluto;2018T4;156,2
De 55 a 59 años;Mujeres;Valor absoluto;2018T3;149
De 55 a 59 años;Mujeres;Valor absoluto;2018T2;161,8
De 55 a 59 años;Mujeres;Valor absoluto;2018T1;175,6
De 55 a 59 años;Mujeres;Valor absoluto;2017T4;161,4
De 55 a 59 años;Mujeres;Valor absoluto;2017T3;167,1
De 55 a 59 años;Mujeres;Valor absoluto;2017T2;174,7
De 55 a 59 años;Mujeres;Valor absoluto;2017T1;168,8
De 55 a 59 años;Mujeres;Valor absoluto;2016T4;173,9
De 55 a 59 años;Mujeres;Valor absoluto;2016T3;173,2
De 55 a 59 años;Mujeres;Valor absoluto;2016T2;176,2
De 55 a 59 años;Mujeres;Valor absoluto;2016T1;181,2
De 55 a 59 años;Mujeres;Valor absoluto;2015T4;183,5
De 55 a 59 años;Mujeres;Valor absoluto;2015T3;188,9
De 55 a 59 años;Mujeres;Valor absoluto;2015T2;180,2
De 55 a 59 años;Mujeres;Valor absoluto;2015T1;173,7
De 55 a 59 años;Mujeres;Valor absoluto;2014T4;177,3
De 55 a 59 años;Mujeres;Valor absoluto;2014T3;179,7
De 55 a 59 años;Mujeres;Valor absoluto;2014T2;187,7
De 55 a 59 años;Mujeres;Valor absoluto;2014T1;177,9
De 55 a 59 años;Mujeres;Valor absoluto;2013T4;173,9
De 55 a 59 años;Mujeres;Valor absoluto;2013T3;155,6
De 55 a 59 años;Mujeres;Valor absoluto;2013T2;168,8
De 55 a 59 años;Mujeres;Valor absoluto;2013T1;168,8
De 55 a 59 años;Mujeres;Valor absoluto;2012T4;158,2
De 55 a 59 años;Mujeres;Valor absoluto;2012T3;149,9
De 55 a 59 años;Mujeres;Valor absoluto;2012T2;146,4
De 55 a 59 años;Mujeres;Valor absoluto;2012T1;138,8
De 55 a 59 años;Mujeres;Valor absoluto;2011T4;129
De 55 a 59 años;Mujeres;Valor absoluto;2011T3;114,5
De 55 a 59 años;Mujeres;Valor absoluto;2011T2;109,1
De 55 a 59 años;Mujeres;Valor absoluto;2011T1;114,6
De 55 a 59 años;Mujeres;Valor absoluto;2010T4;100,8
De 55 a 59 años;Mujeres;Valor absoluto;2010T3;99,1
De 55 a 59 años;Mujeres;Valor absoluto;2010T2;90,9
De 55 a 59 años;Mujeres;Valor absoluto;2010T1;99,9
De 55 a 59 años;Mujeres;Valor absoluto;2009T4;93,1
De 55 a 59 años;Mujeres;Valor absoluto;2009T3;85,4
De 55 a 59 años;Mujeres;Valor absoluto;2009T2;94,3
De 55 a 59 años;Mujeres;Valor absoluto;2009T1;84,6
De 55 a 59 años;Mujeres;Valor absoluto;2008T4;68,3
De 55 a 59 años;Mujeres;Valor absoluto;2008T3;51,8
De 55 a 59 años;Mujeres;Valor absoluto;2008T2;45,7
De 55 a 59 años;Mujeres;Valor absoluto;2008T1;47,9
De 55 a 59 años;Mujeres;Valor absoluto;2007T4;45,2
De 55 a 59 años;Mujeres;Valor absoluto;2007T3;40,8
De 55 a 59 años;Mujeres;Valor absoluto;2007T2;42,6
De 55 a 59 años;Mujeres;Valor absoluto;2007T1;45,8
De 55 a 59 años;Mujeres;Valor absoluto;2006T4;41,4
De 55 a 59 años;Mujeres;Valor absoluto;2006T3;40
De 55 a 59 años;Mujeres;Valor absoluto;2006T2;39,9
De 55 a 59 años;Mujeres;Valor absoluto;2006T1;42,6
De 55 a 59 años;Mujeres;Valor absoluto;2005T4;37
De 55 a 59 años;Mujeres;Valor absoluto;2005T3;29,7
De 55 a 59 años;Mujeres;Valor absoluto;2005T2;41,5
De 55 a 59 años;Mujeres;Valor absoluto;2005T1;45,2
De 55 a 59 años;Mujeres;Valor absoluto;2004T4;38,8
De 55 a 59 años;Mujeres;Valor absoluto;2004T3;43,3
De 55 a 59 años;Mujeres;Valor absoluto;2004T2;42,7
De 55 a 59 años;Mujeres;Valor absoluto;2004T1;40,1
De 55 a 59 años;Mujeres;Valor absoluto;2003T4;39,8
De 55 a 59 años;Mujeres;Valor absoluto;2003T3;42,3
De 55 a 59 años;Mujeres;Valor absoluto;2003T2;41,1
De 55 a 59 años;Mujeres;Valor absoluto;2003T1;37,5
De 55 a 59 años;Mujeres;Valor absoluto;2002T4;40,1
De 55 a 59 años;Mujeres;Valor absoluto;2002T3;41,8
De 55 a 59 años;Mujeres;Valor absoluto;2002T2;35,8
De 55 a 59 años;Mujeres;Valor absoluto;2002T1;37
De 55 a 59 años;Mujeres;Porcentaje;2026T1;11,6
De 55 a 59 años;Mujeres;Porcentaje;2025T4;11
De 55 a 59 años;Mujeres;Porcentaje;2025T3;11
De 55 a 59 años;Mujeres;Porcentaje;2025T2;12,2
De 55 a 59 años;Mujeres;Porcentaje;2025T1;10,4
De 55 a 59 años;Mujeres;Porcentaje;2024T4;10,7
De 55 a 59 años;Mujeres;Porcentaje;2024T3;11,1
De 55 a 59 años;Mujeres;Porcentaje;2024T2;10,4
De 55 a 59 años;Mujeres;Porcentaje;2024T1;10,4
De 55 a 59 años;Mujeres;Porcentaje;2023T4;11
De 55 a 59 años;Mujeres;Porcentaje;2023T3;11,2
De 55 a 59 años;Mujeres;Porcentaje;2023T2;11,7
De 55 a 59 años;Mujeres;Porcentaje;2023T1;10,3
De 55 a 59 años;Mujeres;Porcentaje;2022T4;9,5
De 55 a 59 años;Mujeres;Porcentaje;2022T3;9,2
De 55 a 59 años;Mujeres;Porcentaje;2022T2;10,2
De 55 a 59 años;Mujeres;Porcentaje;2022T1;9,8
De 55 a 59 años;Mujeres;Porcentaje;2021T4;11,3
De 55 a 59 años;Mujeres;Porcentaje;2021T3;11,4
De 55 a 59 años;Mujeres;Porcentaje;2021T2;9,6
De 55 a 59 años;Mujeres;Porcentaje;2021T1;9,5
De 55 a 59 años;Mujeres;Porcentaje;2020T4;9,1
De 55 a 59 años;Mujeres;Porcentaje;2020T3;8,3
De 55 a 59 años;Mujeres;Porcentaje;2020T2;8,4
De 55 a 59 años;Mujeres;Porcentaje;2020T1;9,7
De 55 a 59 años;Mujeres;Porcentaje;2019T4;9,7
De 55 a 59 años;Mujeres;Porcentaje;2019T3;8,7
De 55 a 59 años;Mujeres;Porcentaje;2019T2;8,5
De 55 a 59 años;Mujeres;Porcentaje;2019T1;8,7
De 55 a 59 años;Mujeres;Porcentaje;2018T4;9
De 55 a 59 años;Mujeres;Porcentaje;2018T3;8,7
De 55 a 59 años;Mujeres;Porcentaje;2018T2;8,9
De 55 a 59 años;Mujeres;Porcentaje;2018T1;9
De 55 a 59 años;Mujeres;Porcentaje;2017T4;8,3
De 55 a 59 años;Mujeres;Porcentaje;2017T3;8,7
De 55 a 59 años;Mujeres;Porcentaje;2017T2;8,7
De 55 a 59 años;Mujeres;Porcentaje;2017T1;7,8
De 55 a 59 años;Mujeres;Porcentaje;2016T4;8,1
De 55 a 59 años;Mujeres;Porcentaje;2016T3;7,9
De 55 a 59 años;Mujeres;Porcentaje;2016T2;7,6
De 55 a 59 años;Mujeres;Porcentaje;2016T1;7,5
De 55 a 59 años;Mujeres;Porcentaje;2015T4;7,7
De 55 a 59 años;Mujeres;Porcentaje;2015T3;7,9
De 55 a 59 años;Mujeres;Porcentaje;2015T2;7
De 55 a 59 años;Mujeres;Porcentaje;2015T1;6,6
De 55 a 59 años;Mujeres;Porcentaje;2014T4;6,7
De 55 a 59 años;Mujeres;Porcentaje;2014T3;6,8
De 55 a 59 años;Mujeres;Porcentaje;2014T2;7
De 55 a 59 años;Mujeres;Porcentaje;2014T1;6,3
De 55 a 59 años;Mujeres;Porcentaje;2013T4;6,2
De 55 a 59 años;Mujeres;Porcentaje;2013T3;5,6
De 55 a 59 años;Mujeres;Porcentaje;2013T2;5,9
De 55 a 59 años;Mujeres;Porcentaje;2013T1;5,8
De 55 a 59 años;Mujeres;Porcentaje;2012T4;5,6
De 55 a 59 años;Mujeres;Porcentaje;2012T3;5,6
De 55 a 59 años;Mujeres;Porcentaje;2012T2;5,6
De 55 a 59 años;Mujeres;Porcentaje;2012T1;5,3
De 55 a 59 años;Mujeres;Porcentaje;2011T4;5,3
De 55 a 59 años;Mujeres;Porcentaje;2011T3;5
De 55 a 59 años;Mujeres;Porcentaje;2011T2;4,9
De 55 a 59 años;Mujeres;Porcentaje;2011T1;5
De 55 a 59 años;Mujeres;Porcentaje;2010T4;4,7
De 55 a 59 años;Mujeres;Porcentaje;2010T3;4,7
De 55 a 59 años;Mujeres;Porcentaje;2010T2;4,3
De 55 a 59 años;Mujeres;Porcentaje;2010T1;4,9
De 55 a 59 años;Mujeres;Porcentaje;2009T4;4,8
De 55 a 59 años;Mujeres;Porcentaje;2009T3;4,7
De 55 a 59 años;Mujeres;Porcentaje;2009T2;5,1
De 55 a 59 años;Mujeres;Porcentaje;2009T1;4,7
De 55 a 59 años;Mujeres;Porcentaje;2008T4;4,5
De 55 a 59 años;Mujeres;Porcentaje;2008T3;4,2
De 55 a 59 años;Mujeres;Porcentaje;2008T2;3,8
De 55 a 59 años;Mujeres;Porcentaje;2008T1;4,1
De 55 a 59 años;Mujeres;Porcentaje;2007T4;4,3
De 55 a 59 años;Mujeres;Porcentaje;2007T3;4,1
De 55 a 59 años;Mujeres;Porcentaje;2007T2;4,3
De 55 a 59 años;Mujeres;Porcentaje;2007T1;4,3
De 55 a 59 años;Mujeres;Porcentaje;2006T4;4
De 55 a 59 años;Mujeres;Porcentaje;2006T3;4
De 55 a 59 años;Mujeres;Porcentaje;2006T2;3,9
De 55 a 59 años;Mujeres;Porcentaje;2006T1;3,9
De 55 a 59 años;Mujeres;Porcentaje;2005T4;3,6
De 55 a 59 años;Mujeres;Porcentaje;2005T3;3,1
De 55 a 59 años;Mujeres;Porcentaje;2005T2;3,9
De 55 a 59 años;Mujeres;Porcentaje;2005T1;3,9
De 55 a 59 años;Mujeres;Porcentaje;2004T4;3,2
De 55 a 59 años;Mujeres;Porcentaje;2004T3;3,6
De 55 a 59 años;Mujeres;Porcentaje;2004T2;3,4
De 55 a 59 años;Mujeres;Porcentaje;2004T1;3,1
De 55 a 59 años;Mujeres;Porcentaje;2003T4;3,2
De 55 a 59 años;Mujeres;Porcentaje;2003T3;3,4
De 55 a 59 años;Mujeres;Porcentaje;2003T2;3,3
De 55 a 59 años;Mujeres;Porcentaje;2003T1;2,8
De 55 a 59 años;Mujeres;Porcentaje;2002T4;3,2
De 55 a 59 años;Mujeres;Porcentaje;2002T3;3,4
De 55 a 59 años;Mujeres;Porcentaje;2002T2;2,9
De 55 a 59 años;Mujeres;Porcentaje;2002T1;3
De 60 a 64 años;Ambos sexos;Valor absoluto;2026T1;222,8
De 60 a 64 años;Ambos sexos;Valor absoluto;2025T4;210,1
De 60 a 64 años;Ambos sexos;Valor absoluto;2025T3;209,6
De 60 a 64 años;Ambos sexos;Valor absoluto;2025T2;201,8
De 60 a 64 años;Ambos sexos;Valor absoluto;2025T1;222,7
De 60 a 64 años;Ambos sexos;Valor absoluto;2024T4;206,1
De 60 a 64 años;Ambos sexos;Valor absoluto;2024T3;203,7
De 60 a 64 años;Ambos sexos;Valor absoluto;2024T2;204,6
De 60 a 64 años;Ambos sexos;Valor absoluto;2024T1;223,5
De 60 a 64 años;Ambos sexos;Valor absoluto;2023T4;196,1
De 60 a 64 años;Ambos sexos;Valor absoluto;2023T3;204,8
De 60 a 64 años;Ambos sexos;Valor absoluto;2023T2;201,7
De 60 a 64 años;Ambos sexos;Valor absoluto;2023T1;217,1
De 60 a 64 años;Ambos sexos;Valor absoluto;2022T4;212,4
De 60 a 64 años;Ambos sexos;Valor absoluto;2022T3;193,6
De 60 a 64 años;Ambos sexos;Valor absoluto;2022T2;216,6
De 60 a 64 años;Ambos sexos;Valor absoluto;2022T1;213,5
De 60 a 64 años;Ambos sexos;Valor absoluto;2021T4;213,8
De 60 a 64 años;Ambos sexos;Valor absoluto;2021T3;238,4
De 60 a 64 años;Ambos sexos;Valor absoluto;2021T2;201,9
De 60 a 64 años;Ambos sexos;Valor absoluto;2021T1;184,4
De 60 a 64 años;Ambos sexos;Valor absoluto;2020T4;194,1
De 60 a 64 años;Ambos sexos;Valor absoluto;2020T3;184,8
De 60 a 64 años;Ambos sexos;Valor absoluto;2020T2;171
De 60 a 64 años;Ambos sexos;Valor absoluto;2020T1;177,3
De 60 a 64 años;Ambos sexos;Valor absoluto;2019T4;181,5
De 60 a 64 años;Ambos sexos;Valor absoluto;2019T3;163,1
De 60 a 64 años;Ambos sexos;Valor absoluto;2019T2;170,4
De 60 a 64 años;Ambos sexos;Valor absoluto;2019T1;164,1
De 60 a 64 años;Ambos sexos;Valor absoluto;2018T4;175
De 60 a 64 años;Ambos sexos;Valor absoluto;2018T3;154,3
De 60 a 64 años;Ambos sexos;Valor absoluto;2018T2;169
De 60 a 64 años;Ambos sexos;Valor absoluto;2018T1;184,7
De 60 a 64 años;Ambos sexos;Valor absoluto;2017T4;170,4
De 60 a 64 años;Ambos sexos;Valor absoluto;2017T3;170,5
De 60 a 64 años;Ambos sexos;Valor absoluto;2017T2;177,5
De 60 a 64 años;Ambos sexos;Valor absoluto;2017T1;177
De 60 a 64 años;Ambos sexos;Valor absoluto;2016T4;184,8
De 60 a 64 años;Ambos sexos;Valor absoluto;2016T3;182,7
De 60 a 64 años;Ambos sexos;Valor absoluto;2016T2;179,1
De 60 a 64 años;Ambos sexos;Valor absoluto;2016T1;183,1
De 60 a 64 años;Ambos sexos;Valor absoluto;2015T4;186,8
De 60 a 64 años;Ambos sexos;Valor absoluto;2015T3;175,8
De 60 a 64 años;Ambos sexos;Valor absoluto;2015T2;174,6
De 60 a 64 años;Ambos sexos;Valor absoluto;2015T1;173,4
De 60 a 64 años;Ambos sexos;Valor absoluto;2014T4;165,7
De 60 a 64 años;Ambos sexos;Valor absoluto;2014T3;161,4
De 60 a 64 años;Ambos sexos;Valor absoluto;2014T2;168,2
De 60 a 64 años;Ambos sexos;Valor absoluto;2014T1;174,4
De 60 a 64 años;Ambos sexos;Valor absoluto;2013T4;169,8
De 60 a 64 años;Ambos sexos;Valor absoluto;2013T3;183,6
De 60 a 64 años;Ambos sexos;Valor absoluto;2013T2;166,5
De 60 a 64 años;Ambos sexos;Valor absoluto;2013T1;182
De 60 a 64 años;Ambos sexos;Valor absoluto;2012T4;158,1
De 60 a 64 años;Ambos sexos;Valor absoluto;2012T3;153
De 60 a 64 años;Ambos sexos;Valor absoluto;2012T2;155,4
De 60 a 64 años;Ambos sexos;Valor absoluto;2012T1;139,6
De 60 a 64 años;Ambos sexos;Valor absoluto;2011T4;131,6
De 60 a 64 años;Ambos sexos;Valor absoluto;2011T3;128,2
De 60 a 64 años;Ambos sexos;Valor absoluto;2011T2;118
De 60 a 64 años;Ambos sexos;Valor absoluto;2011T1;114,4
De 60 a 64 años;Ambos sexos;Valor absoluto;2010T4;120,8
De 60 a 64 años;Ambos sexos;Valor absoluto;2010T3;110,2
De 60 a 64 años;Ambos sexos;Valor absoluto;2010T2;115,9
De 60 a 64 años;Ambos sexos;Valor absoluto;2010T1;102,1
De 60 a 64 años;Ambos sexos;Valor absoluto;2009T4;105
De 60 a 64 años;Ambos sexos;Valor absoluto;2009T3;98,6
De 60 a 64 años;Ambos sexos;Valor absoluto;2009T2;97,8
De 60 a 64 años;Ambos sexos;Valor absoluto;2009T1;84,4
De 60 a 64 años;Ambos sexos;Valor absoluto;2008T4;69,9
De 60 a 64 años;Ambos sexos;Valor absoluto;2008T3;58,6
De 60 a 64 años;Ambos sexos;Valor absoluto;2008T2;50,6
De 60 a 64 años;Ambos sexos;Valor absoluto;2008T1;55,2
De 60 a 64 años;Ambos sexos;Valor absoluto;2007T4;45,2
De 60 a 64 años;Ambos sexos;Valor absoluto;2007T3;42,8
De 60 a 64 años;Ambos sexos;Valor absoluto;2007T2;42
De 60 a 64 años;Ambos sexos;Valor absoluto;2007T1;47,3
De 60 a 64 años;Ambos sexos;Valor absoluto;2006T4;39,8
De 60 a 64 años;Ambos sexos;Valor absoluto;2006T3;36
De 60 a 64 años;Ambos sexos;Valor absoluto;2006T2;37,8
De 60 a 64 años;Ambos sexos;Valor absoluto;2006T1;36,3
De 60 a 64 años;Ambos sexos;Valor absoluto;2005T4;39,3
De 60 a 64 años;Ambos sexos;Valor absoluto;2005T3;36,6
De 60 a 64 años;Ambos sexos;Valor absoluto;2005T2;46,8
De 60 a 64 años;Ambos sexos;Valor absoluto;2005T1;46,7
De 60 a 64 años;Ambos sexos;Valor absoluto;2004T4;47,8
De 60 a 64 años;Ambos sexos;Valor absoluto;2004T3;51,2
De 60 a 64 años;Ambos sexos;Valor absoluto;2004T2;50,7
De 60 a 64 años;Ambos sexos;Valor absoluto;2004T1;45,4
De 60 a 64 años;Ambos sexos;Valor absoluto;2003T4;44,6
De 60 a 64 años;Ambos sexos;Valor absoluto;2003T3;44,4
De 60 a 64 años;Ambos sexos;Valor absoluto;2003T2;35,1
De 60 a 64 años;Ambos sexos;Valor absoluto;2003T1;36,7
De 60 a 64 años;Ambos sexos;Valor absoluto;2002T4;36,2
De 60 a 64 años;Ambos sexos;Valor absoluto;2002T3;37,9
De 60 a 64 años;Ambos sexos;Valor absoluto;2002T2;37,4
De 60 a 64 años;Ambos sexos;Valor absoluto;2002T1;37,9
De 60 a 64 años;Ambos sexos;Porcentaje;2026T1;8,2
De 60 a 64 años;Ambos sexos;Porcentaje;2025T4;8,5
De 60 a 64 años;Ambos sexos;Porcentaje;2025T3;8
De 60 a 64 años;Ambos sexos;Porcentaje;2025T2;7,9
De 60 a 64 años;Ambos sexos;Porcentaje;2025T1;8
De 60 a 64 años;Ambos sexos;Porcentaje;2024T4;7,9
De 60 a 64 años;Ambos sexos;Porcentaje;2024T3;7,4
De 60 a 64 años;Ambos sexos;Porcentaje;2024T2;7,4
De 60 a 64 años;Ambos sexos;Porcentaje;2024T1;7,5
De 60 a 64 años;Ambos sexos;Porcentaje;2023T4;6,9
De 60 a 64 años;Ambos sexos;Porcentaje;2023T3;7,1
De 60 a 64 años;Ambos sexos;Porcentaje;2023T2;7,2
De 60 a 64 años;Ambos sexos;Porcentaje;2023T1;6,8
De 60 a 64 años;Ambos sexos;Porcentaje;2022T4;6,9
De 60 a 64 años;Ambos sexos;Porcentaje;2022T3;6,4
De 60 a 64 años;Ambos sexos;Porcentaje;2022T2;7,2
De 60 a 64 años;Ambos sexos;Porcentaje;2022T1;6,6
De 60 a 64 años;Ambos sexos;Porcentaje;2021T4;6,8
De 60 a 64 años;Ambos sexos;Porcentaje;2021T3;6,9
De 60 a 64 años;Ambos sexos;Porcentaje;2021T2;5,6
De 60 a 64 años;Ambos sexos;Porcentaje;2021T1;5
De 60 a 64 años;Ambos sexos;Porcentaje;2020T4;5,2
De 60 a 64 años;Ambos sexos;Porcentaje;2020T3;5
De 60 a 64 años;Ambos sexos;Porcentaje;2020T2;5,1
De 60 a 64 años;Ambos sexos;Porcentaje;2020T1;5,4
De 60 a 64 años;Ambos sexos;Porcentaje;2019T4;5,7
De 60 a 64 años;Ambos sexos;Porcentaje;2019T3;5,1
De 60 a 64 años;Ambos sexos;Porcentaje;2019T2;5,3
De 60 a 64 años;Ambos sexos;Porcentaje;2019T1;4,9
De 60 a 64 años;Ambos sexos;Porcentaje;2018T4;5,3
De 60 a 64 años;Ambos sexos;Porcentaje;2018T3;4,6
De 60 a 64 años;Ambos sexos;Porcentaje;2018T2;4,8
De 60 a 64 años;Ambos sexos;Porcentaje;2018T1;4,9
De 60 a 64 años;Ambos sexos;Porcentaje;2017T4;4,5
De 60 a 64 años;Ambos sexos;Porcentaje;2017T3;4,6
De 60 a 64 años;Ambos sexos;Porcentaje;2017T2;4,5
De 60 a 64 años;Ambos sexos;Porcentaje;2017T1;4,2
De 60 a 64 años;Ambos sexos;Porcentaje;2016T4;4,4
De 60 a 64 años;Ambos sexos;Porcentaje;2016T3;4,2
De 60 a 64 años;Ambos sexos;Porcentaje;2016T2;3,9
De 60 a 64 años;Ambos sexos;Porcentaje;2016T1;3,8
De 60 a 64 años;Ambos sexos;Porcentaje;2015T4;3,9
De 60 a 64 años;Ambos sexos;Porcentaje;2015T3;3,6
De 60 a 64 años;Ambos sexos;Porcentaje;2015T2;3,4
De 60 a 64 años;Ambos sexos;Porcentaje;2015T1;3,2
De 60 a 64 años;Ambos sexos;Porcentaje;2014T4;3
De 60 a 64 años;Ambos sexos;Porcentaje;2014T3;3
De 60 a 64 años;Ambos sexos;Porcentaje;2014T2;3
De 60 a 64 años;Ambos sexos;Porcentaje;2014T1;2,9
De 60 a 64 años;Ambos sexos;Porcentaje;2013T4;2,9
De 60 a 64 años;Ambos sexos;Porcentaje;2013T3;3,1
De 60 a 64 años;Ambos sexos;Porcentaje;2013T2;2,8
De 60 a 64 años;Ambos sexos;Porcentaje;2013T1;2,9
De 60 a 64 años;Ambos sexos;Porcentaje;2012T4;2,6
De 60 a 64 años;Ambos sexos;Porcentaje;2012T3;2,6
De 60 a 64 años;Ambos sexos;Porcentaje;2012T2;2,7
De 60 a 64 años;Ambos sexos;Porcentaje;2012T1;2,5
De 60 a 64 años;Ambos sexos;Porcentaje;2011T4;2,5
De 60 a 64 años;Ambos sexos;Porcentaje;2011T3;2,6
De 60 a 64 años;Ambos sexos;Porcentaje;2011T2;2,4
De 60 a 64 años;Ambos sexos;Porcentaje;2011T1;2,3
De 60 a 64 años;Ambos sexos;Porcentaje;2010T4;2,6
De 60 a 64 años;Ambos sexos;Porcentaje;2010T3;2,4
De 60 a 64 años;Ambos sexos;Porcentaje;2010T2;2,5
De 60 a 64 años;Ambos sexos;Porcentaje;2010T1;2,2
De 60 a 64 años;Ambos sexos;Porcentaje;2009T4;2,4
De 60 a 64 años;Ambos sexos;Porcentaje;2009T3;2,4
De 60 a 64 años;Ambos sexos;Porcentaje;2009T2;2,4
De 60 a 64 años;Ambos sexos;Porcentaje;2009T1;2,1
De 60 a 64 años;Ambos sexos;Porcentaje;2008T4;2,2
De 60 a 64 años;Ambos sexos;Porcentaje;2008T3;2,3
De 60 a 64 años;Ambos sexos;Porcentaje;2008T2;2,1
De 60 a 64 años;Ambos sexos;Porcentaje;2008T1;2,5
De 60 a 64 años;Ambos sexos;Porcentaje;2007T4;2,3
De 60 a 64 años;Ambos sexos;Porcentaje;2007T3;2,4
De 60 a 64 años;Ambos sexos;Porcentaje;2007T2;2,4
De 60 a 64 años;Ambos sexos;Porcentaje;2007T1;2,5
De 60 a 64 años;Ambos sexos;Porcentaje;2006T4;2,2
De 60 a 64 años;Ambos sexos;Porcentaje;2006T3;2
De 60 a 64 años;Ambos sexos;Porcentaje;2006T2;2,1
De 60 a 64 años;Ambos sexos;Porcentaje;2006T1;1,9
De 60 a 64 años;Ambos sexos;Porcentaje;2005T4;2,1
De 60 a 64 años;Ambos sexos;Porcentaje;2005T3;2,1
De 60 a 64 años;Ambos sexos;Porcentaje;2005T2;2,4
De 60 a 64 años;Ambos sexos;Porcentaje;2005T1;2,2
De 60 a 64 años;Ambos sexos;Porcentaje;2004T4;2,2
De 60 a 64 años;Ambos sexos;Porcentaje;2004T3;2,3
De 60 a 64 años;Ambos sexos;Porcentaje;2004T2;2,3
De 60 a 64 años;Ambos sexos;Porcentaje;2004T1;2
De 60 a 64 años;Ambos sexos;Porcentaje;2003T4;2
De 60 a 64 años;Ambos sexos;Porcentaje;2003T3;2
De 60 a 64 años;Ambos sexos;Porcentaje;2003T2;1,6
De 60 a 64 años;Ambos sexos;Porcentaje;2003T1;1,6
De 60 a 64 años;Ambos sexos;Porcentaje;2002T4;1,6
De 60 a 64 años;Ambos sexos;Porcentaje;2002T3;1,7
De 60 a 64 años;Ambos sexos;Porcentaje;2002T2;1,8
De 60 a 64 años;Ambos sexos;Porcentaje;2002T1;1,8
De 60 a 64 años;Hombres;Valor absoluto;2026T1;106
De 60 a 64 años;Hombres;Valor absoluto;2025T4;94,3
De 60 a 64 años;Hombres;Valor absoluto;2025T3;96,9
De 60 a 64 años;Hombres;Valor absoluto;2025T2;98,8
De 60 a 64 años;Hombres;Valor absoluto;2025T1;104,3
De 60 a 64 años;Hombres;Valor absoluto;2024T4;100,8
De 60 a 64 años;Hombres;Valor absoluto;2024T3;94,7
De 60 a 64 años;Hombres;Valor absoluto;2024T2;95,1
De 60 a 64 años;Hombres;Valor absoluto;2024T1;106,7
De 60 a 64 años;Hombres;Valor absoluto;2023T4;91,6
De 60 a 64 años;Hombres;Valor absoluto;2023T3;99,2
De 60 a 64 años;Hombres;Valor absoluto;2023T2;98,6
De 60 a 64 años;Hombres;Valor absoluto;2023T1;105,6
De 60 a 64 años;Hombres;Valor absoluto;2022T4;101,2
De 60 a 64 años;Hombres;Valor absoluto;2022T3;90,7
De 60 a 64 años;Hombres;Valor absoluto;2022T2;103,3
De 60 a 64 años;Hombres;Valor absoluto;2022T1;100,9
De 60 a 64 años;Hombres;Valor absoluto;2021T4;102,9
De 60 a 64 años;Hombres;Valor absoluto;2021T3;121,8
De 60 a 64 años;Hombres;Valor absoluto;2021T2;101,5
De 60 a 64 años;Hombres;Valor absoluto;2021T1;98,1
De 60 a 64 años;Hombres;Valor absoluto;2020T4;105,8
De 60 a 64 años;Hombres;Valor absoluto;2020T3;99,3
De 60 a 64 años;Hombres;Valor absoluto;2020T2;93,1
De 60 a 64 años;Hombres;Valor absoluto;2020T1;91,9
De 60 a 64 años;Hombres;Valor absoluto;2019T4;96
De 60 a 64 años;Hombres;Valor absoluto;2019T3;79,6
De 60 a 64 años;Hombres;Valor absoluto;2019T2;84,2
De 60 a 64 años;Hombres;Valor absoluto;2019T1;83
De 60 a 64 años;Hombres;Valor absoluto;2018T4;86,7
De 60 a 64 años;Hombres;Valor absoluto;2018T3;78,7
De 60 a 64 años;Hombres;Valor absoluto;2018T2;92,4
De 60 a 64 años;Hombres;Valor absoluto;2018T1;93,1
De 60 a 64 años;Hombres;Valor absoluto;2017T4;90,4
De 60 a 64 años;Hombres;Valor absoluto;2017T3;92
De 60 a 64 años;Hombres;Valor absoluto;2017T2;100,3
De 60 a 64 años;Hombres;Valor absoluto;2017T1;102,6
De 60 a 64 años;Hombres;Valor absoluto;2016T4;103,5
De 60 a 64 años;Hombres;Valor absoluto;2016T3;98,9
De 60 a 64 años;Hombres;Valor absoluto;2016T2;97,2
De 60 a 64 años;Hombres;Valor absoluto;2016T1;99
De 60 a 64 años;Hombres;Valor absoluto;2015T4;102,6
De 60 a 64 años;Hombres;Valor absoluto;2015T3;95,5
De 60 a 64 años;Hombres;Valor absoluto;2015T2;96
De 60 a 64 años;Hombres;Valor absoluto;2015T1;98,2
De 60 a 64 años;Hombres;Valor absoluto;2014T4;96,1
De 60 a 64 años;Hombres;Valor absoluto;2014T3;95
De 60 a 64 años;Hombres;Valor absoluto;2014T2;92,8
De 60 a 64 años;Hombres;Valor absoluto;2014T1;103,3
De 60 a 64 años;Hombres;Valor absoluto;2013T4;101,2
De 60 a 64 años;Hombres;Valor absoluto;2013T3;105,4
De 60 a 64 años;Hombres;Valor absoluto;2013T2;96,1
De 60 a 64 años;Hombres;Valor absoluto;2013T1;99,6
De 60 a 64 años;Hombres;Valor absoluto;2012T4;94,4
De 60 a 64 años;Hombres;Valor absoluto;2012T3;89,2
De 60 a 64 años;Hombres;Valor absoluto;2012T2;90,4
De 60 a 64 años;Hombres;Valor absoluto;2012T1;86,5
De 60 a 64 años;Hombres;Valor absoluto;2011T4;84,3
De 60 a 64 años;Hombres;Valor absoluto;2011T3;77,5
De 60 a 64 años;Hombres;Valor absoluto;2011T2;78,5
De 60 a 64 años;Hombres;Valor absoluto;2011T1;77
De 60 a 64 años;Hombres;Valor absoluto;2010T4;80,5
De 60 a 64 años;Hombres;Valor absoluto;2010T3;71,5
De 60 a 64 años;Hombres;Valor absoluto;2010T2;75,1
De 60 a 64 años;Hombres;Valor absoluto;2010T1;62,5
De 60 a 64 años;Hombres;Valor absoluto;2009T4;67
De 60 a 64 años;Hombres;Valor absoluto;2009T3;58,6
De 60 a 64 años;Hombres;Valor absoluto;2009T2;62,8
De 60 a 64 años;Hombres;Valor absoluto;2009T1;54,5
De 60 a 64 años;Hombres;Valor absoluto;2008T4;40
De 60 a 64 años;Hombres;Valor absoluto;2008T3;38,8
De 60 a 64 años;Hombres;Valor absoluto;2008T2;29,8
De 60 a 64 años;Hombres;Valor absoluto;2008T1;30,5
De 60 a 64 años;Hombres;Valor absoluto;2007T4;28,2
De 60 a 64 años;Hombres;Valor absoluto;2007T3;23,5
De 60 a 64 años;Hombres;Valor absoluto;2007T2;25,9
De 60 a 64 años;Hombres;Valor absoluto;2007T1;25,7
De 60 a 64 años;Hombres;Valor absoluto;2006T4;24,1
De 60 a 64 años;Hombres;Valor absoluto;2006T3;21,1
De 60 a 64 años;Hombres;Valor absoluto;2006T2;26,3
De 60 a 64 años;Hombres;Valor absoluto;2006T1;24,3
De 60 a 64 años;Hombres;Valor absoluto;2005T4;27,2
De 60 a 64 años;Hombres;Valor absoluto;2005T3;23,4
De 60 a 64 años;Hombres;Valor absoluto;2005T2;32,3
De 60 a 64 años;Hombres;Valor absoluto;2005T1;28,9
De 60 a 64 años;Hombres;Valor absoluto;2004T4;33,3
De 60 a 64 años;Hombres;Valor absoluto;2004T3;31,2
De 60 a 64 años;Hombres;Valor absoluto;2004T2;30
De 60 a 64 años;Hombres;Valor absoluto;2004T1;29
De 60 a 64 años;Hombres;Valor absoluto;2003T4;30,4
De 60 a 64 años;Hombres;Valor absoluto;2003T3;27,6
De 60 a 64 años;Hombres;Valor absoluto;2003T2;24,1
De 60 a 64 años;Hombres;Valor absoluto;2003T1;25,2
De 60 a 64 años;Hombres;Valor absoluto;2002T4;24,1
De 60 a 64 años;Hombres;Valor absoluto;2002T3;24,4
De 60 a 64 años;Hombres;Valor absoluto;2002T2;20,7
De 60 a 64 años;Hombres;Valor absoluto;2002T1;24,5
De 60 a 64 años;Hombres;Porcentaje;2026T1;8,5
De 60 a 64 años;Hombres;Porcentaje;2025T4;8,2
De 60 a 64 años;Hombres;Porcentaje;2025T3;8,2
De 60 a 64 años;Hombres;Porcentaje;2025T2;8,2
De 60 a 64 años;Hombres;Porcentaje;2025T1;8
De 60 a 64 años;Hombres;Porcentaje;2024T4;8,2
De 60 a 64 años;Hombres;Porcentaje;2024T3;7,3
De 60 a 64 años;Hombres;Porcentaje;2024T2;7,3
De 60 a 64 años;Hombres;Porcentaje;2024T1;7,6
De 60 a 64 años;Hombres;Porcentaje;2023T4;6,9
De 60 a 64 años;Hombres;Porcentaje;2023T3;7,5
De 60 a 64 años;Hombres;Porcentaje;2023T2;7,5
De 60 a 64 años;Hombres;Porcentaje;2023T1;7,2
De 60 a 64 años;Hombres;Porcentaje;2022T4;7
De 60 a 64 años;Hombres;Porcentaje;2022T3;6,6
De 60 a 64 años;Hombres;Porcentaje;2022T2;7,4
De 60 a 64 años;Hombres;Porcentaje;2022T1;6,7
De 60 a 64 años;Hombres;Porcentaje;2021T4;7
De 60 a 64 años;Hombres;Porcentaje;2021T3;7,4
De 60 a 64 años;Hombres;Porcentaje;2021T2;6,1
De 60 a 64 años;Hombres;Porcentaje;2021T1;5,7
De 60 a 64 años;Hombres;Porcentaje;2020T4;6,1
De 60 a 64 años;Hombres;Porcentaje;2020T3;5,6
De 60 a 64 años;Hombres;Porcentaje;2020T2;5,6
De 60 a 64 años;Hombres;Porcentaje;2020T1;5,9
De 60 a 64 años;Hombres;Porcentaje;2019T4;6,4
De 60 a 64 años;Hombres;Porcentaje;2019T3;5,3
De 60 a 64 años;Hombres;Porcentaje;2019T2;5,5
De 60 a 64 años;Hombres;Porcentaje;2019T1;5,3
De 60 a 64 años;Hombres;Porcentaje;2018T4;5,5
De 60 a 64 años;Hombres;Porcentaje;2018T3;4,9
De 60 a 64 años;Hombres;Porcentaje;2018T2;5,5
De 60 a 64 años;Hombres;Porcentaje;2018T1;5,1
De 60 a 64 años;Hombres;Porcentaje;2017T4;5
De 60 a 64 años;Hombres;Porcentaje;2017T3;5,1
De 60 a 64 años;Hombres;Porcentaje;2017T2;5,3
De 60 a 64 años;Hombres;Porcentaje;2017T1;4,9
De 60 a 64 años;Hombres;Porcentaje;2016T4;4,9
De 60 a 64 años;Hombres;Porcentaje;2016T3;4,6
De 60 a 64 años;Hombres;Porcentaje;2016T2;4,3
De 60 a 64 años;Hombres;Porcentaje;2016T1;4,2
De 60 a 64 años;Hombres;Porcentaje;2015T4;4,3
De 60 a 64 años;Hombres;Porcentaje;2015T3;3,9
De 60 a 64 años;Hombres;Porcentaje;2015T2;3,7
De 60 a 64 años;Hombres;Porcentaje;2015T1;3,5
De 60 a 64 años;Hombres;Porcentaje;2014T4;3,4
De 60 a 64 años;Hombres;Porcentaje;2014T3;3,4
De 60 a 64 años;Hombres;Porcentaje;2014T2;3,2
De 60 a 64 años;Hombres;Porcentaje;2014T1;3,3
De 60 a 64 años;Hombres;Porcentaje;2013T4;3,3
De 60 a 64 años;Hombres;Porcentaje;2013T3;3,3
De 60 a 64 años;Hombres;Porcentaje;2013T2;3
De 60 a 64 años;Hombres;Porcentaje;2013T1;3
De 60 a 64 años;Hombres;Porcentaje;2012T4;2,9
De 60 a 64 años;Hombres;Porcentaje;2012T3;2,8
De 60 a 64 años;Hombres;Porcentaje;2012T2;2,9
De 60 a 64 años;Hombres;Porcentaje;2012T1;2,8
De 60 a 64 años;Hombres;Porcentaje;2011T4;3
De 60 a 64 años;Hombres;Porcentaje;2011T3;2,9
De 60 a 64 años;Hombres;Porcentaje;2011T2;3
De 60 a 64 años;Hombres;Porcentaje;2011T1;2,9
De 60 a 64 años;Hombres;Porcentaje;2010T4;3,2
De 60 a 64 años;Hombres;Porcentaje;2010T3;2,9
De 60 a 64 años;Hombres;Porcentaje;2010T2;3
De 60 a 64 años;Hombres;Porcentaje;2010T1;2,4
De 60 a 64 años;Hombres;Porcentaje;2009T4;2,8
De 60 a 64 años;Hombres;Porcentaje;2009T3;2,6
De 60 a 64 años;Hombres;Porcentaje;2009T2;2,7
De 60 a 64 años;Hombres;Porcentaje;2009T1;2,5
De 60 a 64 años;Hombres;Porcentaje;2008T4;2,4
De 60 a 64 años;Hombres;Porcentaje;2008T3;2,9
De 60 a 64 años;Hombres;Porcentaje;2008T2;2,5
De 60 a 64 años;Hombres;Porcentaje;2008T1;3
De 60 a 64 años;Hombres;Porcentaje;2007T4;3,2
De 60 a 64 años;Hombres;Porcentaje;2007T3;2,9
De 60 a 64 años;Hombres;Porcentaje;2007T2;3,3
De 60 a 64 años;Hombres;Porcentaje;2007T1;3,2
De 60 a 64 años;Hombres;Porcentaje;2006T4;3,1
De 60 a 64 años;Hombres;Porcentaje;2006T3;2,8
De 60 a 64 años;Hombres;Porcentaje;2006T2;3,3
De 60 a 64 años;Hombres;Porcentaje;2006T1;2,8
De 60 a 64 años;Hombres;Porcentaje;2005T4;3,2
De 60 a 64 años;Hombres;Porcentaje;2005T3;2,9
De 60 a 64 años;Hombres;Porcentaje;2005T2;3,5
De 60 a 64 años;Hombres;Porcentaje;2005T1;3
De 60 a 64 años;Hombres;Porcentaje;2004T4;3,5
De 60 a 64 años;Hombres;Porcentaje;2004T3;3,2
De 60 a 64 años;Hombres;Porcentaje;2004T2;3
De 60 a 64 años;Hombres;Porcentaje;2004T1;2,8
De 60 a 64 años;Hombres;Porcentaje;2003T4;3
De 60 a 64 años;Hombres;Porcentaje;2003T3;2,8
De 60 a 64 años;Hombres;Porcentaje;2003T2;2,5
De 60 a 64 años;Hombres;Porcentaje;2003T1;2,5
De 60 a 64 años;Hombres;Porcentaje;2002T4;2,4
De 60 a 64 años;Hombres;Porcentaje;2002T3;2,6
De 60 a 64 años;Hombres;Porcentaje;2002T2;2,3
De 60 a 64 años;Hombres;Porcentaje;2002T1;2,6
De 60 a 64 años;Mujeres;Valor absoluto;2026T1;116,7
De 60 a 64 años;Mujeres;Valor absoluto;2025T4;115,9
De 60 a 64 años;Mujeres;Valor absoluto;2025T3;112,7
De 60 a 64 años;Mujeres;Valor absoluto;2025T2;103
De 60 a 64 años;Mujeres;Valor absoluto;2025T1;118,4
De 60 a 64 años;Mujeres;Valor absoluto;2024T4;105,3
De 60 a 64 años;Mujeres;Valor absoluto;2024T3;109
De 60 a 64 años;Mujeres;Valor absoluto;2024T2;109,5
De 60 a 64 años;Mujeres;Valor absoluto;2024T1;116,9
De 60 a 64 años;Mujeres;Valor absoluto;2023T4;104,5
De 60 a 64 años;Mujeres;Valor absoluto;2023T3;105,6
De 60 a 64 años;Mujeres;Valor absoluto;2023T2;103,1
De 60 a 64 años;Mujeres;Valor absoluto;2023T1;111,5
De 60 a 64 años;Mujeres;Valor absoluto;2022T4;111,2
De 60 a 64 años;Mujeres;Valor absoluto;2022T3;102,9
De 60 a 64 años;Mujeres;Valor absoluto;2022T2;113,4
De 60 a 64 años;Mujeres;Valor absoluto;2022T1;112,6
De 60 a 64 años;Mujeres;Valor absoluto;2021T4;110,9
De 60 a 64 años;Mujeres;Valor absoluto;2021T3;116,6
De 60 a 64 años;Mujeres;Valor absoluto;2021T2;100,4
De 60 a 64 años;Mujeres;Valor absoluto;2021T1;86,3
De 60 a 64 años;Mujeres;Valor absoluto;2020T4;88,3
De 60 a 64 años;Mujeres;Valor absoluto;2020T3;85,6
De 60 a 64 años;Mujeres;Valor absoluto;2020T2;77,8
De 60 a 64 años;Mujeres;Valor absoluto;2020T1;85,4
De 60 a 64 años;Mujeres;Valor absoluto;2019T4;85,6
De 60 a 64 años;Mujeres;Valor absoluto;2019T3;83,5
De 60 a 64 años;Mujeres;Valor absoluto;2019T2;86,2
De 60 a 64 años;Mujeres;Valor absoluto;2019T1;81,1
De 60 a 64 años;Mujeres;Valor absoluto;2018T4;88,4
De 60 a 64 años;Mujeres;Valor absoluto;2018T3;75,6
De 60 a 64 años;Mujeres;Valor absoluto;2018T2;76,5
De 60 a 64 años;Mujeres;Valor absoluto;2018T1;91,6
De 60 a 64 años;Mujeres;Valor absoluto;2017T4;80
De 60 a 64 años;Mujeres;Valor absoluto;2017T3;78,5
De 60 a 64 años;Mujeres;Valor absoluto;2017T2;77,2
De 60 a 64 años;Mujeres;Valor absoluto;2017T1;74,4
De 60 a 64 años;Mujeres;Valor absoluto;2016T4;81,4
De 60 a 64 años;Mujeres;Valor absoluto;2016T3;83,8
De 60 a 64 años;Mujeres;Valor absoluto;2016T2;82
De 60 a 64 años;Mujeres;Valor absoluto;2016T1;84
De 60 a 64 años;Mujeres;Valor absoluto;2015T4;84,2
De 60 a 64 años;Mujeres;Valor absoluto;2015T3;80,3
De 60 a 64 años;Mujeres;Valor absoluto;2015T2;78,6
De 60 a 64 años;Mujeres;Valor absoluto;2015T1;75,2
De 60 a 64 años;Mujeres;Valor absoluto;2014T4;69,6
De 60 a 64 años;Mujeres;Valor absoluto;2014T3;66,3
De 60 a 64 años;Mujeres;Valor absoluto;2014T2;75,4
De 60 a 64 años;Mujeres;Valor absoluto;2014T1;71,1
De 60 a 64 años;Mujeres;Valor absoluto;2013T4;68,6
De 60 a 64 años;Mujeres;Valor absoluto;2013T3;78,2
De 60 a 64 años;Mujeres;Valor absoluto;2013T2;70,4
De 60 a 64 años;Mujeres;Valor absoluto;2013T1;82,4
De 60 a 64 años;Mujeres;Valor absoluto;2012T4;63,7
De 60 a 64 años;Mujeres;Valor absoluto;2012T3;63,8
De 60 a 64 años;Mujeres;Valor absoluto;2012T2;65
De 60 a 64 años;Mujeres;Valor absoluto;2012T1;53,2
De 60 a 64 años;Mujeres;Valor absoluto;2011T4;47,2
De 60 a 64 años;Mujeres;Valor absoluto;2011T3;50,7
De 60 a 64 años;Mujeres;Valor absoluto;2011T2;39,5
De 60 a 64 años;Mujeres;Valor absoluto;2011T1;37,4
De 60 a 64 años;Mujeres;Valor absoluto;2010T4;40,3
De 60 a 64 años;Mujeres;Valor absoluto;2010T3;38,7
De 60 a 64 años;Mujeres;Valor absoluto;2010T2;40,8
De 60 a 64 años;Mujeres;Valor absoluto;2010T1;39,6
De 60 a 64 años;Mujeres;Valor absoluto;2009T4;38
De 60 a 64 años;Mujeres;Valor absoluto;2009T3;40,1
De 60 a 64 años;Mujeres;Valor absoluto;2009T2;34,9
De 60 a 64 años;Mujeres;Valor absoluto;2009T1;29,9
De 60 a 64 años;Mujeres;Valor absoluto;2008T4;30
De 60 a 64 años;Mujeres;Valor absoluto;2008T3;19,9
De 60 a 64 años;Mujeres;Valor absoluto;2008T2;20,8
De 60 a 64 años;Mujeres;Valor absoluto;2008T1;24,7
De 60 a 64 años;Mujeres;Valor absoluto;2007T4;17
De 60 a 64 años;Mujeres;Valor absoluto;2007T3;19,3
De 60 a 64 años;Mujeres;Valor absoluto;2007T2;16,1
De 60 a 64 años;Mujeres;Valor absoluto;2007T1;21,6
De 60 a 64 años;Mujeres;Valor absoluto;2006T4;15,7
De 60 a 64 años;Mujeres;Valor absoluto;2006T3;14,9
De 60 a 64 años;Mujeres;Valor absoluto;2006T2;11,4
De 60 a 64 años;Mujeres;Valor absoluto;2006T1;11,9
De 60 a 64 años;Mujeres;Valor absoluto;2005T4;12,1
De 60 a 64 años;Mujeres;Valor absoluto;2005T3;13,3
De 60 a 64 años;Mujeres;Valor absoluto;2005T2;14,4
De 60 a 64 años;Mujeres;Valor absoluto;2005T1;17,8
De 60 a 64 años;Mujeres;Valor absoluto;2004T4;14,5
De 60 a 64 años;Mujeres;Valor absoluto;2004T3;20
De 60 a 64 años;Mujeres;Valor absoluto;2004T2;20,8
De 60 a 64 años;Mujeres;Valor absoluto;2004T1;16,5
De 60 a 64 años;Mujeres;Valor absoluto;2003T4;14,1
De 60 a 64 años;Mujeres;Valor absoluto;2003T3;16,8
De 60 a 64 años;Mujeres;Valor absoluto;2003T2;11
De 60 a 64 años;Mujeres;Valor absoluto;2003T1;11,5
De 60 a 64 años;Mujeres;Valor absoluto;2002T4;12,1
De 60 a 64 años;Mujeres;Valor absoluto;2002T3;13,5
De 60 a 64 años;Mujeres;Valor absoluto;2002T2;16,7
De 60 a 64 años;Mujeres;Valor absoluto;2002T1;13,5
De 60 a 64 años;Mujeres;Porcentaje;2026T1;8
De 60 a 64 años;Mujeres;Porcentaje;2025T4;8,8
De 60 a 64 años;Mujeres;Porcentaje;2025T3;7,9
De 60 a 64 años;Mujeres;Porcentaje;2025T2;7,6
De 60 a 64 años;Mujeres;Porcentaje;2025T1;8
De 60 a 64 años;Mujeres;Porcentaje;2024T4;7,7
De 60 a 64 años;Mujeres;Porcentaje;2024T3;7,5
De 60 a 64 años;Mujeres;Porcentaje;2024T2;7,5
De 60 a 64 años;Mujeres;Porcentaje;2024T1;7,4
De 60 a 64 años;Mujeres;Porcentaje;2023T4;6,8
De 60 a 64 años;Mujeres;Porcentaje;2023T3;6,7
De 60 a 64 años;Mujeres;Porcentaje;2023T2;6,9
De 60 a 64 años;Mujeres;Porcentaje;2023T1;6,5
De 60 a 64 años;Mujeres;Porcentaje;2022T4;6,8
De 60 a 64 años;Mujeres;Porcentaje;2022T3;6,2
De 60 a 64 años;Mujeres;Porcentaje;2022T2;7,1
De 60 a 64 años;Mujeres;Porcentaje;2022T1;6,6
De 60 a 64 años;Mujeres;Porcentaje;2021T4;6,6
De 60 a 64 años;Mujeres;Porcentaje;2021T3;6,4
De 60 a 64 años;Mujeres;Porcentaje;2021T2;5,3
De 60 a 64 años;Mujeres;Porcentaje;2021T1;4,4
De 60 a 64 años;Mujeres;Porcentaje;2020T4;4,4
De 60 a 64 años;Mujeres;Porcentaje;2020T3;4,4
De 60 a 64 años;Mujeres;Porcentaje;2020T2;4,6
De 60 a 64 años;Mujeres;Porcentaje;2020T1;4,9
De 60 a 64 años;Mujeres;Porcentaje;2019T4;5,1
De 60 a 64 años;Mujeres;Porcentaje;2019T3;4,9
De 60 a 64 años;Mujeres;Porcentaje;2019T2;5,1
De 60 a 64 años;Mujeres;Porcentaje;2019T1;4,5
De 60 a 64 años;Mujeres;Porcentaje;2018T4;5,1
De 60 a 64 años;Mujeres;Porcentaje;2018T3;4,4
De 60 a 64 años;Mujeres;Porcentaje;2018T2;4,2
De 60 a 64 años;Mujeres;Porcentaje;2018T1;4,7
De 60 a 64 años;Mujeres;Porcentaje;2017T4;4,1
De 60 a 64 años;Mujeres;Porcentaje;2017T3;4,1
De 60 a 64 años;Mujeres;Porcentaje;2017T2;3,8
De 60 a 64 años;Mujeres;Porcentaje;2017T1;3,4
De 60 a 64 años;Mujeres;Porcentaje;2016T4;3,8
De 60 a 64 años;Mujeres;Porcentaje;2016T3;3,8
De 60 a 64 años;Mujeres;Porcentaje;2016T2;3,5
De 60 a 64 años;Mujeres;Porcentaje;2016T1;3,5
De 60 a 64 años;Mujeres;Porcentaje;2015T4;3,5
De 60 a 64 años;Mujeres;Porcentaje;2015T3;3,4
De 60 a 64 años;Mujeres;Porcentaje;2015T2;3,1
De 60 a 64 años;Mujeres;Porcentaje;2015T1;2,8
De 60 a 64 años;Mujeres;Porcentaje;2014T4;2,6
De 60 a 64 años;Mujeres;Porcentaje;2014T3;2,5
De 60 a 64 años;Mujeres;Porcentaje;2014T2;2,8
De 60 a 64 años;Mujeres;Porcentaje;2014T1;2,5
De 60 a 64 años;Mujeres;Porcentaje;2013T4;2,4
De 60 a 64 años;Mujeres;Porcentaje;2013T3;2,8
De 60 a 64 años;Mujeres;Porcentaje;2013T2;2,5
De 60 a 64 años;Mujeres;Porcentaje;2013T1;2,8
De 60 a 64 años;Mujeres;Porcentaje;2012T4;2,3
De 60 a 64 años;Mujeres;Porcentaje;2012T3;2,4
De 60 a 64 años;Mujeres;Porcentaje;2012T2;2,5
De 60 a 64 años;Mujeres;Porcentaje;2012T1;2
De 60 a 64 años;Mujeres;Porcentaje;2011T4;1,9
De 60 a 64 años;Mujeres;Porcentaje;2011T3;2,2
De 60 a 64 años;Mujeres;Porcentaje;2011T2;1,8
De 60 a 64 años;Mujeres;Porcentaje;2011T1;1,6
De 60 a 64 años;Mujeres;Porcentaje;2010T4;1,9
De 60 a 64 años;Mujeres;Porcentaje;2010T3;1,8
De 60 a 64 años;Mujeres;Porcentaje;2010T2;1,9
De 60 a 64 años;Mujeres;Porcentaje;2010T1;1,9
De 60 a 64 años;Mujeres;Porcentaje;2009T4;2
De 60 a 64 años;Mujeres;Porcentaje;2009T3;2,2
De 60 a 64 años;Mujeres;Porcentaje;2009T2;1,9
De 60 a 64 años;Mujeres;Porcentaje;2009T1;1,7
De 60 a 64 años;Mujeres;Porcentaje;2008T4;2
De 60 a 64 años;Mujeres;Porcentaje;2008T3;1,6
De 60 a 64 años;Mujeres;Porcentaje;2008T2;1,7
De 60 a 64 años;Mujeres;Porcentaje;2008T1;2,1
De 60 a 64 años;Mujeres;Porcentaje;2007T4;1,6
De 60 a 64 años;Mujeres;Porcentaje;2007T3;1,9
De 60 a 64 años;Mujeres;Porcentaje;2007T2;1,6
De 60 a 64 años;Mujeres;Porcentaje;2007T1;2
De 60 a 64 años;Mujeres;Porcentaje;2006T4;1,5
De 60 a 64 años;Mujeres;Porcentaje;2006T3;1,5
De 60 a 64 años;Mujeres;Porcentaje;2006T2;1,1
De 60 a 64 años;Mujeres;Porcentaje;2006T1;1,1
De 60 a 64 años;Mujeres;Porcentaje;2005T4;1,2
De 60 a 64 años;Mujeres;Porcentaje;2005T3;1,4
De 60 a 64 años;Mujeres;Porcentaje;2005T2;1,4
De 60 a 64 años;Mujeres;Porcentaje;2005T1;1,5
De 60 a 64 años;Mujeres;Porcentaje;2004T4;1,2
De 60 a 64 años;Mujeres;Porcentaje;2004T3;1,7
De 60 a 64 años;Mujeres;Porcentaje;2004T2;1,7
De 60 a 64 años;Mujeres;Porcentaje;2004T1;1,3
De 60 a 64 años;Mujeres;Porcentaje;2003T4;1,1
De 60 a 64 años;Mujeres;Porcentaje;2003T3;1,3
De 60 a 64 años;Mujeres;Porcentaje;2003T2;0,9
De 60 a 64 años;Mujeres;Porcentaje;2003T1;0,9
De 60 a 64 años;Mujeres;Porcentaje;2002T4;1
De 60 a 64 años;Mujeres;Porcentaje;2002T3;1,1
De 60 a 64 años;Mujeres;Porcentaje;2002T2;1,4
De 60 a 64 años;Mujeres;Porcentaje;2002T1;1,1
De 65 a 69 años;Ambos sexos;Valor absoluto;2026T1;29
De 65 a 69 años;Ambos sexos;Valor absoluto;2025T4;23,1
De 65 a 69 años;Ambos sexos;Valor absoluto;2025T3;23,1
De 65 a 69 años;Ambos sexos;Valor absoluto;2025T2;22,6
De 65 a 69 años;Ambos sexos;Valor absoluto;2025T1;25,8
De 65 a 69 años;Ambos sexos;Valor absoluto;2024T4;27,7
De 65 a 69 años;Ambos sexos;Valor absoluto;2024T3;19,5
De 65 a 69 años;Ambos sexos;Valor absoluto;2024T2;20,8
De 65 a 69 años;Ambos sexos;Valor absoluto;2024T1;26,7
De 65 a 69 años;Ambos sexos;Valor absoluto;2023T4;17,8
De 65 a 69 años;Ambos sexos;Valor absoluto;2023T3;23,1
De 65 a 69 años;Ambos sexos;Valor absoluto;2023T2;24,5
De 65 a 69 años;Ambos sexos;Valor absoluto;2023T1;21,6
De 65 a 69 años;Ambos sexos;Valor absoluto;2022T4;15,8
De 65 a 69 años;Ambos sexos;Valor absoluto;2022T3;15,7
De 65 a 69 años;Ambos sexos;Valor absoluto;2022T2;15,7
De 65 a 69 años;Ambos sexos;Valor absoluto;2022T1;20,6
De 65 a 69 años;Ambos sexos;Valor absoluto;2021T4;16,7
De 65 a 69 años;Ambos sexos;Valor absoluto;2021T3;18
De 65 a 69 años;Ambos sexos;Valor absoluto;2021T2;15,8
De 65 a 69 años;Ambos sexos;Valor absoluto;2021T1;12,5
De 65 a 69 años;Ambos sexos;Valor absoluto;2020T4;13,8
De 65 a 69 años;Ambos sexos;Valor absoluto;2020T3;12,9
De 65 a 69 años;Ambos sexos;Valor absoluto;2020T2;13,5
De 65 a 69 años;Ambos sexos;Valor absoluto;2020T1;11,8
De 65 a 69 años;Ambos sexos;Valor absoluto;2019T4;10,1
De 65 a 69 años;Ambos sexos;Valor absoluto;2019T3;9,9
De 65 a 69 años;Ambos sexos;Valor absoluto;2019T2;16,2
De 65 a 69 años;Ambos sexos;Valor absoluto;2019T1;11,1
De 65 a 69 años;Ambos sexos;Valor absoluto;2018T4;9,5
De 65 a 69 años;Ambos sexos;Valor absoluto;2018T3;8,9
De 65 a 69 años;Ambos sexos;Valor absoluto;2018T2;8,5
De 65 a 69 años;Ambos sexos;Valor absoluto;2018T1;7,9
De 65 a 69 años;Ambos sexos;Valor absoluto;2017T4;7,3
De 65 a 69 años;Ambos sexos;Valor absoluto;2017T3;8,4
De 65 a 69 años;Ambos sexos;Valor absoluto;2017T2;4,9
De 65 a 69 años;Ambos sexos;Valor absoluto;2017T1;6,6
De 65 a 69 años;Ambos sexos;Valor absoluto;2016T4;5,4
De 65 a 69 años;Ambos sexos;Valor absoluto;2016T3;6,6
De 65 a 69 años;Ambos sexos;Valor absoluto;2016T2;5
De 65 a 69 años;Ambos sexos;Valor absoluto;2016T1;7,3
De 65 a 69 años;Ambos sexos;Valor absoluto;2015T4;6,4
De 65 a 69 años;Ambos sexos;Valor absoluto;2015T3;5,6
De 65 a 69 años;Ambos sexos;Valor absoluto;2015T2;5
De 65 a 69 años;Ambos sexos;Valor absoluto;2015T1;6,2
De 65 a 69 años;Ambos sexos;Valor absoluto;2014T4;6,8
De 65 a 69 años;Ambos sexos;Valor absoluto;2014T3;5,8
De 65 a 69 años;Ambos sexos;Valor absoluto;2014T2;5,8
De 65 a 69 años;Ambos sexos;Valor absoluto;2014T1;7,9
De 65 a 69 años;Ambos sexos;Valor absoluto;2013T4;12
De 65 a 69 años;Ambos sexos;Valor absoluto;2013T3;9
De 65 a 69 años;Ambos sexos;Valor absoluto;2013T2;7,1
De 65 a 69 años;Ambos sexos;Valor absoluto;2013T1;7,8
De 65 a 69 años;Ambos sexos;Valor absoluto;2012T4;6,8
De 65 a 69 años;Ambos sexos;Valor absoluto;2012T3;6,8
De 65 a 69 años;Ambos sexos;Valor absoluto;2012T2;6,4
De 65 a 69 años;Ambos sexos;Valor absoluto;2012T1;4
De 65 a 69 años;Ambos sexos;Valor absoluto;2011T4;4
De 65 a 69 años;Ambos sexos;Valor absoluto;2011T3;1
De 65 a 69 años;Ambos sexos;Valor absoluto;2011T2;1,1
De 65 a 69 años;Ambos sexos;Valor absoluto;2011T1;3
De 65 a 69 años;Ambos sexos;Valor absoluto;2010T4;2,4
De 65 a 69 años;Ambos sexos;Valor absoluto;2010T3;3
De 65 a 69 años;Ambos sexos;Valor absoluto;2010T2;5,4
De 65 a 69 años;Ambos sexos;Valor absoluto;2010T1;3,1
De 65 a 69 años;Ambos sexos;Valor absoluto;2009T4;7,1
De 65 a 69 años;Ambos sexos;Valor absoluto;2009T3;2,9
De 65 a 69 años;Ambos sexos;Valor absoluto;2009T2;2,7
De 65 a 69 años;Ambos sexos;Valor absoluto;2009T1;3,5
De 65 a 69 años;Ambos sexos;Valor absoluto;2008T4;4
De 65 a 69 años;Ambos sexos;Valor absoluto;2008T3;3,8
De 65 a 69 años;Ambos sexos;Valor absoluto;2008T2;4,6
De 65 a 69 años;Ambos sexos;Valor absoluto;2008T1;2,6
De 65 a 69 años;Ambos sexos;Valor absoluto;2007T4;1
De 65 a 69 años;Ambos sexos;Valor absoluto;2007T3;1,1
De 65 a 69 años;Ambos sexos;Valor absoluto;2007T2;2,1
De 65 a 69 años;Ambos sexos;Valor absoluto;2007T1;2,7
De 65 a 69 años;Ambos sexos;Valor absoluto;2006T4;2,3
De 65 a 69 años;Ambos sexos;Valor absoluto;2006T3;1,3
De 65 a 69 años;Ambos sexos;Valor absoluto;2006T2;2,6
De 65 a 69 años;Ambos sexos;Valor absoluto;2006T1;2,4
De 65 a 69 años;Ambos sexos;Valor absoluto;2005T4;1,6
De 65 a 69 años;Ambos sexos;Valor absoluto;2005T3;4,1
De 65 a 69 años;Ambos sexos;Valor absoluto;2005T2;2,8
De 65 a 69 años;Ambos sexos;Valor absoluto;2005T1;2
De 65 a 69 años;Ambos sexos;Valor absoluto;2004T4;1,2
De 65 a 69 años;Ambos sexos;Valor absoluto;2004T3;0,7
De 65 a 69 años;Ambos sexos;Valor absoluto;2004T2;1,9
De 65 a 69 años;Ambos sexos;Valor absoluto;2004T1;1,8
De 65 a 69 años;Ambos sexos;Valor absoluto;2003T4;1,3
De 65 a 69 años;Ambos sexos;Valor absoluto;2003T3;1,2
De 65 a 69 años;Ambos sexos;Valor absoluto;2003T2;2,2
De 65 a 69 años;Ambos sexos;Valor absoluto;2003T1;1,7
De 65 a 69 años;Ambos sexos;Valor absoluto;2002T4;1,5
De 65 a 69 años;Ambos sexos;Valor absoluto;2002T3;0,7
De 65 a 69 años;Ambos sexos;Valor absoluto;2002T2;1,7
De 65 a 69 años;Ambos sexos;Valor absoluto;2002T1;1,8
De 65 a 69 años;Ambos sexos;Porcentaje;2026T1;1,1
De 65 a 69 años;Ambos sexos;Porcentaje;2025T4;0,9
De 65 a 69 años;Ambos sexos;Porcentaje;2025T3;0,9
De 65 a 69 años;Ambos sexos;Porcentaje;2025T2;0,9
De 65 a 69 años;Ambos sexos;Porcentaje;2025T1;0,9
De 65 a 69 años;Ambos sexos;Porcentaje;2024T4;1,1
De 65 a 69 años;Ambos sexos;Porcentaje;2024T3;0,7
De 65 a 69 años;Ambos sexos;Porcentaje;2024T2;0,8
De 65 a 69 años;Ambos sexos;Porcentaje;2024T1;0,9
De 65 a 69 años;Ambos sexos;Porcentaje;2023T4;0,6
De 65 a 69 años;Ambos sexos;Porcentaje;2023T3;0,8
De 65 a 69 años;Ambos sexos;Porcentaje;2023T2;0,9
De 65 a 69 años;Ambos sexos;Porcentaje;2023T1;0,7
De 65 a 69 años;Ambos sexos;Porcentaje;2022T4;0,5
De 65 a 69 años;Ambos sexos;Porcentaje;2022T3;0,5
De 65 a 69 años;Ambos sexos;Porcentaje;2022T2;0,5
De 65 a 69 años;Ambos sexos;Porcentaje;2022T1;0,6
De 65 a 69 años;Ambos sexos;Porcentaje;2021T4;0,5
De 65 a 69 años;Ambos sexos;Porcentaje;2021T3;0,5
De 65 a 69 años;Ambos sexos;Porcentaje;2021T2;0,4
De 65 a 69 años;Ambos sexos;Porcentaje;2021T1;0,3
De 65 a 69 años;Ambos sexos;Porcentaje;2020T4;0,4
De 65 a 69 años;Ambos sexos;Porcentaje;2020T3;0,3
De 65 a 69 años;Ambos sexos;Porcentaje;2020T2;0,4
De 65 a 69 años;Ambos sexos;Porcentaje;2020T1;0,4
De 65 a 69 años;Ambos sexos;Porcentaje;2019T4;0,3
De 65 a 69 años;Ambos sexos;Porcentaje;2019T3;0,3
De 65 a 69 años;Ambos sexos;Porcentaje;2019T2;0,5
De 65 a 69 años;Ambos sexos;Porcentaje;2019T1;0,3
De 65 a 69 años;Ambos sexos;Porcentaje;2018T4;0,3
De 65 a 69 años;Ambos sexos;Porcentaje;2018T3;0,3
De 65 a 69 años;Ambos sexos;Porcentaje;2018T2;0,2
De 65 a 69 años;Ambos sexos;Porcentaje;2018T1;0,2
De 65 a 69 años;Ambos sexos;Porcentaje;2017T4;0,2
De 65 a 69 años;Ambos sexos;Porcentaje;2017T3;0,2
De 65 a 69 años;Ambos sexos;Porcentaje;2017T2;0,1
De 65 a 69 años;Ambos sexos;Porcentaje;2017T1;0,2
De 65 a 69 años;Ambos sexos;Porcentaje;2016T4;0,1
De 65 a 69 años;Ambos sexos;Porcentaje;2016T3;0,2
De 65 a 69 años;Ambos sexos;Porcentaje;2016T2;0,1
De 65 a 69 años;Ambos sexos;Porcentaje;2016T1;0,2
De 65 a 69 años;Ambos sexos;Porcentaje;2015T4;0,1
De 65 a 69 años;Ambos sexos;Porcentaje;2015T3;0,1
De 65 a 69 años;Ambos sexos;Porcentaje;2015T2;0,1
De 65 a 69 años;Ambos sexos;Porcentaje;2015T1;0,1
De 65 a 69 años;Ambos sexos;Porcentaje;2014T4;0,1
De 65 a 69 años;Ambos sexos;Porcentaje;2014T3;0,1
De 65 a 69 años;Ambos sexos;Porcentaje;2014T2;0,1
De 65 a 69 años;Ambos sexos;Porcentaje;2014T1;0,1
De 65 a 69 años;Ambos sexos;Porcentaje;2013T4;0,2
De 65 a 69 años;Ambos sexos;Porcentaje;2013T3;0,2
De 65 a 69 años;Ambos sexos;Porcentaje;2013T2;0,1
De 65 a 69 años;Ambos sexos;Porcentaje;2013T1;0,1
De 65 a 69 años;Ambos sexos;Porcentaje;2012T4;0,1
De 65 a 69 años;Ambos sexos;Porcentaje;2012T3;0,1
De 65 a 69 años;Ambos sexos;Porcentaje;2012T2;0,1
De 65 a 69 años;Ambos sexos;Porcentaje;2012T1;0,1
De 65 a 69 años;Ambos sexos;Porcentaje;2011T4;0,1
De 65 a 69 años;Ambos sexos;Porcentaje;2011T3;0
De 65 a 69 años;Ambos sexos;Porcentaje;2011T2;0
De 65 a 69 años;Ambos sexos;Porcentaje;2011T1;0,1
De 65 a 69 años;Ambos sexos;Porcentaje;2010T4;0,1
De 65 a 69 años;Ambos sexos;Porcentaje;2010T3;0,1
De 65 a 69 años;Ambos sexos;Porcentaje;2010T2;0,1
De 65 a 69 años;Ambos sexos;Porcentaje;2010T1;0,1
De 65 a 69 años;Ambos sexos;Porcentaje;2009T4;0,2
De 65 a 69 años;Ambos sexos;Porcentaje;2009T3;0,1
De 65 a 69 años;Ambos sexos;Porcentaje;2009T2;0,1
De 65 a 69 años;Ambos sexos;Porcentaje;2009T1;0,1
De 65 a 69 años;Ambos sexos;Porcentaje;2008T4;0,1
De 65 a 69 años;Ambos sexos;Porcentaje;2008T3;0,1
De 65 a 69 años;Ambos sexos;Porcentaje;2008T2;0,2
De 65 a 69 años;Ambos sexos;Porcentaje;2008T1;0,1
De 65 a 69 años;Ambos sexos;Porcentaje;2007T4;0,1
De 65 a 69 años;Ambos sexos;Porcentaje;2007T3;0,1
De 65 a 69 años;Ambos sexos;Porcentaje;2007T2;0,1
De 65 a 69 años;Ambos sexos;Porcentaje;2007T1;0,1
De 65 a 69 años;Ambos sexos;Porcentaje;2006T4;0,1
De 65 a 69 años;Ambos sexos;Porcentaje;2006T3;0,1
De 65 a 69 años;Ambos sexos;Porcentaje;2006T2;0,1
De 65 a 69 años;Ambos sexos;Porcentaje;2006T1;0,1
De 65 a 69 años;Ambos sexos;Porcentaje;2005T4;0,1
De 65 a 69 años;Ambos sexos;Porcentaje;2005T3;0,2
De 65 a 69 años;Ambos sexos;Porcentaje;2005T2;0,1
De 65 a 69 años;Ambos sexos;Porcentaje;2005T1;0,1
De 65 a 69 años;Ambos sexos;Porcentaje;2004T4;0,1
De 65 a 69 años;Ambos sexos;Porcentaje;2004T3;0
De 65 a 69 años;Ambos sexos;Porcentaje;2004T2;0,1
De 65 a 69 años;Ambos sexos;Porcentaje;2004T1;0,1
De 65 a 69 años;Ambos sexos;Porcentaje;2003T4;0,1
De 65 a 69 años;Ambos sexos;Porcentaje;2003T3;0,1
De 65 a 69 años;Ambos sexos;Porcentaje;2003T2;0,1
De 65 a 69 años;Ambos sexos;Porcentaje;2003T1;0,1
De 65 a 69 años;Ambos sexos;Porcentaje;2002T4;0,1
De 65 a 69 años;Ambos sexos;Porcentaje;2002T3;0
De 65 a 69 años;Ambos sexos;Porcentaje;2002T2;0,1
De 65 a 69 años;Ambos sexos;Porcentaje;2002T1;0,1
De 65 a 69 años;Hombres;Valor absoluto;2026T1;11,9
De 65 a 69 años;Hombres;Valor absoluto;2025T4;10,3
De 65 a 69 años;Hombres;Valor absoluto;2025T3;8,4
De 65 a 69 años;Hombres;Valor absoluto;2025T2;7,8
De 65 a 69 años;Hombres;Valor absoluto;2025T1;5,2
De 65 a 69 años;Hombres;Valor absoluto;2024T4;11,3
De 65 a 69 años;Hombres;Valor absoluto;2024T3;7,9
De 65 a 69 años;Hombres;Valor absoluto;2024T2;5,5
De 65 a 69 años;Hombres;Valor absoluto;2024T1;10,4
De 65 a 69 años;Hombres;Valor absoluto;2023T4;7,8
De 65 a 69 años;Hombres;Valor absoluto;2023T3;7,4
De 65 a 69 años;Hombres;Valor absoluto;2023T2;10,7
De 65 a 69 años;Hombres;Valor absoluto;2023T1;9
De 65 a 69 años;Hombres;Valor absoluto;2022T4;6,1
De 65 a 69 años;Hombres;Valor absoluto;2022T3;7,2
De 65 a 69 años;Hombres;Valor absoluto;2022T2;8,9
De 65 a 69 años;Hombres;Valor absoluto;2022T1;10,7
De 65 a 69 años;Hombres;Valor absoluto;2021T4;9,3
De 65 a 69 años;Hombres;Valor absoluto;2021T3;10
De 65 a 69 años;Hombres;Valor absoluto;2021T2;7,7
De 65 a 69 años;Hombres;Valor absoluto;2021T1;5,3
De 65 a 69 años;Hombres;Valor absoluto;2020T4;6,6
De 65 a 69 años;Hombres;Valor absoluto;2020T3;7
De 65 a 69 años;Hombres;Valor absoluto;2020T2;5,2
De 65 a 69 años;Hombres;Valor absoluto;2020T1;4,7
De 65 a 69 años;Hombres;Valor absoluto;2019T4;4,9
De 65 a 69 años;Hombres;Valor absoluto;2019T3;5,7
De 65 a 69 años;Hombres;Valor absoluto;2019T2;7,6
De 65 a 69 años;Hombres;Valor absoluto;2019T1;4,6
De 65 a 69 años;Hombres;Valor absoluto;2018T4;4,6
De 65 a 69 años;Hombres;Valor absoluto;2018T3;5,4
De 65 a 69 años;Hombres;Valor absoluto;2018T2;5,7
De 65 a 69 años;Hombres;Valor absoluto;2018T1;6
De 65 a 69 años;Hombres;Valor absoluto;2017T4;4,4
De 65 a 69 años;Hombres;Valor absoluto;2017T3;5,8
De 65 a 69 años;Hombres;Valor absoluto;2017T2;2,7
De 65 a 69 años;Hombres;Valor absoluto;2017T1;3,5
De 65 a 69 años;Hombres;Valor absoluto;2016T4;2,6
De 65 a 69 años;Hombres;Valor absoluto;2016T3;1,5
De 65 a 69 años;Hombres;Valor absoluto;2016T2;2,4
De 65 a 69 años;Hombres;Valor absoluto;2016T1;2,4
De 65 a 69 años;Hombres;Valor absoluto;2015T4;3,7
De 65 a 69 años;Hombres;Valor absoluto;2015T3;3,2
De 65 a 69 años;Hombres;Valor absoluto;2015T2;2,7
De 65 a 69 años;Hombres;Valor absoluto;2015T1;3,2
De 65 a 69 años;Hombres;Valor absoluto;2014T4;4,5
De 65 a 69 años;Hombres;Valor absoluto;2014T3;2,2
De 65 a 69 años;Hombres;Valor absoluto;2014T2;1,7
De 65 a 69 años;Hombres;Valor absoluto;2014T1;4,2
De 65 a 69 años;Hombres;Valor absoluto;2013T4;5,1
De 65 a 69 años;Hombres;Valor absoluto;2013T3;5,4
De 65 a 69 años;Hombres;Valor absoluto;2013T2;4,7
De 65 a 69 años;Hombres;Valor absoluto;2013T1;6,1
De 65 a 69 años;Hombres;Valor absoluto;2012T4;3,5
De 65 a 69 años;Hombres;Valor absoluto;2012T3;3,5
De 65 a 69 años;Hombres;Valor absoluto;2012T2;4,2
De 65 a 69 años;Hombres;Valor absoluto;2012T1;3,1
De 65 a 69 años;Hombres;Valor absoluto;2011T4;1,5
De 65 a 69 años;Hombres;Valor absoluto;2011T3;0,3
De 65 a 69 años;Hombres;Valor absoluto;2011T2;0,1
De 65 a 69 años;Hombres;Valor absoluto;2011T1;1,2
De 65 a 69 años;Hombres;Valor absoluto;2010T4;1,7
De 65 a 69 años;Hombres;Valor absoluto;2010T3;2,4
De 65 a 69 años;Hombres;Valor absoluto;2010T2;4,3
De 65 a 69 años;Hombres;Valor absoluto;2010T1;2,4
De 65 a 69 años;Hombres;Valor absoluto;2009T4;6,4
De 65 a 69 años;Hombres;Valor absoluto;2009T3;1,7
De 65 a 69 años;Hombres;Valor absoluto;2009T2;1,6
De 65 a 69 años;Hombres;Valor absoluto;2009T1;1,3
De 65 a 69 años;Hombres;Valor absoluto;2008T4;1,7
De 65 a 69 años;Hombres;Valor absoluto;2008T3;0,6
De 65 a 69 años;Hombres;Valor absoluto;2008T2;2,5
De 65 a 69 años;Hombres;Valor absoluto;2008T1;0,7
De 65 a 69 años;Hombres;Valor absoluto;2007T4;0,5
De 65 a 69 años;Hombres;Valor absoluto;2007T3;0,2
De 65 a 69 años;Hombres;Valor absoluto;2007T2;1,3
De 65 a 69 años;Hombres;Valor absoluto;2007T1;1,8
De 65 a 69 años;Hombres;Valor absoluto;2006T4;2,1
De 65 a 69 años;Hombres;Valor absoluto;2006T3;0,9
De 65 a 69 años;Hombres;Valor absoluto;2006T2;1,7
De 65 a 69 años;Hombres;Valor absoluto;2006T1;1,3
De 65 a 69 años;Hombres;Valor absoluto;2005T4;1,3
De 65 a 69 años;Hombres;Valor absoluto;2005T3;2,4
De 65 a 69 años;Hombres;Valor absoluto;2005T2;1,1
De 65 a 69 años;Hombres;Valor absoluto;2005T1;0,9
De 65 a 69 años;Hombres;Valor absoluto;2004T4;0,3
De 65 a 69 años;Hombres;Valor absoluto;2004T3;0,4
De 65 a 69 años;Hombres;Valor absoluto;2004T2;1,2
De 65 a 69 años;Hombres;Valor absoluto;2004T1;1
De 65 a 69 años;Hombres;Valor absoluto;2003T4;0,4
De 65 a 69 años;Hombres;Valor absoluto;2003T3;0,3
De 65 a 69 años;Hombres;Valor absoluto;2003T2;0,9
De 65 a 69 años;Hombres;Valor absoluto;2003T1;1,5
De 65 a 69 años;Hombres;Valor absoluto;2002T4;1
De 65 a 69 años;Hombres;Valor absoluto;2002T3;0,5
De 65 a 69 años;Hombres;Valor absoluto;2002T2;1
De 65 a 69 años;Hombres;Valor absoluto;2002T1;1,1
De 65 a 69 años;Hombres;Porcentaje;2026T1;1
De 65 a 69 años;Hombres;Porcentaje;2025T4;0,9
De 65 a 69 años;Hombres;Porcentaje;2025T3;0,7
De 65 a 69 años;Hombres;Porcentaje;2025T2;0,6
De 65 a 69 años;Hombres;Porcentaje;2025T1;0,4
De 65 a 69 años;Hombres;Porcentaje;2024T4;0,9
De 65 a 69 años;Hombres;Porcentaje;2024T3;0,6
De 65 a 69 años;Hombres;Porcentaje;2024T2;0,4
De 65 a 69 años;Hombres;Porcentaje;2024T1;0,7
De 65 a 69 años;Hombres;Porcentaje;2023T4;0,6
De 65 a 69 años;Hombres;Porcentaje;2023T3;0,6
De 65 a 69 años;Hombres;Porcentaje;2023T2;0,8
De 65 a 69 años;Hombres;Porcentaje;2023T1;0,6
De 65 a 69 años;Hombres;Porcentaje;2022T4;0,4
De 65 a 69 años;Hombres;Porcentaje;2022T3;0,5
De 65 a 69 años;Hombres;Porcentaje;2022T2;0,6
De 65 a 69 años;Hombres;Porcentaje;2022T1;0,7
De 65 a 69 años;Hombres;Porcentaje;2021T4;0,6
De 65 a 69 años;Hombres;Porcentaje;2021T3;0,6
De 65 a 69 años;Hombres;Porcentaje;2021T2;0,5
De 65 a 69 años;Hombres;Porcentaje;2021T1;0,3
De 65 a 69 años;Hombres;Porcentaje;2020T4;0,4
De 65 a 69 años;Hombres;Porcentaje;2020T3;0,4
De 65 a 69 años;Hombres;Porcentaje;2020T2;0,3
De 65 a 69 años;Hombres;Porcentaje;2020T1;0,3
De 65 a 69 años;Hombres;Porcentaje;2019T4;0,3
De 65 a 69 años;Hombres;Porcentaje;2019T3;0,4
De 65 a 69 años;Hombres;Porcentaje;2019T2;0,5
De 65 a 69 años;Hombres;Porcentaje;2019T1;0,3
De 65 a 69 años;Hombres;Porcentaje;2018T4;0,3
De 65 a 69 años;Hombres;Porcentaje;2018T3;0,3
De 65 a 69 años;Hombres;Porcentaje;2018T2;0,3
De 65 a 69 años;Hombres;Porcentaje;2018T1;0,3
De 65 a 69 años;Hombres;Porcentaje;2017T4;0,2
De 65 a 69 años;Hombres;Porcentaje;2017T3;0,3
De 65 a 69 años;Hombres;Porcentaje;2017T2;0,1
De 65 a 69 años;Hombres;Porcentaje;2017T1;0,2
De 65 a 69 años;Hombres;Porcentaje;2016T4;0,1
De 65 a 69 años;Hombres;Porcentaje;2016T3;0,1
De 65 a 69 años;Hombres;Porcentaje;2016T2;0,1
De 65 a 69 años;Hombres;Porcentaje;2016T1;0,1
De 65 a 69 años;Hombres;Porcentaje;2015T4;0,2
De 65 a 69 años;Hombres;Porcentaje;2015T3;0,1
De 65 a 69 años;Hombres;Porcentaje;2015T2;0,1
De 65 a 69 años;Hombres;Porcentaje;2015T1;0,1
De 65 a 69 años;Hombres;Porcentaje;2014T4;0,2
De 65 a 69 años;Hombres;Porcentaje;2014T3;0,1
De 65 a 69 años;Hombres;Porcentaje;2014T2;0,1
De 65 a 69 años;Hombres;Porcentaje;2014T1;0,1
De 65 a 69 años;Hombres;Porcentaje;2013T4;0,2
De 65 a 69 años;Hombres;Porcentaje;2013T3;0,2
De 65 a 69 años;Hombres;Porcentaje;2013T2;0,1
De 65 a 69 años;Hombres;Porcentaje;2013T1;0,2
De 65 a 69 años;Hombres;Porcentaje;2012T4;0,1
De 65 a 69 años;Hombres;Porcentaje;2012T3;0,1
De 65 a 69 años;Hombres;Porcentaje;2012T2;0,1
De 65 a 69 años;Hombres;Porcentaje;2012T1;0,1
De 65 a 69 años;Hombres;Porcentaje;2011T4;0,1
De 65 a 69 años;Hombres;Porcentaje;2011T3;0
De 65 a 69 años;Hombres;Porcentaje;2011T2;0
De 65 a 69 años;Hombres;Porcentaje;2011T1;0
De 65 a 69 años;Hombres;Porcentaje;2010T4;0,1
De 65 a 69 años;Hombres;Porcentaje;2010T3;0,1
De 65 a 69 años;Hombres;Porcentaje;2010T2;0,2
De 65 a 69 años;Hombres;Porcentaje;2010T1;0,1
De 65 a 69 años;Hombres;Porcentaje;2009T4;0,3
De 65 a 69 años;Hombres;Porcentaje;2009T3;0,1
De 65 a 69 años;Hombres;Porcentaje;2009T2;0,1
De 65 a 69 años;Hombres;Porcentaje;2009T1;0,1
De 65 a 69 años;Hombres;Porcentaje;2008T4;0,1
De 65 a 69 años;Hombres;Porcentaje;2008T3;0
De 65 a 69 años;Hombres;Porcentaje;2008T2;0,2
De 65 a 69 años;Hombres;Porcentaje;2008T1;0,1
De 65 a 69 años;Hombres;Porcentaje;2007T4;0,1
De 65 a 69 años;Hombres;Porcentaje;2007T3;0
De 65 a 69 años;Hombres;Porcentaje;2007T2;0,2
De 65 a 69 años;Hombres;Porcentaje;2007T1;0,2
De 65 a 69 años;Hombres;Porcentaje;2006T4;0,3
De 65 a 69 años;Hombres;Porcentaje;2006T3;0,1
De 65 a 69 años;Hombres;Porcentaje;2006T2;0,2
De 65 a 69 años;Hombres;Porcentaje;2006T1;0,2
De 65 a 69 años;Hombres;Porcentaje;2005T4;0,2
De 65 a 69 años;Hombres;Porcentaje;2005T3;0,3
De 65 a 69 años;Hombres;Porcentaje;2005T2;0,1
De 65 a 69 años;Hombres;Porcentaje;2005T1;0,1
De 65 a 69 años;Hombres;Porcentaje;2004T4;0
De 65 a 69 años;Hombres;Porcentaje;2004T3;0
De 65 a 69 años;Hombres;Porcentaje;2004T2;0,1
De 65 a 69 años;Hombres;Porcentaje;2004T1;0,1
De 65 a 69 años;Hombres;Porcentaje;2003T4;0
De 65 a 69 años;Hombres;Porcentaje;2003T3;0
De 65 a 69 años;Hombres;Porcentaje;2003T2;0,1
De 65 a 69 años;Hombres;Porcentaje;2003T1;0,2
De 65 a 69 años;Hombres;Porcentaje;2002T4;0,1
De 65 a 69 años;Hombres;Porcentaje;2002T3;0,1
De 65 a 69 años;Hombres;Porcentaje;2002T2;0,1
De 65 a 69 años;Hombres;Porcentaje;2002T1;0,1
De 65 a 69 años;Mujeres;Valor absoluto;2026T1;17,1
De 65 a 69 años;Mujeres;Valor absoluto;2025T4;12,8
De 65 a 69 años;Mujeres;Valor absoluto;2025T3;14,8
De 65 a 69 años;Mujeres;Valor absoluto;2025T2;14,8
De 65 a 69 años;Mujeres;Valor absoluto;2025T1;20,6
De 65 a 69 años;Mujeres;Valor absoluto;2024T4;16,5
De 65 a 69 años;Mujeres;Valor absoluto;2024T3;11,6
De 65 a 69 años;Mujeres;Valor absoluto;2024T2;15,3
De 65 a 69 años;Mujeres;Valor absoluto;2024T1;16,3
De 65 a 69 años;Mujeres;Valor absoluto;2023T4;10,1
De 65 a 69 años;Mujeres;Valor absoluto;2023T3;15,6
De 65 a 69 años;Mujeres;Valor absoluto;2023T2;13,8
De 65 a 69 años;Mujeres;Valor absoluto;2023T1;12,5
De 65 a 69 años;Mujeres;Valor absoluto;2022T4;9,7
De 65 a 69 años;Mujeres;Valor absoluto;2022T3;8,5
De 65 a 69 años;Mujeres;Valor absoluto;2022T2;6,8
De 65 a 69 años;Mujeres;Valor absoluto;2022T1;9,9
De 65 a 69 años;Mujeres;Valor absoluto;2021T4;7,4
De 65 a 69 años;Mujeres;Valor absoluto;2021T3;8
De 65 a 69 años;Mujeres;Valor absoluto;2021T2;8,1
De 65 a 69 años;Mujeres;Valor absoluto;2021T1;7,2
De 65 a 69 años;Mujeres;Valor absoluto;2020T4;7,2
De 65 a 69 años;Mujeres;Valor absoluto;2020T3;5,9
De 65 a 69 años;Mujeres;Valor absoluto;2020T2;8,3
De 65 a 69 años;Mujeres;Valor absoluto;2020T1;7,1
De 65 a 69 años;Mujeres;Valor absoluto;2019T4;5,3
De 65 a 69 años;Mujeres;Valor absoluto;2019T3;4,2
De 65 a 69 años;Mujeres;Valor absoluto;2019T2;8,5
De 65 a 69 años;Mujeres;Valor absoluto;2019T1;6,5
De 65 a 69 años;Mujeres;Valor absoluto;2018T4;4,9
De 65 a 69 años;Mujeres;Valor absoluto;2018T3;3,5
De 65 a 69 años;Mujeres;Valor absoluto;2018T2;2,7
De 65 a 69 años;Mujeres;Valor absoluto;2018T1;2
De 65 a 69 años;Mujeres;Valor absoluto;2017T4;2,9
De 65 a 69 años;Mujeres;Valor absoluto;2017T3;2,6
De 65 a 69 años;Mujeres;Valor absoluto;2017T2;2,2
De 65 a 69 años;Mujeres;Valor absoluto;2017T1;3,1
De 65 a 69 años;Mujeres;Valor absoluto;2016T4;2,8
De 65 a 69 años;Mujeres;Valor absoluto;2016T3;5,1
De 65 a 69 años;Mujeres;Valor absoluto;2016T2;2,6
De 65 a 69 años;Mujeres;Valor absoluto;2016T1;4,9
De 65 a 69 años;Mujeres;Valor absoluto;2015T4;2,6
De 65 a 69 años;Mujeres;Valor absoluto;2015T3;2,4
De 65 a 69 años;Mujeres;Valor absoluto;2015T2;2,4
De 65 a 69 años;Mujeres;Valor absoluto;2015T1;3,1
De 65 a 69 años;Mujeres;Valor absoluto;2014T4;2,3
De 65 a 69 años;Mujeres;Valor absoluto;2014T3;3,6
De 65 a 69 años;Mujeres;Valor absoluto;2014T2;4,2
De 65 a 69 años;Mujeres;Valor absoluto;2014T1;3,7
De 65 a 69 años;Mujeres;Valor absoluto;2013T4;6,8
De 65 a 69 años;Mujeres;Valor absoluto;2013T3;3,6
De 65 a 69 años;Mujeres;Valor absoluto;2013T2;2,4
De 65 a 69 años;Mujeres;Valor absoluto;2013T1;1,7
De 65 a 69 años;Mujeres;Valor absoluto;2012T4;3,3
De 65 a 69 años;Mujeres;Valor absoluto;2012T3;3,3
De 65 a 69 años;Mujeres;Valor absoluto;2012T2;2,1
De 65 a 69 años;Mujeres;Valor absoluto;2012T1;0,9
De 65 a 69 años;Mujeres;Valor absoluto;2011T4;2,6
De 65 a 69 años;Mujeres;Valor absoluto;2011T3;0,8
De 65 a 69 años;Mujeres;Valor absoluto;2011T2;0,9
De 65 a 69 años;Mujeres;Valor absoluto;2011T1;1,8
De 65 a 69 años;Mujeres;Valor absoluto;2010T4;0,7
De 65 a 69 años;Mujeres;Valor absoluto;2010T3;0,6
De 65 a 69 años;Mujeres;Valor absoluto;2010T2;1
De 65 a 69 años;Mujeres;Valor absoluto;2010T1;0,8
De 65 a 69 años;Mujeres;Valor absoluto;2009T4;0,6
De 65 a 69 años;Mujeres;Valor absoluto;2009T3;1,2
De 65 a 69 años;Mujeres;Valor absoluto;2009T2;1,1
De 65 a 69 años;Mujeres;Valor absoluto;2009T1;2,2
De 65 a 69 años;Mujeres;Valor absoluto;2008T4;2,3
De 65 a 69 años;Mujeres;Valor absoluto;2008T3;3,2
De 65 a 69 años;Mujeres;Valor absoluto;2008T2;2,1
De 65 a 69 años;Mujeres;Valor absoluto;2008T1;1,9
De 65 a 69 años;Mujeres;Valor absoluto;2007T4;0,5
De 65 a 69 años;Mujeres;Valor absoluto;2007T3;1
De 65 a 69 años;Mujeres;Valor absoluto;2007T2;0,8
De 65 a 69 años;Mujeres;Valor absoluto;2007T1;1
De 65 a 69 años;Mujeres;Valor absoluto;2006T4;0,2
De 65 a 69 años;Mujeres;Valor absoluto;2006T3;0,4
De 65 a 69 años;Mujeres;Valor absoluto;2006T2;0,9
De 65 a 69 años;Mujeres;Valor absoluto;2006T1;1,1
De 65 a 69 años;Mujeres;Valor absoluto;2005T4;0,3
De 65 a 69 años;Mujeres;Valor absoluto;2005T3;1,8
De 65 a 69 años;Mujeres;Valor absoluto;2005T2;1,6
De 65 a 69 años;Mujeres;Valor absoluto;2005T1;1,1
De 65 a 69 años;Mujeres;Valor absoluto;2004T4;0,9
De 65 a 69 años;Mujeres;Valor absoluto;2004T3;0,4
De 65 a 69 años;Mujeres;Valor absoluto;2004T2;0,7
De 65 a 69 años;Mujeres;Valor absoluto;2004T1;0,8
De 65 a 69 años;Mujeres;Valor absoluto;2003T4;0,9
De 65 a 69 años;Mujeres;Valor absoluto;2003T3;1
De 65 a 69 años;Mujeres;Valor absoluto;2003T2;1,3
De 65 a 69 años;Mujeres;Valor absoluto;2003T1;0,2
De 65 a 69 años;Mujeres;Valor absoluto;2002T4;0,5
De 65 a 69 años;Mujeres;Valor absoluto;2002T3;0,2
De 65 a 69 años;Mujeres;Valor absoluto;2002T2;0,7
De 65 a 69 años;Mujeres;Valor absoluto;2002T1;0,7
De 65 a 69 años;Mujeres;Porcentaje;2026T1;1,2
De 65 a 69 años;Mujeres;Porcentaje;2025T4;1
De 65 a 69 años;Mujeres;Porcentaje;2025T3;1
De 65 a 69 años;Mujeres;Porcentaje;2025T2;1,1
De 65 a 69 años;Mujeres;Porcentaje;2025T1;1,4
De 65 a 69 años;Mujeres;Porcentaje;2024T4;1,2
De 65 a 69 años;Mujeres;Porcentaje;2024T3;0,8
De 65 a 69 años;Mujeres;Porcentaje;2024T2;1,1
De 65 a 69 años;Mujeres;Porcentaje;2024T1;1
De 65 a 69 años;Mujeres;Porcentaje;2023T4;0,7
De 65 a 69 años;Mujeres;Porcentaje;2023T3;1
De 65 a 69 años;Mujeres;Porcentaje;2023T2;0,9
De 65 a 69 años;Mujeres;Porcentaje;2023T1;0,7
De 65 a 69 años;Mujeres;Porcentaje;2022T4;0,6
De 65 a 69 años;Mujeres;Porcentaje;2022T3;0,5
De 65 a 69 años;Mujeres;Porcentaje;2022T2;0,4
De 65 a 69 años;Mujeres;Porcentaje;2022T1;0,6
De 65 a 69 años;Mujeres;Porcentaje;2021T4;0,4
De 65 a 69 años;Mujeres;Porcentaje;2021T3;0,4
De 65 a 69 años;Mujeres;Porcentaje;2021T2;0,4
De 65 a 69 años;Mujeres;Porcentaje;2021T1;0,4
De 65 a 69 años;Mujeres;Porcentaje;2020T4;0,4
De 65 a 69 años;Mujeres;Porcentaje;2020T3;0,3
De 65 a 69 años;Mujeres;Porcentaje;2020T2;0,5
De 65 a 69 años;Mujeres;Porcentaje;2020T1;0,4
De 65 a 69 años;Mujeres;Porcentaje;2019T4;0,3
De 65 a 69 años;Mujeres;Porcentaje;2019T3;0,2
De 65 a 69 años;Mujeres;Porcentaje;2019T2;0,5
De 65 a 69 años;Mujeres;Porcentaje;2019T1;0,4
De 65 a 69 años;Mujeres;Porcentaje;2018T4;0,3
De 65 a 69 años;Mujeres;Porcentaje;2018T3;0,2
De 65 a 69 años;Mujeres;Porcentaje;2018T2;0,2
De 65 a 69 años;Mujeres;Porcentaje;2018T1;0,1
De 65 a 69 años;Mujeres;Porcentaje;2017T4;0,2
De 65 a 69 años;Mujeres;Porcentaje;2017T3;0,1
De 65 a 69 años;Mujeres;Porcentaje;2017T2;0,1
De 65 a 69 años;Mujeres;Porcentaje;2017T1;0,1
De 65 a 69 años;Mujeres;Porcentaje;2016T4;0,1
De 65 a 69 años;Mujeres;Porcentaje;2016T3;0,2
De 65 a 69 años;Mujeres;Porcentaje;2016T2;0,1
De 65 a 69 años;Mujeres;Porcentaje;2016T1;0,2
De 65 a 69 años;Mujeres;Porcentaje;2015T4;0,1
De 65 a 69 años;Mujeres;Porcentaje;2015T3;0,1
De 65 a 69 años;Mujeres;Porcentaje;2015T2;0,1
De 65 a 69 años;Mujeres;Porcentaje;2015T1;0,1
De 65 a 69 años;Mujeres;Porcentaje;2014T4;0,1
De 65 a 69 años;Mujeres;Porcentaje;2014T3;0,1
De 65 a 69 años;Mujeres;Porcentaje;2014T2;0,2
De 65 a 69 años;Mujeres;Porcentaje;2014T1;0,1
De 65 a 69 años;Mujeres;Porcentaje;2013T4;0,2
De 65 a 69 años;Mujeres;Porcentaje;2013T3;0,1
De 65 a 69 años;Mujeres;Porcentaje;2013T2;0,1
De 65 a 69 años;Mujeres;Porcentaje;2013T1;0,1
De 65 a 69 años;Mujeres;Porcentaje;2012T4;0,1
De 65 a 69 años;Mujeres;Porcentaje;2012T3;0,1
De 65 a 69 años;Mujeres;Porcentaje;2012T2;0,1
De 65 a 69 años;Mujeres;Porcentaje;2012T1;0
De 65 a 69 años;Mujeres;Porcentaje;2011T4;0,1
De 65 a 69 años;Mujeres;Porcentaje;2011T3;0
De 65 a 69 años;Mujeres;Porcentaje;2011T2;0
De 65 a 69 años;Mujeres;Porcentaje;2011T1;0,1
De 65 a 69 años;Mujeres;Porcentaje;2010T4;0
De 65 a 69 años;Mujeres;Porcentaje;2010T3;0
De 65 a 69 años;Mujeres;Porcentaje;2010T2;0
De 65 a 69 años;Mujeres;Porcentaje;2010T1;0
De 65 a 69 años;Mujeres;Porcentaje;2009T4;0
De 65 a 69 años;Mujeres;Porcentaje;2009T3;0,1
De 65 a 69 años;Mujeres;Porcentaje;2009T2;0,1
De 65 a 69 años;Mujeres;Porcentaje;2009T1;0,1
De 65 a 69 años;Mujeres;Porcentaje;2008T4;0,2
De 65 a 69 años;Mujeres;Porcentaje;2008T3;0,3
De 65 a 69 años;Mujeres;Porcentaje;2008T2;0,2
De 65 a 69 años;Mujeres;Porcentaje;2008T1;0,2
De 65 a 69 años;Mujeres;Porcentaje;2007T4;0
De 65 a 69 años;Mujeres;Porcentaje;2007T3;0,1
De 65 a 69 años;Mujeres;Porcentaje;2007T2;0,1
De 65 a 69 años;Mujeres;Porcentaje;2007T1;0,1
De 65 a 69 años;Mujeres;Porcentaje;2006T4;0
De 65 a 69 años;Mujeres;Porcentaje;2006T3;0
De 65 a 69 años;Mujeres;Porcentaje;2006T2;0,1
De 65 a 69 años;Mujeres;Porcentaje;2006T1;0,1
De 65 a 69 años;Mujeres;Porcentaje;2005T4;0
De 65 a 69 años;Mujeres;Porcentaje;2005T3;0,2
De 65 a 69 años;Mujeres;Porcentaje;2005T2;0,2
De 65 a 69 años;Mujeres;Porcentaje;2005T1;0,1
De 65 a 69 años;Mujeres;Porcentaje;2004T4;0,1
De 65 a 69 años;Mujeres;Porcentaje;2004T3;0
De 65 a 69 años;Mujeres;Porcentaje;2004T2;0,1
De 65 a 69 años;Mujeres;Porcentaje;2004T1;0,1
De 65 a 69 años;Mujeres;Porcentaje;2003T4;0,1
De 65 a 69 años;Mujeres;Porcentaje;2003T3;0,1
De 65 a 69 años;Mujeres;Porcentaje;2003T2;0,1
De 65 a 69 años;Mujeres;Porcentaje;2003T1;0
De 65 a 69 años;Mujeres;Porcentaje;2002T4;0
De 65 a 69 años;Mujeres;Porcentaje;2002T3;0
De 65 a 69 años;Mujeres;Porcentaje;2002T2;0,1
De 65 a 69 años;Mujeres;Porcentaje;2002T1;0,1
70 y más años;Ambos sexos;Valor absoluto;2026T1;2,9
70 y más años;Ambos sexos;Valor absoluto;2025T4;3,9
70 y más años;Ambos sexos;Valor absoluto;2025T3;..
70 y más años;Ambos sexos;Valor absoluto;2025T2;1,3
70 y más años;Ambos sexos;Valor absoluto;2025T1;1
70 y más años;Ambos sexos;Valor absoluto;2024T4;1,7
70 y más años;Ambos sexos;Valor absoluto;2024T3;2
70 y más años;Ambos sexos;Valor absoluto;2024T2;0,4
70 y más años;Ambos sexos;Valor absoluto;2024T1;2,5
70 y más años;Ambos sexos;Valor absoluto;2023T4;0,6
70 y más años;Ambos sexos;Valor absoluto;2023T3;4,7
70 y más años;Ambos sexos;Valor absoluto;2023T2;0,8
70 y más años;Ambos sexos;Valor absoluto;2023T1;1,5
70 y más años;Ambos sexos;Valor absoluto;2022T4;2,5
70 y más años;Ambos sexos;Valor absoluto;2022T3;1,2
70 y más años;Ambos sexos;Valor absoluto;2022T2;3,3
70 y más años;Ambos sexos;Valor absoluto;2022T1;1,6
70 y más años;Ambos sexos;Valor absoluto;2021T4;0,4
70 y más años;Ambos sexos;Valor absoluto;2021T3;1
70 y más años;Ambos sexos;Valor absoluto;2021T2;2
70 y más años;Ambos sexos;Valor absoluto;2021T1;1,1
70 y más años;Ambos sexos;Valor absoluto;2020T4;..
70 y más años;Ambos sexos;Valor absoluto;2020T3;2
70 y más años;Ambos sexos;Valor absoluto;2020T2;0,4
70 y más años;Ambos sexos;Valor absoluto;2020T1;0,6
70 y más años;Ambos sexos;Valor absoluto;2019T4;0,6
70 y más años;Ambos sexos;Valor absoluto;2019T3;1
70 y más años;Ambos sexos;Valor absoluto;2019T2;..
70 y más años;Ambos sexos;Valor absoluto;2019T1;0,2
70 y más años;Ambos sexos;Valor absoluto;2018T4;0,2
70 y más años;Ambos sexos;Valor absoluto;2018T3;0,2
70 y más años;Ambos sexos;Valor absoluto;2018T2;0,3
70 y más años;Ambos sexos;Valor absoluto;2018T1;0,2
70 y más años;Ambos sexos;Valor absoluto;2017T4;1
70 y más años;Ambos sexos;Valor absoluto;2017T3;0,7
70 y más años;Ambos sexos;Valor absoluto;2017T2;0,6
70 y más años;Ambos sexos;Valor absoluto;2017T1;0,4
70 y más años;Ambos sexos;Valor absoluto;2016T4;1,2
70 y más años;Ambos sexos;Valor absoluto;2016T3;1,1
70 y más años;Ambos sexos;Valor absoluto;2016T2;1
70 y más años;Ambos sexos;Valor absoluto;2016T1;1,6
70 y más años;Ambos sexos;Valor absoluto;2015T4;0,8
70 y más años;Ambos sexos;Valor absoluto;2015T3;0,5
70 y más años;Ambos sexos;Valor absoluto;2015T2;0,7
70 y más años;Ambos sexos;Valor absoluto;2015T1;..
70 y más años;Ambos sexos;Valor absoluto;2014T4;0,8
70 y más años;Ambos sexos;Valor absoluto;2014T3;1,1
70 y más años;Ambos sexos;Valor absoluto;2014T2;1
70 y más años;Ambos sexos;Valor absoluto;2014T1;..
70 y más años;Ambos sexos;Valor absoluto;2013T4;1,1
70 y más años;Ambos sexos;Valor absoluto;2013T3;0,2
70 y más años;Ambos sexos;Valor absoluto;2013T2;..
70 y más años;Ambos sexos;Valor absoluto;2013T1;0,1
70 y más años;Ambos sexos;Valor absoluto;2012T4;0,5
70 y más años;Ambos sexos;Valor absoluto;2012T3;..
70 y más años;Ambos sexos;Valor absoluto;2012T2;0,1
70 y más años;Ambos sexos;Valor absoluto;2012T1;1,5
70 y más años;Ambos sexos;Valor absoluto;2011T4;..
70 y más años;Ambos sexos;Valor absoluto;2011T3;0,6
70 y más años;Ambos sexos;Valor absoluto;2011T2;1,6
70 y más años;Ambos sexos;Valor absoluto;2011T1;1,4
70 y más años;Ambos sexos;Valor absoluto;2010T4;0,8
70 y más años;Ambos sexos;Valor absoluto;2010T3;0,6
70 y más años;Ambos sexos;Valor absoluto;2010T2;0,3
70 y más años;Ambos sexos;Valor absoluto;2010T1;..
70 y más años;Ambos sexos;Valor absoluto;2009T4;0,5
70 y más años;Ambos sexos;Valor absoluto;2009T3;..
70 y más años;Ambos sexos;Valor absoluto;2009T2;0,4
70 y más años;Ambos sexos;Valor absoluto;2009T1;..
70 y más años;Ambos sexos;Valor absoluto;2008T4;0,3
70 y más años;Ambos sexos;Valor absoluto;2008T3;0,2
70 y más años;Ambos sexos;Valor absoluto;2008T2;0,3
70 y más años;Ambos sexos;Valor absoluto;2008T1;..
70 y más años;Ambos sexos;Valor absoluto;2007T4;0,2
70 y más años;Ambos sexos;Valor absoluto;2007T3;0,1
70 y más años;Ambos sexos;Valor absoluto;2007T2;0,3
70 y más años;Ambos sexos;Valor absoluto;2007T1;0,8
70 y más años;Ambos sexos;Valor absoluto;2006T4;0,8
70 y más años;Ambos sexos;Valor absoluto;2006T3;0,3
70 y más años;Ambos sexos;Valor absoluto;2006T2;0,1
70 y más años;Ambos sexos;Valor absoluto;2006T1;0,4
70 y más años;Ambos sexos;Valor absoluto;2005T4;0,3
70 y más años;Ambos sexos;Valor absoluto;2005T3;1,8
70 y más años;Ambos sexos;Valor absoluto;2005T2;0,4
70 y más años;Ambos sexos;Valor absoluto;2005T1;0,2
70 y más años;Ambos sexos;Valor absoluto;2004T4;0,5
70 y más años;Ambos sexos;Valor absoluto;2004T3;0,6
70 y más años;Ambos sexos;Valor absoluto;2004T2;..
70 y más años;Ambos sexos;Valor absoluto;2004T1;..
70 y más años;Ambos sexos;Valor absoluto;2003T4;1,1
70 y más años;Ambos sexos;Valor absoluto;2003T3;0,2
70 y más años;Ambos sexos;Valor absoluto;2003T2;0,1
70 y más años;Ambos sexos;Valor absoluto;2003T1;0,6
70 y más años;Ambos sexos;Valor absoluto;2002T4;0,2
70 y más años;Ambos sexos;Valor absoluto;2002T3;..
70 y más años;Ambos sexos;Valor absoluto;2002T2;..
70 y más años;Ambos sexos;Valor absoluto;2002T1;0,6
70 y más años;Ambos sexos;Porcentaje;2026T1;0,1
70 y más años;Ambos sexos;Porcentaje;2025T4;0,2
70 y más años;Ambos sexos;Porcentaje;2025T3;..
70 y más años;Ambos sexos;Porcentaje;2025T2;0,1
70 y más años;Ambos sexos;Porcentaje;2025T1;0
70 y más años;Ambos sexos;Porcentaje;2024T4;0,1
70 y más años;Ambos sexos;Porcentaje;2024T3;0,1
70 y más años;Ambos sexos;Porcentaje;2024T2;0
70 y más años;Ambos sexos;Porcentaje;2024T1;0,1
70 y más años;Ambos sexos;Porcentaje;2023T4;0
70 y más años;Ambos sexos;Porcentaje;2023T3;0,2
70 y más años;Ambos sexos;Porcentaje;2023T2;0
70 y más años;Ambos sexos;Porcentaje;2023T1;0
70 y más años;Ambos sexos;Porcentaje;2022T4;0,1
70 y más años;Ambos sexos;Porcentaje;2022T3;0
70 y más años;Ambos sexos;Porcentaje;2022T2;0,1
70 y más años;Ambos sexos;Porcentaje;2022T1;0
70 y más años;Ambos sexos;Porcentaje;2021T4;0
70 y más años;Ambos sexos;Porcentaje;2021T3;0
70 y más años;Ambos sexos;Porcentaje;2021T2;0,1
70 y más años;Ambos sexos;Porcentaje;2021T1;0
70 y más años;Ambos sexos;Porcentaje;2020T4;0
70 y más años;Ambos sexos;Porcentaje;2020T3;0,1
70 y más años;Ambos sexos;Porcentaje;2020T2;0
70 y más años;Ambos sexos;Porcentaje;2020T1;0
70 y más años;Ambos sexos;Porcentaje;2019T4;0
70 y más años;Ambos sexos;Porcentaje;2019T3;0
70 y más años;Ambos sexos;Porcentaje;2019T2;0
70 y más años;Ambos sexos;Porcentaje;2019T1;0
70 y más años;Ambos sexos;Porcentaje;2018T4;0
70 y más años;Ambos sexos;Porcentaje;2018T3;0
70 y más años;Ambos sexos;Porcentaje;2018T2;0
70 y más años;Ambos sexos;Porcentaje;2018T1;0
70 y más años;Ambos sexos;Porcentaje;2017T4;0
70 y más años;Ambos sexos;Porcentaje;2017T3;0
70 y más años;Ambos sexos;Porcentaje;2017T2;0
70 y más años;Ambos sexos;Porcentaje;2017T1;0
70 y más años;Ambos sexos;Porcentaje;2016T4;0
70 y más años;Ambos sexos;Porcentaje;2016T3;0
70 y más años;Ambos sexos;Porcentaje;2016T2;0
70 y más años;Ambos sexos;Porcentaje;2016T1;0
70 y más años;Ambos sexos;Porcentaje;2015T4;0
70 y más años;Ambos sexos;Porcentaje;2015T3;0
70 y más años;Ambos sexos;Porcentaje;2015T2;0
70 y más años;Ambos sexos;Porcentaje;2015T1;0
70 y más años;Ambos sexos;Porcentaje;2014T4;0
70 y más años;Ambos sexos;Porcentaje;2014T3;0
70 y más años;Ambos sexos;Porcentaje;2014T2;0
70 y más años;Ambos sexos;Porcentaje;2014T1;0
70 y más años;Ambos sexos;Porcentaje;2013T4;0
70 y más años;Ambos sexos;Porcentaje;2013T3;0
70 y más años;Ambos sexos;Porcentaje;2013T2;0
70 y más años;Ambos sexos;Porcentaje;2013T1;0
70 y más años;Ambos sexos;Porcentaje;2012T4;0
70 y más años;Ambos sexos;Porcentaje;2012T3;0
70 y más años;Ambos sexos;Porcentaje;2012T2;0
70 y más años;Ambos sexos;Porcentaje;2012T1;0
70 y más años;Ambos sexos;Porcentaje;2011T4;0
70 y más años;Ambos sexos;Porcentaje;2011T3;0
70 y más años;Ambos sexos;Porcentaje;2011T2;0
70 y más años;Ambos sexos;Porcentaje;2011T1;0
70 y más años;Ambos sexos;Porcentaje;2010T4;0
70 y más años;Ambos sexos;Porcentaje;2010T3;0
70 y más años;Ambos sexos;Porcentaje;2010T2;0
70 y más años;Ambos sexos;Porcentaje;2010T1;0
70 y más años;Ambos sexos;Porcentaje;2009T4;0
70 y más años;Ambos sexos;Porcentaje;2009T3;0
70 y más años;Ambos sexos;Porcentaje;2009T2;0
70 y más años;Ambos sexos;Porcentaje;2009T1;0
70 y más años;Ambos sexos;Porcentaje;2008T4;0
70 y más años;Ambos sexos;Porcentaje;2008T3;0
70 y más años;Ambos sexos;Porcentaje;2008T2;0
70 y más años;Ambos sexos;Porcentaje;2008T1;0
70 y más años;Ambos sexos;Porcentaje;2007T4;0
70 y más años;Ambos sexos;Porcentaje;2007T3;0
70 y más años;Ambos sexos;Porcentaje;2007T2;0
70 y más años;Ambos sexos;Porcentaje;2007T1;0
70 y más años;Ambos sexos;Porcentaje;2006T4;0
70 y más años;Ambos sexos;Porcentaje;2006T3;0
70 y más años;Ambos sexos;Porcentaje;2006T2;0
70 y más años;Ambos sexos;Porcentaje;2006T1;0
70 y más años;Ambos sexos;Porcentaje;2005T4;0
70 y más años;Ambos sexos;Porcentaje;2005T3;0,1
70 y más años;Ambos sexos;Porcentaje;2005T2;0
70 y más años;Ambos sexos;Porcentaje;2005T1;0
70 y más años;Ambos sexos;Porcentaje;2004T4;0
70 y más años;Ambos sexos;Porcentaje;2004T3;0
70 y más años;Ambos sexos;Porcentaje;2004T2;0
70 y más años;Ambos sexos;Porcentaje;2004T1;0
70 y más años;Ambos sexos;Porcentaje;2003T4;0
70 y más años;Ambos sexos;Porcentaje;2003T3;0
70 y más años;Ambos sexos;Porcentaje;2003T2;0
70 y más años;Ambos sexos;Porcentaje;2003T1;0
70 y más años;Ambos sexos;Porcentaje;2002T4;0
70 y más años;Ambos sexos;Porcentaje;2002T3;0
70 y más años;Ambos sexos;Porcentaje;2002T2;0
70 y más años;Ambos sexos;Porcentaje;2002T1;0
70 y más años;Hombres;Valor absoluto;2026T1;1,8
70 y más años;Hombres;Valor absoluto;2025T4;3,2
70 y más años;Hombres;Valor absoluto;2025T3;..
70 y más años;Hombres;Valor absoluto;2025T2;..
70 y más años;Hombres;Valor absoluto;2025T1;0,7
70 y más años;Hombres;Valor absoluto;2024T4;1
70 y más años;Hombres;Valor absoluto;2024T3;1,5
70 y más años;Hombres;Valor absoluto;2024T2;..
70 y más años;Hombres;Valor absoluto;2024T1;2
70 y más años;Hombres;Valor absoluto;2023T4;0,6
70 y más años;Hombres;Valor absoluto;2023T3;3,1
70 y más años;Hombres;Valor absoluto;2023T2;0,2
70 y más años;Hombres;Valor absoluto;2023T1;1,5
70 y más años;Hombres;Valor absoluto;2022T4;2,1
70 y más años;Hombres;Valor absoluto;2022T3;0,9
70 y más años;Hombres;Valor absoluto;2022T2;2,6
70 y más años;Hombres;Valor absoluto;2022T1;0,6
70 y más años;Hombres;Valor absoluto;2021T4;0,4
70 y más años;Hombres;Valor absoluto;2021T3;1
70 y más años;Hombres;Valor absoluto;2021T2;1
70 y más años;Hombres;Valor absoluto;2021T1;1
70 y más años;Hombres;Valor absoluto;2020T4;..
70 y más años;Hombres;Valor absoluto;2020T3;1,2
70 y más años;Hombres;Valor absoluto;2020T2;0,4
70 y más años;Hombres;Valor absoluto;2020T1;0,2
70 y más años;Hombres;Valor absoluto;2019T4;0,6
70 y más años;Hombres;Valor absoluto;2019T3;1
70 y más años;Hombres;Valor absoluto;2019T2;..
70 y más años;Hombres;Valor absoluto;2019T1;0,1
70 y más años;Hombres;Valor absoluto;2018T4;..
70 y más años;Hombres;Valor absoluto;2018T3;..
70 y más años;Hombres;Valor absoluto;2018T2;..
70 y más años;Hombres;Valor absoluto;2018T1;..
70 y más años;Hombres;Valor absoluto;2017T4;0,2
70 y más años;Hombres;Valor absoluto;2017T3;0,2
70 y más años;Hombres;Valor absoluto;2017T2;..
70 y más años;Hombres;Valor absoluto;2017T1;0,4
70 y más años;Hombres;Valor absoluto;2016T4;0,6
70 y más años;Hombres;Valor absoluto;2016T3;1
70 y más años;Hombres;Valor absoluto;2016T2;0,6
70 y más años;Hombres;Valor absoluto;2016T1;1,3
70 y más años;Hombres;Valor absoluto;2015T4;0,5
70 y más años;Hombres;Valor absoluto;2015T3;0,5
70 y más años;Hombres;Valor absoluto;2015T2;0,7
70 y más años;Hombres;Valor absoluto;2015T1;..
70 y más años;Hombres;Valor absoluto;2014T4;0,8
70 y más años;Hombres;Valor absoluto;2014T3;0,7
70 y más años;Hombres;Valor absoluto;2014T2;0,6
70 y más años;Hombres;Valor absoluto;2014T1;..
70 y más años;Hombres;Valor absoluto;2013T4;0,1
70 y más años;Hombres;Valor absoluto;2013T3;0,2
70 y más años;Hombres;Valor absoluto;2013T2;..
70 y más años;Hombres;Valor absoluto;2013T1;..
70 y más años;Hombres;Valor absoluto;2012T4;..
70 y más años;Hombres;Valor absoluto;2012T3;..
70 y más años;Hombres;Valor absoluto;2012T2;..
70 y más años;Hombres;Valor absoluto;2012T1;0,1
70 y más años;Hombres;Valor absoluto;2011T4;..
70 y más años;Hombres;Valor absoluto;2011T3;0,6
70 y más años;Hombres;Valor absoluto;2011T2;0,5
70 y más años;Hombres;Valor absoluto;2011T1;1,4
70 y más años;Hombres;Valor absoluto;2010T4;0,8
70 y más años;Hombres;Valor absoluto;2010T3;0,6
70 y más años;Hombres;Valor absoluto;2010T2;..
70 y más años;Hombres;Valor absoluto;2010T1;..
70 y más años;Hombres;Valor absoluto;2009T4;..
70 y más años;Hombres;Valor absoluto;2009T3;..
70 y más años;Hombres;Valor absoluto;2009T2;..
70 y más años;Hombres;Valor absoluto;2009T1;..
70 y más años;Hombres;Valor absoluto;2008T4;..
70 y más años;Hombres;Valor absoluto;2008T3;..
70 y más años;Hombres;Valor absoluto;2008T2;..
70 y más años;Hombres;Valor absoluto;2008T1;..
70 y más años;Hombres;Valor absoluto;2007T4;..
70 y más años;Hombres;Valor absoluto;2007T3;..
70 y más años;Hombres;Valor absoluto;2007T2;0,3
70 y más años;Hombres;Valor absoluto;2007T1;0,4
70 y más años;Hombres;Valor absoluto;2006T4;..
70 y más años;Hombres;Valor absoluto;2006T3;..
70 y más años;Hombres;Valor absoluto;2006T2;0,1
70 y más años;Hombres;Valor absoluto;2006T1;0,4
70 y más años;Hombres;Valor absoluto;2005T4;0,1
70 y más años;Hombres;Valor absoluto;2005T3;0,6
70 y más años;Hombres;Valor absoluto;2005T2;..
70 y más años;Hombres;Valor absoluto;2005T1;0,2
70 y más años;Hombres;Valor absoluto;2004T4;0,5
70 y más años;Hombres;Valor absoluto;2004T3;..
70 y más años;Hombres;Valor absoluto;2004T2;..
70 y más años;Hombres;Valor absoluto;2004T1;..
70 y más años;Hombres;Valor absoluto;2003T4;0,1
70 y más años;Hombres;Valor absoluto;2003T3;..
70 y más años;Hombres;Valor absoluto;2003T2;0,1
70 y más años;Hombres;Valor absoluto;2003T1;0,6
70 y más años;Hombres;Valor absoluto;2002T4;..
70 y más años;Hombres;Valor absoluto;2002T3;..
70 y más años;Hombres;Valor absoluto;2002T2;..
70 y más años;Hombres;Valor absoluto;2002T1;0,5
70 y más años;Hombres;Porcentaje;2026T1;0,1
70 y más años;Hombres;Porcentaje;2025T4;0,3
70 y más años;Hombres;Porcentaje;2025T3;..
70 y más años;Hombres;Porcentaje;2025T2;..
70 y más años;Hombres;Porcentaje;2025T1;0,1
70 y más años;Hombres;Porcentaje;2024T4;0,1
70 y más años;Hombres;Porcentaje;2024T3;0,1
70 y más años;Hombres;Porcentaje;2024T2;..
70 y más años;Hombres;Porcentaje;2024T1;0,1
70 y más años;Hombres;Porcentaje;2023T4;0
70 y más años;Hombres;Porcentaje;2023T3;0,2
70 y más años;Hombres;Porcentaje;2023T2;0
70 y más años;Hombres;Porcentaje;2023T1;0,1
70 y más años;Hombres;Porcentaje;2022T4;0,1
70 y más años;Hombres;Porcentaje;2022T3;0,1
70 y más años;Hombres;Porcentaje;2022T2;0,2
70 y más años;Hombres;Porcentaje;2022T1;0
70 y más años;Hombres;Porcentaje;2021T4;0
70 y más años;Hombres;Porcentaje;2021T3;0,1
70 y más años;Hombres;Porcentaje;2021T2;0,1
70 y más años;Hombres;Porcentaje;2021T1;0,1
70 y más años;Hombres;Porcentaje;2020T4;0
70 y más años;Hombres;Porcentaje;2020T3;0,1
70 y más años;Hombres;Porcentaje;2020T2;0
70 y más años;Hombres;Porcentaje;2020T1;0
70 y más años;Hombres;Porcentaje;2019T4;0
70 y más años;Hombres;Porcentaje;2019T3;0,1
70 y más años;Hombres;Porcentaje;2019T2;0
70 y más años;Hombres;Porcentaje;2019T1;0
70 y más años;Hombres;Porcentaje;2018T4;0
70 y más años;Hombres;Porcentaje;2018T3;0
70 y más años;Hombres;Porcentaje;2018T2;0
70 y más años;Hombres;Porcentaje;2018T1;0
70 y más años;Hombres;Porcentaje;2017T4;0
70 y más años;Hombres;Porcentaje;2017T3;0
70 y más años;Hombres;Porcentaje;2017T2;0
70 y más años;Hombres;Porcentaje;2017T1;0
70 y más años;Hombres;Porcentaje;2016T4;0
70 y más años;Hombres;Porcentaje;2016T3;0
70 y más años;Hombres;Porcentaje;2016T2;0
70 y más años;Hombres;Porcentaje;2016T1;0,1
70 y más años;Hombres;Porcentaje;2015T4;0
70 y más años;Hombres;Porcentaje;2015T3;0
70 y más años;Hombres;Porcentaje;2015T2;0
70 y más años;Hombres;Porcentaje;2015T1;0
70 y más años;Hombres;Porcentaje;2014T4;0
70 y más años;Hombres;Porcentaje;2014T3;0
70 y más años;Hombres;Porcentaje;2014T2;0
70 y más años;Hombres;Porcentaje;2014T1;0
70 y más años;Hombres;Porcentaje;2013T4;0
70 y más años;Hombres;Porcentaje;2013T3;0
70 y más años;Hombres;Porcentaje;2013T2;0
70 y más años;Hombres;Porcentaje;2013T1;0
70 y más años;Hombres;Porcentaje;2012T4;0
70 y más años;Hombres;Porcentaje;2012T3;0
70 y más años;Hombres;Porcentaje;2012T2;0
70 y más años;Hombres;Porcentaje;2012T1;0
70 y más años;Hombres;Porcentaje;2011T4;0
70 y más años;Hombres;Porcentaje;2011T3;0
70 y más años;Hombres;Porcentaje;2011T2;0
70 y más años;Hombres;Porcentaje;2011T1;0,1
70 y más años;Hombres;Porcentaje;2010T4;0
70 y más años;Hombres;Porcentaje;2010T3;0
70 y más años;Hombres;Porcentaje;2010T2;0
70 y más años;Hombres;Porcentaje;2010T1;0
70 y más años;Hombres;Porcentaje;2009T4;0
70 y más años;Hombres;Porcentaje;2009T3;0
70 y más años;Hombres;Porcentaje;2009T2;0
70 y más años;Hombres;Porcentaje;2009T1;0
70 y más años;Hombres;Porcentaje;2008T4;0
70 y más años;Hombres;Porcentaje;2008T3;0
70 y más años;Hombres;Porcentaje;2008T2;0
70 y más años;Hombres;Porcentaje;2008T1;0
70 y más años;Hombres;Porcentaje;2007T4;0
70 y más años;Hombres;Porcentaje;2007T3;0
70 y más años;Hombres;Porcentaje;2007T2;0
70 y más años;Hombres;Porcentaje;2007T1;0,1
70 y más años;Hombres;Porcentaje;2006T4;0
70 y más años;Hombres;Porcentaje;2006T3;0
70 y más años;Hombres;Porcentaje;2006T2;0
70 y más años;Hombres;Porcentaje;2006T1;0
70 y más años;Hombres;Porcentaje;2005T4;0
70 y más años;Hombres;Porcentaje;2005T3;0,1
70 y más años;Hombres;Porcentaje;2005T2;0
70 y más años;Hombres;Porcentaje;2005T1;0
70 y más años;Hombres;Porcentaje;2004T4;0,1
70 y más años;Hombres;Porcentaje;2004T3;0
70 y más años;Hombres;Porcentaje;2004T2;0
70 y más años;Hombres;Porcentaje;2004T1;0
70 y más años;Hombres;Porcentaje;2003T4;0
70 y más años;Hombres;Porcentaje;2003T3;0
70 y más años;Hombres;Porcentaje;2003T2;0
70 y más años;Hombres;Porcentaje;2003T1;0,1
70 y más años;Hombres;Porcentaje;2002T4;0
70 y más años;Hombres;Porcentaje;2002T3;0
70 y más años;Hombres;Porcentaje;2002T2;0
70 y más años;Hombres;Porcentaje;2002T1;0,1
70 y más años;Mujeres;Valor absoluto;2026T1;1,2
70 y más años;Mujeres;Valor absoluto;2025T4;0,7
70 y más años;Mujeres;Valor absoluto;2025T3;..
70 y más años;Mujeres;Valor absoluto;2025T2;1,3
70 y más años;Mujeres;Valor absoluto;2025T1;0,3
70 y más años;Mujeres;Valor absoluto;2024T4;0,7
70 y más años;Mujeres;Valor absoluto;2024T3;0,5
70 y más años;Mujeres;Valor absoluto;2024T2;0,4
70 y más años;Mujeres;Valor absoluto;2024T1;0,5
70 y más años;Mujeres;Valor absoluto;2023T4;..
70 y más años;Mujeres;Valor absoluto;2023T3;1,7
70 y más años;Mujeres;Valor absoluto;2023T2;0,6
70 y más años;Mujeres;Valor absoluto;2023T1;..
70 y más años;Mujeres;Valor absoluto;2022T4;0,3
70 y más años;Mujeres;Valor absoluto;2022T3;0,3
70 y más años;Mujeres;Valor absoluto;2022T2;0,7
70 y más años;Mujeres;Valor absoluto;2022T1;1
70 y más años;Mujeres;Valor absoluto;2021T4;..
70 y más años;Mujeres;Valor absoluto;2021T3;..
70 y más años;Mujeres;Valor absoluto;2021T2;1
70 y más años;Mujeres;Valor absoluto;2021T1;0,1
70 y más años;Mujeres;Valor absoluto;2020T4;..
70 y más años;Mujeres;Valor absoluto;2020T3;0,8
70 y más años;Mujeres;Valor absoluto;2020T2;..
70 y más años;Mujeres;Valor absoluto;2020T1;0,4
70 y más años;Mujeres;Valor absoluto;2019T4;..
70 y más años;Mujeres;Valor absoluto;2019T3;..
70 y más años;Mujeres;Valor absoluto;2019T2;..
70 y más años;Mujeres;Valor absoluto;2019T1;0,1
70 y más años;Mujeres;Valor absoluto;2018T4;0,2
70 y más años;Mujeres;Valor absoluto;2018T3;0,2
70 y más años;Mujeres;Valor absoluto;2018T2;0,3
70 y más años;Mujeres;Valor absoluto;2018T1;0,2
70 y más años;Mujeres;Valor absoluto;2017T4;0,8
70 y más años;Mujeres;Valor absoluto;2017T3;0,6
70 y más años;Mujeres;Valor absoluto;2017T2;0,6
70 y más años;Mujeres;Valor absoluto;2017T1;..
70 y más años;Mujeres;Valor absoluto;2016T4;0,6
70 y más años;Mujeres;Valor absoluto;2016T3;0,2
70 y más años;Mujeres;Valor absoluto;2016T2;0,4
70 y más años;Mujeres;Valor absoluto;2016T1;0,3
70 y más años;Mujeres;Valor absoluto;2015T4;0,4
70 y más años;Mujeres;Valor absoluto;2015T3;..
70 y más años;Mujeres;Valor absoluto;2015T2;..
70 y más años;Mujeres;Valor absoluto;2015T1;..
70 y más años;Mujeres;Valor absoluto;2014T4;..
70 y más años;Mujeres;Valor absoluto;2014T3;0,4
70 y más años;Mujeres;Valor absoluto;2014T2;0,4
70 y más años;Mujeres;Valor absoluto;2014T1;..
70 y más años;Mujeres;Valor absoluto;2013T4;1
70 y más años;Mujeres;Valor absoluto;2013T3;..
70 y más años;Mujeres;Valor absoluto;2013T2;..
70 y más años;Mujeres;Valor absoluto;2013T1;0,1
70 y más años;Mujeres;Valor absoluto;2012T4;0,5
70 y más años;Mujeres;Valor absoluto;2012T3;..
70 y más años;Mujeres;Valor absoluto;2012T2;0,1
70 y más años;Mujeres;Valor absoluto;2012T1;1,3
70 y más años;Mujeres;Valor absoluto;2011T4;..
70 y más años;Mujeres;Valor absoluto;2011T3;..
70 y más años;Mujeres;Valor absoluto;2011T2;1,1
70 y más años;Mujeres;Valor absoluto;2011T1;0,1
70 y más años;Mujeres;Valor absoluto;2010T4;..
70 y más años;Mujeres;Valor absoluto;2010T3;..
70 y más años;Mujeres;Valor absoluto;2010T2;0,3
70 y más años;Mujeres;Valor absoluto;2010T1;..
70 y más años;Mujeres;Valor absoluto;2009T4;0,5
70 y más años;Mujeres;Valor absoluto;2009T3;..
70 y más años;Mujeres;Valor absoluto;2009T2;0,4
70 y más años;Mujeres;Valor absoluto;2009T1;..
70 y más años;Mujeres;Valor absoluto;2008T4;0,3
70 y más años;Mujeres;Valor absoluto;2008T3;0,2
70 y más años;Mujeres;Valor absoluto;2008T2;0,3
70 y más años;Mujeres;Valor absoluto;2008T1;..
70 y más años;Mujeres;Valor absoluto;2007T4;0,2
70 y más años;Mujeres;Valor absoluto;2007T3;0,1
70 y más años;Mujeres;Valor absoluto;2007T2;..
70 y más años;Mujeres;Valor absoluto;2007T1;0,4
70 y más años;Mujeres;Valor absoluto;2006T4;0,8
70 y más años;Mujeres;Valor absoluto;2006T3;0,3
70 y más años;Mujeres;Valor absoluto;2006T2;..
70 y más años;Mujeres;Valor absoluto;2006T1;..
70 y más años;Mujeres;Valor absoluto;2005T4;0,2
70 y más años;Mujeres;Valor absoluto;2005T3;1,3
70 y más años;Mujeres;Valor absoluto;2005T2;0,4
70 y más años;Mujeres;Valor absoluto;2005T1;..
70 y más años;Mujeres;Valor absoluto;2004T4;..
70 y más años;Mujeres;Valor absoluto;2004T3;0,6
70 y más años;Mujeres;Valor absoluto;2004T2;..
70 y más años;Mujeres;Valor absoluto;2004T1;..
70 y más años;Mujeres;Valor absoluto;2003T4;0,9
70 y más años;Mujeres;Valor absoluto;2003T3;0,2
70 y más años;Mujeres;Valor absoluto;2003T2;..
70 y más años;Mujeres;Valor absoluto;2003T1;..
70 y más años;Mujeres;Valor absoluto;2002T4;0,2
70 y más años;Mujeres;Valor absoluto;2002T3;..
70 y más años;Mujeres;Valor absoluto;2002T2;..
70 y más años;Mujeres;Valor absoluto;2002T1;0,1
70 y más años;Mujeres;Porcentaje;2026T1;0,1
70 y más años;Mujeres;Porcentaje;2025T4;0,1
70 y más años;Mujeres;Porcentaje;2025T3;..
70 y más años;Mujeres;Porcentaje;2025T2;0,1
70 y más años;Mujeres;Porcentaje;2025T1;0
70 y más años;Mujeres;Porcentaje;2024T4;0,1
70 y más años;Mujeres;Porcentaje;2024T3;0
70 y más años;Mujeres;Porcentaje;2024T2;0
70 y más años;Mujeres;Porcentaje;2024T1;0
70 y más años;Mujeres;Porcentaje;2023T4;..
70 y más años;Mujeres;Porcentaje;2023T3;0,1
70 y más años;Mujeres;Porcentaje;2023T2;0
70 y más años;Mujeres;Porcentaje;2023T1;..
70 y más años;Mujeres;Porcentaje;2022T4;0
70 y más años;Mujeres;Porcentaje;2022T3;0
70 y más años;Mujeres;Porcentaje;2022T2;0
70 y más años;Mujeres;Porcentaje;2022T1;0,1
70 y más años;Mujeres;Porcentaje;2021T4;..
70 y más años;Mujeres;Porcentaje;2021T3;..
70 y más años;Mujeres;Porcentaje;2021T2;0,1
70 y más años;Mujeres;Porcentaje;2021T1;0
70 y más años;Mujeres;Porcentaje;2020T4;0
70 y más años;Mujeres;Porcentaje;2020T3;0
70 y más años;Mujeres;Porcentaje;2020T2;0
70 y más años;Mujeres;Porcentaje;2020T1;0
70 y más años;Mujeres;Porcentaje;2019T4;0
70 y más años;Mujeres;Porcentaje;2019T3;0
70 y más años;Mujeres;Porcentaje;2019T2;0
70 y más años;Mujeres;Porcentaje;2019T1;0
70 y más años;Mujeres;Porcentaje;2018T4;0
70 y más años;Mujeres;Porcentaje;2018T3;0
70 y más años;Mujeres;Porcentaje;2018T2;0
70 y más años;Mujeres;Porcentaje;2018T1;0
70 y más años;Mujeres;Porcentaje;2017T4;0
70 y más años;Mujeres;Porcentaje;2017T3;0
70 y más años;Mujeres;Porcentaje;2017T2;0
70 y más años;Mujeres;Porcentaje;2017T1;0
70 y más años;Mujeres;Porcentaje;2016T4;0
70 y más años;Mujeres;Porcentaje;2016T3;0
70 y más años;Mujeres;Porcentaje;2016T2;0
70 y más años;Mujeres;Porcentaje;2016T1;0
70 y más años;Mujeres;Porcentaje;2015T4;0
70 y más años;Mujeres;Porcentaje;2015T3;0
70 y más años;Mujeres;Porcentaje;2015T2;0
70 y más años;Mujeres;Porcentaje;2015T1;0
70 y más años;Mujeres;Porcentaje;2014T4;0
70 y más años;Mujeres;Porcentaje;2014T3;0
70 y más años;Mujeres;Porcentaje;2014T2;0
70 y más años;Mujeres;Porcentaje;2014T1;0
70 y más años;Mujeres;Porcentaje;2013T4;0
70 y más años;Mujeres;Porcentaje;2013T3;0
70 y más años;Mujeres;Porcentaje;2013T2;0
70 y más años;Mujeres;Porcentaje;2013T1;0
70 y más años;Mujeres;Porcentaje;2012T4;0
70 y más años;Mujeres;Porcentaje;2012T3;0
70 y más años;Mujeres;Porcentaje;2012T2;0
70 y más años;Mujeres;Porcentaje;2012T1;0,1
70 y más años;Mujeres;Porcentaje;2011T4;0
70 y más años;Mujeres;Porcentaje;2011T3;0
70 y más años;Mujeres;Porcentaje;2011T2;0
70 y más años;Mujeres;Porcentaje;2011T1;0
70 y más años;Mujeres;Porcentaje;2010T4;0
70 y más años;Mujeres;Porcentaje;2010T3;0
70 y más años;Mujeres;Porcentaje;2010T2;0
70 y más años;Mujeres;Porcentaje;2010T1;0
70 y más años;Mujeres;Porcentaje;2009T4;0
70 y más años;Mujeres;Porcentaje;2009T3;0
70 y más años;Mujeres;Porcentaje;2009T2;0
70 y más años;Mujeres;Porcentaje;2009T1;0
70 y más años;Mujeres;Porcentaje;2008T4;0
70 y más años;Mujeres;Porcentaje;2008T3;0
70 y más años;Mujeres;Porcentaje;2008T2;0
70 y más años;Mujeres;Porcentaje;2008T1;0
70 y más años;Mujeres;Porcentaje;2007T4;0
70 y más años;Mujeres;Porcentaje;2007T3;0
70 y más años;Mujeres;Porcentaje;2007T2;0
70 y más años;Mujeres;Porcentaje;2007T1;0
70 y más años;Mujeres;Porcentaje;2006T4;0,1
70 y más años;Mujeres;Porcentaje;2006T3;0
70 y más años;Mujeres;Porcentaje;2006T2;0
70 y más años;Mujeres;Porcentaje;2006T1;0
70 y más años;Mujeres;Porcentaje;2005T4;0
70 y más años;Mujeres;Porcentaje;2005T3;0,1
70 y más años;Mujeres;Porcentaje;2005T2;0
70 y más años;Mujeres;Porcentaje;2005T1;0
70 y más años;Mujeres;Porcentaje;2004T4;0
70 y más años;Mujeres;Porcentaje;2004T3;0,1
70 y más años;Mujeres;Porcentaje;2004T2;0
70 y más años;Mujeres;Porcentaje;2004T1;0
70 y más años;Mujeres;Porcentaje;2003T4;0,1
70 y más años;Mujeres;Porcentaje;2003T3;0
70 y más años;Mujeres;Porcentaje;2003T2;0
70 y más años;Mujeres;Porcentaje;2003T1;0
70 y más años;Mujeres;Porcentaje;2002T4;0
70 y más años;Mujeres;Porcentaje;2002T3;0
70 y más años;Mujeres;Porcentaje;2002T2;0
70 y más años;Mujeres;Porcentaje;2002T1;0
